Country;Latitude;Longitude;Eastings_X;Northings_Y;Region;Site;Architecture;Architecture_note;LabNumber;C14;STD;Delta13C;Delta15N;MarineResources;AquaticResources;DeltaR;DeltaRErr;Food.source;Material;Context;Context_summary;Source;MainBibliography;Bibliography;Observations;Excluded;Reason_for_exclusion
Portugal;39,70853822;-7,983356294;587149;4395902;Tagus basins;Anta de Lajinha;Passage grave;n/a;ITNLUM-203;2000;200;n/a;n/a;n/a;n/a;n/a;n/a;n/a;Regolith (quartz);Mound. Dated by OSL;Mound;Burbidge et al 2014;n/a;Burbidge et al 2014/Lozano Medina 2017;n/a;Yes;Outlier
Spain;40,049527;3,88244;1600399;4513594;East;Cala Morell;Rock-cut-tomb, artificial cave & hypogeum;n/a;UtC-4354;2080;25;n/a;n/a;n/a;n/a;n/a;n/a;Meat and vegetables. Low indices of marine resources;Human bone;Chamber;Chamber;Mico Perez  2005/Van Strydonck et al 2005;n/a;Mico Perez  2005/Van Strydonck et al 2005;n/a;Yes;Outlier
Spain;37,40986043;-6,059052883;760292;4144401;South;Montelirio;Tholos;n/a;Erl-17298;2439;58;n/a;n/a;n/a;n/a;n/a;n/a;C3 plants and terrestrial animals;Ivory;Megalithic grave;Funerary area;Garcia Sanjuan et al 2008;n/a;Garcia Sanjuan et al 2008;n/a;No;Not neolithic or chalcholitic period
Spain;37,40986043;-6,059052883;760292;4144401;South;Montelirio;Tholos;n/a;OxA-32200;2569;29;n/a;n/a;n/a;n/a;n/a;n/a;n/a;Charcoal;n/a;n/a;Fernandez Flores, Aycart 2013/Diaz Zorita 2013/Bayliss et al 2016/Bayliss et al 2017/Fontanals-Coll et al 2016/Lozano Medina 2017/Garcia Sanjuan et al 2018;n/a;Fernandez Flores, Aycart 2013/Diaz Zorita 2013/Bayliss et al 2016/Bayliss et al 2017/Fontanals-Coll et al 2016/Lozano Medina 2017/Garcia Sanjuan et al 2018;n/a;No;n/a
Spain;40,049527;3,88244;1600399;4513594;East;Cala Morell;Rock-cut-tomb, artificial cave & hypogeum;n/a;IRPA-1161;2245;40;n/a;n/a;n/a;n/a;n/a;n/a;Meat and vegetables. Low indices of marine resources;Human bone;Chamber;Chamber;Mico Perez  2005/Van Strydonck et al 2005;n/a;Mico Perez  2005/Van Strydonck et al 2005;n/a;No;n/a
Spain;39,905736;4,212298;1631073;4501779;East;Biniai Nou 2;Rock-cut-tomb, artificial cave & hypogeum;n/a;UtC-7846;2270;35;-19,48;10,66;n/a;n/a;n/a;n/a;Meat and vegetables. Low indices of marine resources;Human bone;Under layer chamber;Mound soil;Mico Perez  2005/Van Strydonck et al 2005;n/a;Mico Perez  2005/Van Strydonck et al 2005;n/a;No;n/a
Portugal;39,46134;-7,54437;625225;4368985;Tagus basins;Anta dos Currais do Galhordas;Passage grave;n/a;S3.15OS/0442;2270;40;n/a;n/a;n/a;n/a;n/a;n/a;n/a;Organic material;Funerary chamber;Chamber;Monteiro-Rodrigues, Oliveira 2018, 453;Monteiro-Rodrigues, Oliveira 2018, 453;Monteiro-Rodrigues, Oliveira 2018, 453;n/a;Yes;Outlier
Spain;39,865038;4,14709;1626154;4496400;East;Calescoves;Rock-cut-tomb, artificial cave & hypogeum;n/a;IRPA-1021;2290;40;n/a;-26,8;n/a;n/a;n/a;n/a;Meat and vegetables. Low indices of marine resources;Charcoal;Chamber;Chamber;Mico Perez  2005/Van Strydonck et al 2005;n/a;Mico Perez  2005/Van Strydonck et al 2005;n/a;No;n/a
Spain;37,8419;-6,02806;761516;4192436;South;Palacio III;Tholos;n/a;Beta-165552;2660;90;n/a;n/a;n/a;n/a;n/a;n/a;Mainly C3 plants;n/a;Cremation;Funerary area;Garcia Sanjuan 2006, 153/Diaz Zorita Bonilla et al 2009;Garcia Sanjuan 2004/Diaz Zorita Bonilla et al 2009;Garcia Sanjuan 2006, 153/Garcia Sanjuan 2004/Diaz Zorita Bonilla et al 2009;n/a;No;n/a
Portugal;38,37991;-7,52025;629248;4249004;South;Tholos de Farisoa 1b;Tholos;n/a;OxTL-169j_j1;2740;300;n/a;n/a;n/a;n/a;n/a;n/a;n/a;Ceramic shard;Pot 26. Dated by TL;Chamber;"Whittle, Arnaud 1975; Boaventura 2011";"Whittle, Arnaud 1975; Boaventura 2011";Whittle, Arnaud 1975/Boaventura 2011/Lozano Medina 2017;Geographic coordinates approximated;No;n/a
Portugal;39,666806;-8,030353;583170;4391226;Tagus basins;Cabeço dos Pendentes;Passage grave;n/a;ITNLUM-440;2300;300;n/a;n/a;n/a;n/a;n/a;n/a;n/a;Regolith (quartz);Fill of the chamber. Dated by OSL;Mound soil;Burbidge et al 2014;n/a;Burbidge et al 2014/Lozano Medina 2017;n/a;Yes;Outlier
Spain;37,2761;-1,79194;1139469;4149937;South;La Encantada 1;Tholos;n/a;CSIC-249;2830;60;n/a;n/a;n/a;n/a;n/a;n/a;n/a;Human bone;n/a;n/a;Alonso et al 1978;n/a;Alonso et al 1978;n/a;No;n/a
Spain;42,98467;-2,21247;1053468;4781518;North;Urrezulko Armurea;Dolmen;n/a;GrN-24857;2350;130;n/a;n/a;n/a;n/a;n/a;n/a;n/a;Charcoal;n/a;n/a;Mujika Alustiza 2017, 95;n/a;Mujika Alustiza 2017, 95;n/a;Yes;Bronze age site
Spain;37,5933;-6,515;719393;4163595;South;Casullo;Gallery sepulchre;Rectilinear gallery;CNA-345;2890;50;n/a;n/a;n/a;n/a;n/a;n/a;n/a;Charcoal;Burial chamber;Funerary area;Linares, Garcia Sanjuan 2010;n/a;n/a;n/a;No;n/a
Spain;39,865038;4,14709;1626154;4496400;East;Calescoves;Rock-cut-tomb, artificial cave & hypogeum;n/a;KIA-12678;2415;30;-19,82;10,71;n/a;n/a;n/a;n/a;Meat and vegetables. Low indices of marine resources;Human bone;Chamber;Chamber;Mico Perez  2005/Van Strydonck et al 2005;n/a;Mico Perez  2005/Van Strydonck et al 2005;n/a;No;n/a
Portugal;38,37991;-7,52025;629248;4249004;South;Tholos de Farisoa 1b;Tholos;n/a;OxTL-169j_j2;2900;320;n/a;n/a;n/a;n/a;n/a;n/a;n/a;Ceramic shard;Context n/a. Dated by TL;n/a;"Whittle, Arnaud 1975; Boaventura 2011";"Whittle, Arnaud 1975; Boaventura 2011";Whittle, Arnaud 1975/Boaventura 2011/Lozano Medina 2017;Geographic coordinates approximated;No;n/a
Spain;36,9967;-3,8881;955023;4106739;South;Dolmen de la Navilla (Pantano de los Bermejales);Gallery sepulchre;n/a;Beta-301935;2910;30;n/a;n/a;n/a;n/a;n/a;n/a;n/a;Human bone;Burial chamber;Funerary area;Aranda Jimenez, 2015;n/a;n/a;n/a;No;n/a
Spain;37,1833468;-4,407928841;907719;4125098;South;Alcaide 14;Rock-cut-tomb, artificial cave & hypogeum;n/a;CNA-2276;2945;40;-20,24;n/a;n/a;n/a;n/a;n/a;n/a;Human bone;n/a;n/a;Aranda Jimenez, Lozano Medina e.p.;Aranda Jimenez, Lozano Medina e.p.;Lozano Medina 2017;Geographic coordinates approximated;No;n/a
Portugal;38,030767;-7,617345;621345;4210130;South;Centirã 2;Tholos;n/a;Sac-2789;2950;80;-20,3;n/a;n/a;n/a;n/a;n/a;n/a;Human bone;Corridor;Corridor;Lozano Medina, Aranda Jimenez 2017;Robles et al 2013;Robles et al 2013/Lozano Medina, Aranda Jimenez 2017;n/a;No;n/a
Spain;36,9967;-3,8881;955023;4106739;South;Dolmen de la Navilla (Pantano de los Bermejales);Gallery sepulchre;n/a;Ua-39501;3018;30;n/a;n/a;n/a;n/a;n/a;n/a;n/a;Human bone;Burial chamber;Funerary area;Camara, Molina, 2015;n/a;n/a;n/a;No;n/a
Spain;36,83798865;-2,207230234;1106074;4098498;South;El Barranquete 10;Tholos;;Beta-436484;3020;30;-18,6;10,6;n/a;n/a;n/a;n/a;C3 plants and terrestrial animals;Human bone;Chamber;Chamber;Aranda Jimenez et al 2018;n/a;Aranda Jimenez et al 2018;n/a;No;n/a
Spain;36,83798865;-2,207230234;1106074;4098498;South;El Barranquete 10;Tholos;n/a;CNA-3256;3037;31;-18,5;10,3;n/a;n/a;n/a;n/a;C3 plants and terrestrial animals;Human bone;Passage;Corridor;Aranda Jimenez et al 2018;n/a;Aranda Jimenez et al 2018;n/a;No;n/a
Spain;37,1833468;-4,407928841;907719;4125098;South;Alcaide 14;Rock-cut-tomb, artificial cave & hypogeum;n/a;CNA-2273;3045;40;-21,09;n/a;n/a;n/a;n/a;n/a;n/a;Human bone;n/a;n/a;Aranda Jimenez, Lozano Medina e.p.;Aranda Jimenez, Lozano Medina e.p.;Lozano Medina 2017;Geographic coordinates approximated;No;n/a
Spain;36,84316793;-2,207241097;1106032;4099074;South;El Barranquete 8;Tholos;n/a;CNA-3237;3083;32;-19,2;9,4;n/a;n/a;n/a;n/a;C3 plants and terrestrial animals;Human bone;Chamber. Layer 1;Chamber;Aranda Jimenez et al 2018;n/a;Aranda Jimenez et al 2018;n/a;No;n/a
Spain;39,967973;3,88045;1601565;4504480;East;Cova de Sant Joan de Missa;Rock-cut-tomb, artificial cave & hypogeum;n/a;IRPA-1136;2460;40;n/a;n/a;n/a;n/a;n/a;n/a;n/a;Charcoal;Chamber;Chamber;Mico Perez  2005;n/a;Mico Perez  2005;Geographic coordinates approximated;No;n/a
Spain;37,83363959;-4,408508712;904137;4197301;South;Alcaide Fosa B;Rock-cut-tomb, artificial cave & hypogeum;n/a;GrN-19199;3090;60;n/a;n/a;n/a;n/a;n/a;n/a;n/a;Human bone;n/a;n/a;Marques y Agudo 2012;Marques y Agudo 2012;Lozano Medina 2017;Geographic coordinates approximated;No;n/a
Spain;39,865038;4,14709;1626154;4496400;East;Calescoves;Rock-cut-tomb, artificial cave & hypogeum;n/a;KIA-12680;2470;35;-19,71;10,79;n/a;n/a;n/a;n/a;Meat and vegetables. Low indices of marine resources;Human bone;Under layer chamber;Mound soil;Mico Perez  2005/Van Strydonck et al 2005;n/a;Mico Perez  2005/Van Strydonck et al 2005;n/a;No;n/a
Spain;39,865038;4,14709;1626154;4496400;East;Calescoves;Rock-cut-tomb, artificial cave & hypogeum;n/a;KIA-12681;2475;25;-19,89;9,08;n/a;n/a;n/a;n/a;Meat and vegetables. Low indices of marine resources;Human bone;Under layer chamber;Mound soil;Mico Perez  2005/Van Strydonck et al 2005;n/a;Mico Perez  2005/Van Strydonck et al 2005;n/a;No;n/a
Spain;39,865038;4,14709;1626154;4496400;East;Calescoves;Rock-cut-tomb, artificial cave & hypogeum;n/a;KIA-12679;2480;25;-20,31;10,71;n/a;n/a;n/a;n/a;Meat and vegetables. Low indices of marine resources;Human bone;Under layer chamber;Mound soil;Mico Perez  2005/Van Strydonck et al 2005;n/a;Mico Perez  2005/Van Strydonck et al 2005;n/a;No;n/a
Spain;37,1833468;-4,407928841;907719;4125098;South;Alcaide 14;Rock-cut-tomb, artificial cave & hypogeum;n/a;CNA-2274;3115;40;-22,11;n/a;n/a;n/a;n/a;n/a;n/a;Human bone;n/a;n/a;Aranda Jimenez, Lozano Medina e.p.;Aranda Jimenez, Lozano Medina e.p.;Lozano Medina 2017;Geographic coordinates approximated;No;n/a
Spain;36,8411;-2,2064;1106124;4098849;South;El Barranquete 11;Tholos;n/a;CNA-2412;3120;35;-17,89;n/a;n/a;n/a;n/a;n/a;C3 plants and terrestrial animals;Human bone;Chamber. Human right uln/a from an adult male (21-40 years old). Layer II;Chamber;Aranda Jimenez, Lozano Medina 2014, 382;n/a;n/a;n/a;No;n/a
Spain;36,84316793;-2,207241097;1106032;4099074;South;El Barranquete 8;Tholos;n/a;Beta-440651;3140;30;-19,1;9,5;n/a;n/a;n/a;n/a;C3 plants and terrestrial animals;Human bone;Chamber. Layer 1;Chamber;Aranda Jimenez et al 2018;n/a;Aranda Jimenez et al 2018;n/a;No;n/a
Spain;36,9967;-3,8881;955023;4106739;South;Dolmen de la Navilla (Pantano de los Bermejales);Gallery sepulchre;n/a;Beta-301937;3160;30;n/a;n/a;n/a;n/a;n/a;n/a;n/a;Human bone;Burial chamber;Funerary area;Aranda Jimenez, 2013;n/a;n/a;n/a;No;n/a
Spain;36,9967;-3,8881;955023;4106739;South;Dolmen de la Navilla (Pantano de los Bermejales);Gallery sepulchre;n/a;Ua-39503;3168;32;n/a;n/a;n/a;n/a;n/a;n/a;n/a;Human bone;Burial chamber;Funerary area;Camara, Molina, 2015;n/a;n/a;n/a;No;n/a
Spain;36,9967;-3,8881;955023;4106739;South;Dolmen de la Navilla (Pantano de los Bermejales);Gallery sepulchre;n/a;Ua-39495;3183;30;n/a;n/a;n/a;n/a;n/a;n/a;n/a;Human bone;Burial chamber;Funerary area;Camara, Molina, 2015;n/a;n/a;n/a;No;n/a
Spain;39,865038;4,14709;1626154;4496400;East;Calescoves;Rock-cut-tomb, artificial cave & hypogeum;n/a;IRPA-1185;2525;35;-19,5;10,23;n/a;n/a;n/a;n/a;Meat and vegetables. Low indices of marine resources;Human bone;Under layer chamber;Mound soil;Mico Perez  2005/Van Strydonck et al 2005;n/a;Mico Perez  2005/Van Strydonck et al 2005;n/a;No;n/a
Spain;36,9967;-3,8881;955023;4106739;South;Dolmen de la Navilla (Pantano de los Bermejales);Gallery sepulchre;n/a;Ua-39499;3218;30;n/a;n/a;n/a;n/a;n/a;n/a;n/a;Human bone;Burial chamber;Funerary area;Camara, Molina, 2015;n/a;n/a;n/a;No;n/a
Spain;36,9967;-3,8881;955023;4106739;South;Dolmen de la Navilla (Pantano de los Bermejales);Gallery sepulchre;n/a;Ua-39497;3225;36;n/a;n/a;n/a;n/a;n/a;n/a;n/a;Human bone;Burial chamber;Funerary area;Camara, Molina, 2015;n/a;n/a;n/a;No;n/a
Spain;41,8994;1,465;1368559;4691893;Ebro basin;Llanera;Passage grave;n/a;MC-1113;2550;90;n/a;n/a;n/a;n/a;n/a;n/a;n/a;Human bone;Tumulus;Mound;Muller 1998, 87;n/a;Muller 1998, 87;n/a;No;n/a
Spain;36,9967;-3,8881;955023;4106739;South;Dolmen de la Navilla (Pantano de los Bermejales);Gallery sepulchre;n/a;Ua-39500;3246;30;n/a;n/a;n/a;n/a;n/a;n/a;n/a;Human bone;Burial chamber;Funerary area;Camara, Molina, 2015;n/a;n/a;n/a;No;n/a
Spain;36,6992;-4,8497;870820;4069538;South;Tesorillo de la Llana;Passage grave;Passage grave with atypical corridor;GrN-26488;3250;40;n/a;n/a;n/a;n/a;n/a;n/a;n/a;Human bone;Burial chamber;Funerary area;"Garciaa Sanjuan 2009, 19; Fernandez, Marquez 2001";n/a;Garcia Sanjuan 2009, 19;n/a;No;n/a
Spain;36,6992;-4,8497;870820;4069538;South;Tesorillo de la Llana;Passage grave;Passage grave with atypical corridor;GrN-26475;3250;50;n/a;n/a;n/a;n/a;n/a;n/a;n/a;Human bone;Burial chamber;Funerary area;Garcia Sanjuan et al 2011, Tab 4;n/a;Garcia Sanjuan et al 2011;n/a;No;n/a
Spain;36,9967;-3,8881;955023;4106739;South;Dolmen de la Navilla (Pantano de los Bermejales);Gallery sepulchre;n/a;Ua-39502;3269;31;n/a;n/a;n/a;n/a;n/a;n/a;n/a;Human bone;Burial chamber;Funerary area;Camara, Molina, 2015;n/a;n/a;n/a;No;n/a
Spain;42,94210021;-7,971405534;583918;4754898;North;Ponte da Pedra_new;Varia;n/a;GrN-19215;2565;45;n/a;n/a;n/a;n/a;n/a;n/a;n/a;Charcoal;Surface of the mound;Mound;Fabregas, Vilaseco, 2006;n/a;Fabregas, Vilaseco 2006;n/a;Yes;Outlier
Portugal;37,1991;-8,588;536562;4117039;South;Alcalar 7;Tholos;n/a;Beta-180982;3280;40;n/a;n/a;n/a;n/a;n/a;n/a;n/a;Charcoal;n/a;n/a;Valera et al 2019, 62;Valera et al 2019, 62;Valera et al 2019, Rocha 2020;n/a;No;n/a
Spain;36,9967;-3,8881;955023;4106739;South;Dolmen de la Navilla (Pantano de los Bermejales);Gallery sepulchre;n/a;Ua-39496;3286;30;n/a;n/a;n/a;n/a;n/a;n/a;n/a;Human bone;Burial chamber;Funerary area;Camara, Molina, 2015;n/a;n/a;n/a;No;n/a
Spain;39,967973;3,88045;1601565;4504480;East;Cova de Sant Joan de Missa;Rock-cut-tomb, artificial cave & hypogeum;n/a;IRPA-1135;2580;40;n/a;n/a;n/a;n/a;n/a;n/a;n/a;Charcoal;Chamber;Chamber;Mico Perez  2005;n/a;Mico Perez  2005;n/a;No;n/a
Spain;42,98467;-2,21247;1053468;4781518;North;Urrezulko Armurea;Dolmen;n/a;GrN-24856;2580;140;n/a;n/a;n/a;n/a;n/a;n/a;n/a;Charcoal;n/a;n/a;Mujika Alustiza 2017, 95;n/a;Mujika Alustiza 2017, 95;n/a;Yes;Bronze age site
Spain;36,9967;-3,8881;955023;4106739;South;Dolmen de la Navilla (Pantano de los Bermejales);Gallery sepulchre;n/a;Beta-301936;3300;30;n/a;n/a;n/a;n/a;n/a;n/a;n/a;Human bone;Burial chamber;Funerary area;Aranda Jimenez, 2014;n/a;n/a;n/a;No;n/a
Spain;36,84287254;-2,206617462;1106090;4099045;South;El Barranquete 9;Tholos;n/a;CNA-3248;3335;36;-19;11,2;n/a;n/a;n/a;n/a;C3 plants and terrestrial animals;Human bone;Chamber. Layer 2;Chamber;Aranda Jimenez et al 2018;n/a;Aranda Jimenez et al 2018;n/a;No;n/a
Spain;39,865038;4,14709;1626154;4496400;East;Calescoves;Rock-cut-tomb, artificial cave & hypogeum;n/a;KIA-12682;2595;30;-19,88;10,83;n/a;n/a;n/a;n/a;Meat and vegetables. Low indices of marine resources;Human bone;Under layer chamber;Mound soil;Mico Perez  2005/Van Strydonck et al 2005;n/a;Mico Perez  2005/Van Strydonck et al 2005;n/a;No;n/a
Spain;37,8335551;-4,408204015;904164;4197293;South;Alcaide 15;Rock-cut-tomb, artificial cave & hypogeum;n/a;GrN-16064;3340;90;n/a;n/a;n/a;n/a;n/a;n/a;n/a;Human bone;n/a;n/a;Baldomero 2011;Baldomero 2011;Lozano Medina 2017;Geographic coordinates approximated;No;n/a
Spain;42,9846702;-2,2124668;1053469;4781518;North;Urrezulko Armurea;Dolmen;n/a;I-19023;2640;240;n/a;n/a;n/a;n/a;n/a;n/a;n/a;Charcoal;n/a;n/a;Mujika Alustiza 2017, 95;n/a;Mujika Alustiza 2017, 95;n/a;Yes;Outlier
Portugal;38,509824;-8,00698;586578;4262850;South;Barrocal de Freiras 3;Passage grave;n/a;Wk-17086;3355;35;-19,7;n/a;n/a;n/a;n/a;n/a;n/a;Human bone;Chamber;Chamber;Boaventura 2009;n/a;Boaventura 2009;n/a;No;n/a
Spain;36,84287254;-2,206617462;1106090;4099045;South;El Barranquete 9;Tholos;n/a;CNA-3247;3426;35;-18,9;11,1;n/a;n/a;n/a;n/a;C3 plants and terrestrial animals;Human bone;Chamber. Layer 2;Chamber;Aranda Jimenez et al 2018;n/a;Aranda Jimenez et al 2018;n/a;No;n/a
Spain;42,0044;1,413611;1362854;4703045;Ebro basin;Clara;Dolmen;n/a;UBAR-838;2685;40;n/a;n/a;n/a;n/a;n/a;n/a;n/a;Charcoal;DC-04 AA;Funerary area;Telearchaeology.com;n/a;Telearchaeology.com;n/a;Yes;Outlier
Portugal;41,2039;-8,04752;579858;4561829;Duero basins;Cabritos 1;Dolmen;Simple polygonal chamber. Small dimensions;Gif-7019;2700;60;n/a;n/a;n/a;n/a;n/a;n/a;n/a;Charcoal;Basement tumulus;Mound soil;Cruz 1995;n/a;Cruz 1995;n/a;No;n/a
Spain;42,95178832;-2,22810741;1052488;4777762;North;Etxegarate;Dolmen;n/a;GrA-24204;2715;45;n/a;n/a;n/a;n/a;n/a;n/a;n/a;Bone;n/a;n/a;Mujika Alustiza 2017, 95;n/a;Mujika Alustiza 2017, 95;n/a;No;n/a
Spain;36,8411;-2,2064;1106124;4098849;South;El Barranquete 11;Tholos;n/a;Beta-301932;3470;40;-18,4;n/a;n/a;n/a;n/a;n/a;C3 plants and terrestrial animals;Human bone;Chamber. Human femur from an adult male (41-60 years old). Layer II;Chamber;Aranda Jimenez, Lozano Medina 2014, 382;n/a;n/a;n/a;No;n/a
Spain;42,57457518;-2,6219053;1023531;4733330;Ebro basin;El Sotillo;Passage grave;n/a;Beta-299308;2740;30;n/a;n/a;n/a;n/a;n/a;n/a;C3 plants and terrestrial animals;Human bone;n/a;n/a;Fernandez Eraso, Mujika Alustiza 2013/Fernandez Crespo, Schulting 2017;n/a;Fernandez Eraso, Mujika Alustiza 2013/Fernandez Crespo, Schulting 2017;n/a;No;n/a
Spain;37,1833468;-4,407928841;907719;4125098;South;Alcaide 14;Rock-cut-tomb, artificial cave & hypogeum;n/a;CNA-2275;3475;40;-21,29;n/a;n/a;n/a;n/a;n/a;n/a;Human bone;n/a;n/a;Aranda Jimenez, Lozano Medina e.p.;Aranda Jimenez, Lozano Medina e.p.;Lozano Medina 2017;Geographic coordinates approximated;No;n/a
Spain;36,84287254;-2,206617462;1106090;4099045;South;El Barranquete 9;Tholos;n/a;Beta-440648;3480;30;-18,8;11;n/a;n/a;n/a;n/a;C3 plants and terrestrial animals;Human bone;Side-chamber;Funerary area;Aranda Jimenez et al 2018;n/a;Aranda Jimenez et al 2018;n/a;No;n/a
Spain;36,7633;-4,30389;919267;4078911;South;Cerro de la Corona;Passage grave;n/a;Beta-93020;3490;120;n/a;n/a;n/a;n/a;n/a;n/a;n/a;Human bone;n/a;n/a;Garcia Sanjuan 2006, 153;Recio Ruiz et al 1998;Garcia Sanjuan 2006, 153/Recio Ruiz et al 1998;n/a;No;n/a
Spain;42,6256;-8,9375;505125;4719241;North;Alto da Barreira;Tumulus;n/a;CSIC-1038;2840;40;n/a;n/a;n/a;n/a;n/a;n/a;n/a;Charcoal;n/a;n/a;Fabregas Valcarce, Vilaseco Vazquez 2003, 293-294;n/a;Fabregas Valcarce, Vilaseco Vazquez 2003, 293-294;n/a;Yes;Aberrant
Spain;36,9844;-4,415;908159;4102978;South;Cortijo de El Tardon;Cist;n/a;UGRA-260;3530;60;n/a;n/a;n/a;n/a;n/a;n/a;n/a;Human bone;n/a;n/a;Garcia Sanjuan 2006, 153;Fernandez Ruiz et al 1997;Garcia Sanjuan 2006, 153/Fernandez Ruiz et al 1997;Geographic coordinates approximated;No;n/a
Spain;40,049527;3,88244;1600399;4513594;East;Cala Morell;Rock-cut-tomb, artificial cave & hypogeum;n/a;UtC-10074;2875;45;-19,57;9,33;n/a;n/a;n/a;n/a;Meat and vegetables. Low indices of marine resources;Human bone;Chamber;Chamber;Mico Perez  2005/Van Strydonck et al 2005;n/a;Mico Perez  2005/Van Strydonck et al 2005;n/a;No;n/a
Spain;39,8974;4,1126;1622652;4499565;East;Ses Roques Llises;Passage grave;n/a;KIA-21225;2890;25;-19,84;8,36;n/a;n/a;n/a;n/a;n/a;Human bone;Chamber;Chamber;Mico Perez  2005/Van Strydonck et al 2005;n/a;Mico Perez  2005/Van Strydonck et al 2005;n/a;Yes;Non megalithic site
Spain;36,8411;-2,2064;1106124;4098849;South;El Barranquete 11;Tholos;n/a;Beta-301934;3530;30;-18,3;n/a;n/a;n/a;n/a;n/a;C3 plants and terrestrial animals;Human bone;Chamber. Human right femur from an adult male (21-30 years old). Layer III;Chamber;Aranda Jimenez, Lozano Medina 2014, 382;n/a;n/a;n/a;No;n/a
Spain;36,84287254;-2,206617462;1106090;4099045;South;El Barranquete 9;Tholos;n/a;Beta-440652;3540;30;-18,6;10,3;n/a;n/a;n/a;n/a;C3 plants and terrestrial animals;Human bone;Side-chamber;Funerary area;Aranda Jimenez et al 2018;n/a;Aranda Jimenez et al 2018;n/a;No;n/a
Portugal;39,70853822;-7,983356294;587149;4395902;Tagus basins;Anta de Lajinha;Passage grave;n/a;ITNLUM-274;2900;300;n/a;n/a;n/a;n/a;n/a;n/a;n/a;Regolith (quartz);Mound. Dated by OSL;Mound;Burbidge et al 2014;n/a;Burbidge et al 2014/Lozano Medina 2017;n/a;Yes;Outlier
Spain;36,96373691;-2,52260637;1076948;4110507;South;Los Millares 18;Tholos;n/a;CNA4457;3540;30;18,5;9,2;n/a;n/a;n/a;n/a;n/a;Human bone;Funerary chamber;Chamber;Molina González et al. 2020;n/a;Molina González et al. 2020;Geographic coordinates approximated;No;n/a
Spain;36,9967;-3,8881;955023;4106739;South;Dolmen de la Navilla (Pantano de los Bermejales);Gallery sepulchre;n/a;Ua-39498;3543;36;n/a;n/a;n/a;n/a;n/a;n/a;n/a;Human bone;Burial chamber;Funerary area;Camara, Molina, 2015;n/a;n/a;n/a;No;n/a
Spain;39,905736;4,212298;1631073;4501779;East;Biniai Nou 2;Rock-cut-tomb, artificial cave & hypogeum;n/a;UtC-7845;2935;40;n/a;n/a;n/a;n/a;n/a;n/a;Meat and vegetables. Low indices of marine resources;Human bone;Chamber;Chamber;Mico Perez  2005/Van Strydonck et al 2005;n/a;Mico Perez  2005/Van Strydonck et al 2005;n/a;No;n/a
Spain;36,84287254;-2,206617462;1106090;4099045;South;El Barranquete 9;Tholos;n/a;Beta-436482;3550;30;-18,9;11,2;n/a;n/a;n/a;n/a;C3 plants and terrestrial animals;Human bone;Chamber. Layer 2;Chamber;Aranda Jimenez et al 2018;n/a;Aranda Jimenez et al 2018;n/a;No;n/a
Spain;36,84287254;-2,206617462;1106090;4099045;South;El Barranquete 9;Tholos;n/a;ETH-68006;3564;22;-18,9;10,1;n/a;n/a;n/a;n/a;C3 plants and terrestrial animals;Human bone;Side-chamber;Funerary area;Aranda Jimenez et al 2018;n/a;Aranda Jimenez et al 2018;n/a;No;n/a
Spain;37,0233;-4,5489;896030;4106730;South;Dolmen de Viera;Passage grave;n/a;Beta-353822;3580;30;-21;n/a;n/a;n/a;n/a;n/a;n/a;Animal bone;Chamber;Chamber;Aranda Jimenez et al 2013, Tab 2;n/a;Aranda Jimenez et al 2013;n/a;No;n/a
Spain;39,8974;4,1126;1622652;4499565;East;Ses Roques Llises;Passage grave;n/a;KIA-18767;2955;30;-19,59;9,63;n/a;n/a;n/a;n/a;n/a;Human bone;Chamber;Chamber;Mico Perez  2005/Van Strydonck et al 2005;n/a;Mico Perez  2005/Van Strydonck et al 2005;n/a;Yes;Non megalithic site
Spain;43,4671515;-7,87641802;590884;4813306;North;Illade 1;Tumulus;n/a;GrN-19212;2970;80;n/a;n/a;n/a;n/a;n/a;n/a;n/a;Charcoal;n/a;n/a;Carrero-Pazos 2017;n/a;Carrero-Pazos 2017;Geographic coordinates approximated;No;n/a
Spain;42,94210021;-7,971405534;583918;4754898;North;Ponte da Pedra_new;Varia;n/a;GrN-19216;2970;90;n/a;n/a;n/a;n/a;n/a;n/a;n/a;Charcoal;Ancient soil;Paleosol;Boaventura 2009;n/a;Boaventura 2009;n/a;No;n/a
Portugal;38,7578;-8,2053;569048;4290199;Tagus basins;Comenda da Igreja 1;Passage grave;n/a;OxTL-169f_f5;3015;340;n/a;n/a;n/a;n/a;n/a;n/a;n/a;Ceramic shard;Context n/a. Dated by TL;n/a;Whittle, Arnaud 1975/Boaventura 2011;n/a;Whittle, Arnaud 1975/Boaventura 2011/Lozano Medina 2017;n/a;No;n/a
Spain;37,6217;-6,62306;709771;4166500;South;El Pozuelo 6;Passage grave;n/a;I-19080;3580;120;n/a;n/a;n/a;n/a;n/a;n/a;n/a;Charcoal;n/a;n/a;Nocete 2004;n/a;Nocete 2004;n/a;No;n/a
Spain;36,84287254;-2,206617462;1106090;4099045;South;El Barranquete 9;Tholos;n/a;Beta-440649;3600;30;-19;10,1;n/a;n/a;n/a;n/a;C3 plants and terrestrial animals;Human bone;Side-chamber;Funerary area;Aranda Jimenez et al 2018;n/a;Aranda Jimenez et al 2018;n/a;No;n/a
Portugal;40,5107;-8,0045;584339;4484918;Duero basins;Arquinha da Moura;Passage grave;n/a;GrA-9575;3030;50;n/a;n/a;n/a;n/a;n/a;n/a;n/a;Charcoal;Basement corridor;Mound soil;Cruz et al 2003;n/a;Cruz et al 2003;n/a;No;n/a
Spain;39,8974;4,1126;1622652;4499565;East;Ses Roques Llises;Passage grave;n/a;KIA-18762;3030;40;-20,18;10,36;n/a;n/a;n/a;n/a;n/a;Human bone;Chamber;Chamber;Mico Perez  2005/Van Strydonck et al 2005;n/a;Mico Perez  2005/Van Strydonck et al 2005;n/a;Yes;Non megalithic site
Spain;37,28168747;-6,932644959;683275;4128124;South;La Orden-El Seminario 7016;Tholos;n/a;CNA-622;3600;60;n/a;n/a;n/a;n/a;-135;20;C3 plants and terrestrial animals with marine resources;Human bone;Cist;Chamber;Martinez Fernandez, Vera 2014;Martinez Fernandez, Vera 2014;Lozano Medina 2017;DeltaR values from Monge Soares, Matos Martins 2010;No;n/a
Spain;42,947767;-2,210353;1053974;4777432;Ebro basin;Unanibi;Dolmen;n/a;I-16275;3040;230;n/a;n/a;n/a;n/a;n/a;n/a;n/a;Charcoal;n/a;n/a;Mujika Alustiza 2017, 95;n/a;Mujika Alustiza 2017, 95;n/a;Yes;Outlier
Spain;42,97257;-2,25572;1050049;4779889;North;Zorroztarri;Dolmen;n/a;I-16276bis;3040;90;n/a;n/a;n/a;n/a;n/a;n/a;n/a;Charcoal;n/a;n/a;Mujika Alustiza 2017, 95;n/a;Mujika Alustiza 2017, 95;n/a;Yes;Bronze age site
Portugal;38,8375;-8,23917;566032;4299018;Tagus basins;Zambujeiro 4;Varia;n/a;Beta-196093;3040;40;-26,1;n/a;n/a;n/a;n/a;n/a;n/a;Human bone;Chamber;Chamber;Rocha 2005, 189-190;n/a;Rocha 2005, 189-190;n/a;Yes;Outlier
Spain;36,84287254;-2,206617462;1106090;4099045;South;El Barranquete 9;Tholos;n/a;ETH-66526;3606;25;-18,6;10,6;n/a;n/a;n/a;n/a;C3 plants and terrestrial animals;Human bone;Mound;Mound;Aranda Jimenez et al 2018;n/a;Aranda Jimenez et al 2018;n/a;No;n/a
Spain;36,84287254;-2,206617462;1106090;4099045;South;El Barranquete 9;Tholos;n/a;ETH-66529;3615;25;-19,2;10,4;n/a;n/a;n/a;n/a;C3 plants and terrestrial animals;Human bone;Chamber. Layer 2;Chamber;Aranda Jimenez et al 2018;n/a;Aranda Jimenez et al 2018;n/a;No;n/a
Spain;42,95178832;-2,22810741;1052488;4777762;North;Etxegarate;Dolmen;n/a;Ua-37367;3070;30;n/a;n/a;n/a;n/a;n/a;n/a;n/a;Bone;n/a;n/a;Mujika Alustiza 2017, 95;n/a;Mujika Alustiza 2017, 95;n/a;No;n/a
Spain;43,08532619;-2,249403485;1049552;4792457;North;Mandubi Zelaia;Dolmen;Cistoid structure with cuadrangular shape of 1.80 x 1.14 m;I-19025;3080;80;n/a;n/a;n/a;n/a;n/a;n/a;C3 plants and terrestrial animals;Bone;n/a;n/a;Mujika Alustiza 2017, 95;n/a;Mujika Alustiza 2017, 95;n/a;No;n/a
Spain;36,84287254;-2,206617462;1106090;4099045;South;El Barranquete 9;Tholos;n/a;ETH-66527;3618;25;-18,7;10,7;n/a;n/a;n/a;n/a;C3 plants and terrestrial animals;Human bone;Side-chamber;Funerary area;Aranda Jimenez et al 2018;n/a;Aranda Jimenez et al 2018;n/a;No;n/a
Spain;42,947767;-2,210353;1053974;4777432;Ebro basin;Unanibi;Tumulus;n/a;Ua-3589;3085;75;n/a;n/a;n/a;n/a;n/a;n/a;n/a;Charcoal;n/a;n/a;Mujika Alustiza 2017, 95;n/a;Mujika Alustiza 2017, 95;n/a;No;n/a
Portugal;37,20637;-8,593535;536067;4117843;South;Monte Canelas 1;Rock-cut-tomb, artificial cave & hypogeum;n/a;Beta-290364;3620;30;n/a;n/a;n/a;n/a;n/a;n/a;C3 plants and terrestrial animals;Human bone;Superior level;n/a;Moran Hernandez 2014;n/a;Moran Hernandez 2014;n/a;No;n/a
Portugal;41,0237;-7,4417;631010;4542557;Duero basins;Carvalhal;Dolmen;n/a;GrN-20792;3100;90;n/a;n/a;n/a;n/a;n/a;n/a;n/a;Charcoal;Top of orthostat pit;Mound soil;Cruz 2003;n/a;Cruz 2003;n/a;Yes;Aberrant in the site context
Spain;43,3949038;-2,7153926;1009012;4823888;North;Katillotxu 1;Dolmen;n/a;Beta-259126;3110;40;n/a;n/a;n/a;n/a;n/a;n/a;n/a;Charcoal;n/a;n/a;Lopez Quintana, Guenaga Lizasu 2009;n/a;Lopez Quintana, Guenaga Lizasu 2009;n/a;No;n/a
Portugal;40,7194;-7,86333;596000;4508229;Duero basins;Casinha Derribada;Varia;n/a;OxA-9910;3115;65;-25,7;n/a;n/a;n/a;n/a;n/a;n/a;Charcoal;n/a;n/a;Cruz et al 1998;n/a;Cruz et al 1998;n/a;Yes;Bronze age site
Spain;36,8411;-2,2064;1106124;4098849;South;El Barranquete 11;Tholos;n/a;CNA-2409;3625;40;-23,11;n/a;n/a;n/a;n/a;n/a;C3 plants and terrestrial animals;Human bone;Chamber. Human skull fragment from an unesexed adult (30-35 years old). Layer III;Chamber;Aranda Jimenez, Lozano Medina 2014, 382;n/a;n/a;n/a;No;n/a
Spain;42,57457518;-2,6219053;1023531;4733330;Ebro basin;El Sotillo;Passage grave;n/a;Beta-299303;3120;30;n/a;n/a;n/a;n/a;n/a;n/a;C3 plants and terrestrial animals;Human bone;n/a;n/a;Fernandez Eraso, Mujika Alustiza 2013/Fernandez Crespo, Schulting 2017;n/a;Fernandez Eraso, Mujika Alustiza 2013/Fernandez Crespo, Schulting 2017;n/a;No;n/a
Spain;36,8411;-2,2064;1106124;4098849;South;El Barranquete 11;Tholos;n/a;Beta-301933;3670;40;-18,7;n/a;n/a;n/a;n/a;n/a;C3 plants and terrestrial animals;Human bone;Chamber. Human skull fragment from an unesexed adult (41-60 years old). Layer III;Chamber;Aranda Jimenez, Lozano Medina 2014, 382;n/a;n/a;n/a;No;n/a
Spain;39,8974;4,1126;1622652;4499565;East;Ses Roques Llises;Passage grave;n/a;KIA-20204;3135;35;-19,33;9,02;n/a;n/a;n/a;n/a;n/a;Human bone;Chamber;Chamber;Mico Perez  2005/Van Strydonck et al 2005;n/a;Mico Perez  2005/Van Strydonck et al 2005;n/a;Yes;Non megalithic site
Spain;36,84287254;-2,206617462;1106090;4099045;South;El Barranquete 9;Tholos;n/a;CNA-3252;3670;35;-18,7;10,7;n/a;n/a;n/a;n/a;C3 plants and terrestrial animals;Human bone;Chamber. Layer 3;Chamber;Aranda Jimenez et al 2018;n/a;Aranda Jimenez et al 2018;n/a;No;n/a
Spain;42,57457518;-2,6219053;1023531;4733330;Ebro basin;El Sotillo;Passage grave;n/a;Beta-299307;3160;30;n/a;n/a;n/a;n/a;n/a;n/a;C3 plants and terrestrial animals;Human bone;n/a;n/a;Fernandez Eraso, Mujika Alustiza 2013/Fernandez Crespo, Schulting 2017;n/a;Fernandez Eraso, Mujika Alustiza 2013/Fernandez Crespo, Schulting 2017;n/a;No;n/a
Spain;37,6129;-6,5368;717411;4165720;South;Puerto de los Huertos;Gallery sepulchre;Rectilinear gallery;CNA-341;3680;50;n/a;n/a;n/a;n/a;n/a;n/a;n/a;Charcoal;n/a;n/a;Linares, Garcia Sanjuan 2010;Linares, Garcia Sanjuan 2010;Lozano Medina 2017;n/a;No;n/a
Portugal;38,030767;-7,617345;621345;4210130;South;Centirã 2;Tholos;n/a;Sac-2796_C;3689;25;-19,2;n/a;n/a;n/a;n/a;n/a;n/a;Human bone;Burial 1;Funerary area;Lozano Medina, Aranda Jimenez 2017;Robles et al 2013;Robles et al 2013/Lozano Medina, Aranda Jimenez 2017;Sac-2796 and Beta-331980 combined;No;n/a
Spain;42,4097;2,966944;1485307;4765197;East;Fontanilles;Passage grave;n/a;GaK-12934;3180;70;n/a;n/a;n/a;n/a;n/a;n/a;n/a;Charcoal;Chamber, entrance area;Chamber;Telearchaeology.com;n/a;Telearchaeology.com;n/a;Yes;Outlier
Spain;36,96562492;-2,522408274;1076951;4110718;South;Los Millares 51;Tholos;n/a;CNA4435;3690;30;-18,7;10,7;n/a;n/a;n/a;n/a;n/a;Human bone;Funerary chamber;Chamber;Molina González et al. 2020;n/a;Molina González et al. 2020;Geographic coordinates approximated;No;n/a
Spain;39,905736;4,212298;1631073;4501779;East;Biniai Nou 2;Rock-cut-tomb, artificial cave & hypogeum;n/a;UtC-8951;3200;35;-19,67;8,42;n/a;n/a;n/a;n/a;Meat and vegetables. Low indices of marine resources;Human bone;Chamber;Chamber;Mico Perez  2005/Van Strydonck et al 2005;n/a;Mico Perez  2005/Van Strydonck et al 2005;n/a;No;n/a
Portugal;39,70854;-7,98336;587148;4395902;Tagus basins;Anta de Lajinha;Passage grave;n/a;ITNLUM-205;3200;300;n/a;n/a;n/a;n/a;n/a;n/a;n/a;Regolith (quartz);Corridor. Dated by OSL;Corridor;Burbidge et al 2014;n/a;Burbidge et al 2014/Lozano Medina 2017;n/a;No;n/a
Spain;37,28168747;-6,932644959;683275;4128124;South;La Orden-El Seminario 7055;Rock-cut-tomb, artificial cave & hypogeum;n/a;CNA-330;3700;50;n/a;n/a;n/a;n/a;-135;20;C3 plants and terrestrial animals with marine resources;Human bone;n/a;n/a;Martinez Fernandez, Vera 2014;Martinez Fernandez, Vera 2014;Lozano Medina 2017;DeltaR values from Monge Soares, Matos Martins 2010;No;n/a
Portugal;39,4091;-7,3144;645118;4363531;Tagus basins;Anta das Castelhanas;Varia;n/a;OxA-5432;3220;65;-26,1;n/a;n/a;n/a;n/a;n/a;n/a;Human bone;Ground level chamber;Paleosol;Oliveira 1997;n/a;Oliveira 1997;n/a;Yes;Aberrant
Spain;37,5586;-6,7353;700033;4159253;South;Los Gabrieles 4;Passage grave;Angled corridor;Beta-185650;3700;50;n/a;n/a;n/a;n/a;n/a;n/a;n/a;Charcoal;Burial chamber (layer 2);Funerary area;Garcia Sanjuan et al 2011;n/a;Garcia Sanjuan et al 2011;Geographic coordinates approximated;No;n/a
Spain;43,16080594;-7,496979382;622189;4779768;North;Madorra da Granxa;Tumulus;n/a;CSIC-1377;3246;28;n/a;n/a;n/a;n/a;n/a;n/a;n/a;Charcoal;n/a;n/a;Fabregas Valcarce, Vilaseco Vazquez 2006;Chao, Alvarez 2000;Chao, Alvarez 2000/Fabregas Valcarce, Vilaseco Vazquez 2006;n/a;No;n/a
Spain;37,3658;-3,2975;1005165;4150738;South;Panoria 10;Varia;Cistoid structure with corridor;Beta-448207;3700;30;n/a;9,3;n/a;n/a;n/a;n/a;C3 plants and terrestrial animals;Human bone;Tomb 10. Funerary chamber. Left femur;Chamber;Aranda Jimenez et al 2017, Tab 19;n/a;n/a;n/a;No;n/a
Portugal;40,8348;-7,7555;604926;4521163;Duero basins;Orca das Castenairas;Passage grave;n/a;GrA-9314;3250;50;n/a;n/a;n/a;n/a;n/a;n/a;n/a;Charcoal;n/a;n/a;Senna-Martinez, Ventura 2008;n/a;Senna-Martinez, Ventura 2008;n/a;No;n/a
Portugal;41,1856;-8,0407;580452;4559804;Duero basins;Outeiro de Gregos 5;Tumulus;n/a;CSIC-773;3250;60;n/a;n/a;n/a;n/a;n/a;n/a;n/a;Charcoal;Layer under tumulus;Paleosol;Cruz 1995;n/a;Cruz 1995;n/a;No;n/a
Spain;37,3658;-3,2975;1005165;4150738;South;Panoria 10;Varia;Cistoid structure with corridor;ETH-69965;3718;17;-20,2;9,2;n/a;n/a;n/a;n/a;C3 plants and terrestrial animals;Human bone;Tomb 10. First section of passage. Left femur;Corridor;Aranda Jimenez et al 2017, Tab 17;n/a;n/a;n/a;No;n/a
Spain;36,84287254;-2,206617462;1106090;4099045;South;El Barranquete 9;Tholos;n/a;Beta-440650;3720;30;-20;9,6;n/a;n/a;n/a;n/a;C3 plants and terrestrial animals;Human bone;Chamber. Layer 3;Chamber;Aranda Jimenez et al 2018;n/a;Aranda Jimenez et al 2018;n/a;No;n/a
Portugal;38,7578;-8,2053;569048;4290199;Tagus basins;Comenda da Igreja 1;Passage grave;n/a;OxTL-169f_f3;3255;330;n/a;n/a;n/a;n/a;n/a;n/a;n/a;Ceramic shard;Context n/a. Dated by TL;n/a;Whittle, Arnaud 1975/Boaventura 2011;n/a;Whittle, Arnaud 1975/Boaventura 2011/Lozano Medina 2017;n/a;No;n/a
Portugal;38,706541;-9,377149;467207;4284279;Tagus basins;Alapraia 4;Rock-cut-tomb, artificial cave & hypogeum;n/a;Beta-178462;3260;40;-19,4;n/a;n/a;n/a;n/a;n/a;Mainly meat;Human bone;n/a;n/a;Gonvßalves 2005;Gonvßalves 2005;Lozano Medina 2017;n/a;No;n/a
Spain;38,6911;-6,41778;724584;4285663;South;Huerta Montero;Tholos;n/a;GrN-16954;3720;100;n/a;n/a;n/a;n/a;n/a;n/a;C3 plants and terrestrial animals;Human bone;Reuse of the chamber;Chamber;Garcia Sanjuan et al 2011, Tab 3;Blasco, Ortiz 1991;Garcia Sanjuan et al 2011;n/a;No;n/a
Spain;38,7265;1,4458;1409077;4338592;East;Ca na Costa;Dolmen;n/a;BM-1677;3270;80;n/a;n/a;n/a;n/a;n/a;n/a;n/a;Human bone;Chamber;Chamber;Lull et al 2004/Mico Perez  2005/Van Strydonck et al 2005;n/a;Lull et al 2004/Mico Perez  2005/Van Strydonck et al 2005;DeltaR values from Monge Soares, Matos Martins 2010. ;Yes;Non megalithic site
Spain;42,59383;-2,0531;1070062;4739161;Ebro basin;San Pelayo;Cist;n/a;I-16858;3270;90;n/a;n/a;n/a;n/a;n/a;n/a;n/a;Charcoal;n/a;n/a;Sesma et al 2014/Mujika Alustiza et al 2016;n/a;Sesma et al 2014/Mujika Alustiza et al 2016;n/a;Yes;Bronze age site
Spain;42,56760266;-2,553544662;1029208;4733058;Ebro basin;Chabola de la Hechicera;Passage grave;n/a;Beta-288936;3280;40;n/a;n/a;n/a;n/a;n/a;n/a;C3 plants and terrestrial animals;Human bone;n/a;n/a;Fernandez Eraso, Mujika Alustiza 2013;n/a;Fernandez Eraso, Mujika Alustiza 2013;n/a;No;n/a
Spain;42,59383;-2,0531;1070062;4739161;Ebro basin;San Pelayo;Cist;n/a;Beta-392699;3280;30;n/a;n/a;n/a;n/a;n/a;n/a;n/a;Human bone;Skull. Pit deposit no. 11;n/a;Sesma et al 2014/Mujika Alustiza et al 2016;n/a;Sesma et al 2014/Mujika Alustiza et al 2016;n/a;Yes;Bronze age site
Spain;42,97257;-2,25572;1050049;4779889;North;Zorroztarri;Dolmen;n/a;I-16276;3280;90;n/a;n/a;n/a;n/a;n/a;n/a;n/a;Charcoal;n/a;n/a;Mujika Alustiza 2017, 95;n/a;Mujika Alustiza 2017, 95;n/a;Yes;Bronze age site
Portugal;38,4351;-7,4419;635988;4255241;South;Santa Margarida 3;Passage grave;n/a;Beta-166420;3720;50;-20,5;n/a;n/a;n/a;n/a;n/a;n/a;Human bone;Chamber;Chamber;Gonvßalvez 2003;n/a;Gonvßalvez 2003;n/a;No;n/a
Spain;36,84316793;-2,207241097;1106032;4099074;South;El Barranquete 8;Tholos;n/a;CNA-3239;3724;35;-19;8,7;n/a;n/a;n/a;n/a;C3 plants and terrestrial animals;Human bone;Chamber. Layer 1;Chamber;Aranda Jimenez et al 2018;n/a;Aranda Jimenez et al 2018;n/a;No;n/a
Spain;39,905736;4,212298;1631073;4501779;East;Biniai Nou 2;Rock-cut-tomb, artificial cave & hypogeum;n/a;UtC-9043;3290;40;-19,5;8,63;n/a;n/a;n/a;n/a;Meat and vegetables. Low indices of marine resources;Human bone;Under layer chamber;Mound soil;Mico Perez  2005/Van Strydonck et al 2005;n/a;Mico Perez  2005/Van Strydonck et al 2005;n/a;No;n/a
Spain;40,0511;4,065278;1616034;4516092;East;Ferragut Nou;Dolmen;n/a;UBAR-413;3300;60;n/a;n/a;n/a;n/a;n/a;n/a;n/a;Human bone;Chamber;Chamber;Mico Perez  2005;n/a;Mico Perez  2005;n/a;No;n/a
Spain;42,1314;3,023333;1494391;4734904;East;Tafaina;Dolmen;n/a;UBAR-246;3300;50;n/a;n/a;n/a;n/a;n/a;n/a;n/a;Human bone;n/a;n/a;Telearchaeology.com;n/a;Telearchaeology.com;n/a;Yes;Outlier
Spain;42,95178832;-2,22810741;1052488;4777762;North;Etxegarate;Dolmen;n/a;Ua-35431;3300;40;n/a;n/a;n/a;n/a;n/a;n/a;n/a;Bone;n/a;n/a;Mujika Alustiza 2017, 95;n/a;Mujika Alustiza 2017, 95;n/a;No;n/a
Portugal;37,19937076;-8,587818358;536578;4117069;South;Alcalar 9;Tholos;n/a;Beta-316624;3730;30;n/a;n/a;n/a;n/a;n/a;n/a;n/a;Charcoal;n/a;n/a;Valera et al 2019, 62;Valera et al 2019, 62;Valera et al 2019, Rocha 2020;n/a;No;n/a
Portugal;39,46134;-7,54437;625225;4368985;Tagus basins;Anta dos Currais do Galhordas;Passage grave;n/a;S2.15C/0441;3300;40;n/a;n/a;n/a;n/a;n/a;n/a;n/a;Charcoal;Base of the chamber and corridor;Chamber;Monteiro-Rodrigues, Oliveira 2018, 453;Monteiro-Rodrigues, Oliveira 2018, 453;Monteiro-Rodrigues, Oliveira 2018, 453;n/a;Yes;Outlier
Spain;39,754;3,1588;1542984;4471813;East;Son Baulo de Dalt;Dolmen;n/a;KIA-11903;3305;25;n/a;n/a;n/a;n/a;n/a;n/a;n/a;Human bone;Chamber;Chamber;Mico Perez  2005/Van Strydonck et al 2005;n/a;Mico Perez  2005/Van Strydonck et al 2005;n/a;Yes;Non megalithic site
Spain;39,905736;4,212298;1631073;4501779;East;Biniai Nou 2;Rock-cut-tomb, artificial cave & hypogeum;n/a;UtC-7847;3310;45;n/a;n/a;n/a;n/a;n/a;n/a;Meat and vegetables. Low indices of marine resources;Human bone;Under layer chamber;Mound soil;Mico Perez  2005/Van Strydonck et al 2005;n/a;Mico Perez  2005/Van Strydonck et al 2005;n/a;No;n/a
Spain;41,540088;2,133572;1429351;4658998;East;Can Roqueta;Rock-cut-tomb, artificial cave & hypogeum;n/a;UBAR-671;3310;55;n/a;n/a;n/a;n/a;n/a;n/a;n/a;Human bone;Hypogeum CRI-222B-2;Funerary area;http://www.telearchaeology.com/c14/db.aspx, 14.01.2011;Carlv?s et al. 2008;http://www.telearchaeology.com/c14/db.aspx, 14.01.2011,;Level 2 from ambit B (niche);No;n/a
Spain;42,57457518;-2,6219053;1023531;4733330;Ebro basin;El Sotillo;Passage grave;n/a;Beta-299309;3320;30;n/a;n/a;n/a;n/a;n/a;n/a;C3 plants and terrestrial animals;Human bone;n/a;n/a;Fernandez Eraso, Mujika Alustiza 2013/Fernandez Crespo, Schulting 2017;n/a;Fernandez Eraso, Mujika Alustiza 2013/Fernandez Crespo, Schulting 2017;n/a;No;Also Beta-299109?
Spain;43,16080594;-7,496979382;622189;4779768;North;Madorra da Granxa;Tumulus;n/a;CSIC-1375;3329;27;n/a;n/a;n/a;n/a;n/a;n/a;n/a;Charcoal;n/a;n/a;Fabregas Valcarce, Vilaseco Vazquez 2006;Chao, Alvarez 2000;Chao, Alvarez 2000/Fabregas Valcarce, Vilaseco Vazquez 2006;n/a;No;n/a
Spain;39,9869;-4,2036;909581;4437334;Tagus basins;Valle de las Higueras 7;Rock-cut-tomb, artificial cave & hypogeum;n/a;Beta-218062;3330;40;n/a;n/a;n/a;n/a;n/a;n/a;C3 plants mainly;Human bone;Burial M2;Funerary area;Bueno Ramirez et al 2010, Tab 3/Bueno Ramirez et al. 2010;n/a;Bueno Ramirez et al 2010, Tab 3/Bueno Ramirez et al. 2010;n/a;No;n/a
Spain;36,8411;-2,2064;1106124;4098849;South;El Barranquete 11;Tholos;n/a;CNA-2406;3730;35;-18,82;n/a;n/a;n/a;n/a;n/a;C3 plants and terrestrial animals;Human bone;Chamber. Human left humerus from an adult male (21-40 years old). Layer IV;Chamber;Aranda Jimenez, Lozano Medina 2014, 382;n/a;n/a;n/a;No;n/a
Portugal;38,4351;-7,4419;635988;4255241;South;Santa Margarida 3;Passage grave;n/a;Beta-166421;3730;40;-20,6;n/a;n/a;n/a;n/a;n/a;n/a;Human bone;Chamber;Chamber;Gonvßalvez 2003;n/a;Gonvßalvez 2003;n/a;No;n/a
Portugal;38,7578;-8,2053;569048;4290199;Tagus basins;Comenda da Igreja 1;Passage grave;n/a;OxTL-169f_F2;3340;350;n/a;n/a;n/a;n/a;n/a;n/a;n/a;Ceramic shard;Chamber. Dated by TL;Chamber;Whittle, Arnaud 1975/Boaventura 2011;n/a;Whittle, Arnaud 1975/Boaventura 2011/Lozano Medina 2017;n/a;No;n/a
Spain;42,947767;-2,210353;1053974;4777432;Ebro basin;Unanibi;Tumulus;n/a;I-16776;3350;100;n/a;n/a;n/a;n/a;n/a;n/a;n/a;Charcoal;n/a;n/a;Mujika Alustiza 2017, 95;n/a;Mujika Alustiza 2017, 95;n/a;No;n/a
Spain;36,9844;-4,415;908159;4102978;South;Cortijo de El Tardon;Cist;n/a;GrN-16066;3745;25;n/a;n/a;n/a;n/a;n/a;n/a;n/a;Human bone;n/a;n/a;Garcia Sanjuan et al 2011;n/a;Garcia Sanjuan et al 2011;Geographic coordinates approximated;No;n/a
Portugal;41,1886;-8,0416;580373;4560136;Duero basins;Outeiro de Gregos 1;Cist;Simple chamber;CISC-771;3360;50;n/a;n/a;n/a;n/a;n/a;n/a;n/a;Charcoal;Layer under peripheric structure;Paleosol;Cassen 1993, 515;n/a;Cassen 1993, 515;n/a;No;n/a
Spain;42,679546;-1,147315;1143537;4755223;Ebro basin;Corona de Hualde;Dolmen;Cistoid structure with cuadrangular shape of 1.10 x 0.80 m;N.R.4d;3360;45;n/a;n/a;n/a;n/a;n/a;n/a;n/a;n/a;n/a;n/a;Alday et al 2016;n/a;Alday et al 2016;n/a;No;n/a
Spain;42,57457518;-2,6219053;1023531;4733330;Ebro basin;El Sotillo;Passage grave;n/a;Beta-299302;3360;30;n/a;n/a;n/a;n/a;n/a;n/a;C3 plants and terrestrial animals;Human bone;n/a;n/a;Fernandez Eraso, Mujika Alustiza 2013/Fernandez Crespo, Schulting 2017;n/a;Fernandez Eraso, Mujika Alustiza 2013/Fernandez Crespo, Schulting 2017;n/a;No;Also Beta-299102?
Spain;42,57457518;-2,6219053;1023531;4733330;Ebro basin;El Sotillo;Passage grave;n/a;Beta-299312;3360;30;n/a;n/a;n/a;n/a;n/a;n/a;C3 plants and terrestrial animals;Human bone;n/a;n/a;Fernandez Eraso, Mujika Alustiza 2013/Fernandez Crespo, Schulting 2017;n/a;Fernandez Eraso, Mujika Alustiza 2013/Fernandez Crespo, Schulting 2017;n/a;No;Also Beta-299112?
Spain;42,95178832;-2,22810741;1052488;4777762;North;Etxegarate;Dolmen;n/a;GrA-24207;3360;45;n/a;n/a;n/a;n/a;n/a;n/a;n/a;Bone;n/a;n/a;Mujika Alustiza 2017, 95;n/a;Mujika Alustiza 2017, 95;n/a;No;n/a
Portugal;40,8348;-7,7555;604926;4521163;Duero basins;Orca das Castenairas;Passage grave;n/a;OxA-7436;3365;45;n/a;n/a;n/a;n/a;n/a;n/a;n/a;Charcoal;Atrium, late phase;Funerary area;Senna-Martinez, Ventura 2008;n/a;Senna-Martinez, Ventura 2008;n/a;No;n/a
Spain;39,75;3,3033;1555474;4473090;East;S'Aigua Dolça;Dolmen;n/a;UtC-4739;3365;30;n/a;n/a;n/a;n/a;n/a;n/a;n/a;Human bone;Chamber;Chamber;Mico Perez  2005/Van Strydonck et al 2005;n/a;Mico Perez  2005/Van Strydonck et al 2005;n/a;Yes;Non megalithic site
Spain;39,754;3,1588;1542984;4471813;East;Son Baulo de Dalt;Dolmen;n/a;KIA-13225;3365;30;-19,76;9,03;n/a;n/a;n/a;n/a;n/a;Human bone;Chamber;Chamber;Mico Perez  2005/Van Strydonck et al 2005;n/a;Mico Perez  2005/Van Strydonck et al 2005;n/a;Yes;Non megalithic site
Spain;41,540088;2,133572;1429351;4658998;East;Can Roqueta;Rock-cut-tomb, artificial cave & hypogeum;n/a;UBAR-670;3370;50;n/a;n/a;n/a;n/a;n/a;n/a;n/a;Human bone;Hypogeum CRII-70B2;Funerary area;http://www.telearchaeology.com/c14/db.aspx, 14.01.2011;n/a;http://www.telearchaeology.com/c14/db.aspx, 14.01.2011,;Level 2 sedimentary fill;No;n/a
Spain;41,540088;2,133572;1429351;4658998;East;Can Roqueta;Rock-cut-tomb, artificial cave & hypogeum;n/a;UBAR-864;3370;70;n/a;n/a;n/a;n/a;n/a;n/a;n/a;Human bone;Multiple inhumation in pit CCR TR-10;Mound;http://www.telearchaeology.com/c14/db.aspx, 14.01.2011;Carlv?s et al. 2008;http://www.telearchaeology.com/c14/db.aspx, 14.01.2011,;Individual n¬? 3 level 2;No;n/a
Spain;42,679546;-1,147315;1143537;4755223;Ebro basin;Corona de Hualde;Dolmen;Cistoid structure with cuadrangular shape of 1.10 x 0.80 m;N.R.4c;3375;40;n/a;n/a;n/a;n/a;n/a;n/a;n/a;n/a;n/a;n/a;Alday et al 2016;n/a;Alday et al 2016;n/a;No;n/a
Spain;42,95178832;-2,22810741;1052488;4777762;North;Etxegarate;Dolmen;n/a;Ua-35428;3375;40;n/a;n/a;n/a;n/a;n/a;n/a;n/a;Bone;n/a;n/a;Mujika Alustiza 2017, 95;n/a;Mujika Alustiza 2017, 95;n/a;No;n/a
Spain;42,95178832;-2,22810741;1052488;4777762;North;Etxegarate;Dolmen;n/a;GrA-29998;3375;40;n/a;n/a;n/a;n/a;n/a;n/a;n/a;Charcoal;n/a;n/a;Mujika Alustiza 2017, 95;n/a;Mujika Alustiza 2017, 95;n/a;No;n/a
Spain;39,75;3,3033;1555474;4473090;East;S'Aigua Dolça;Dolmen;n/a;UtC-4736;3380;40;n/a;n/a;n/a;n/a;n/a;n/a;n/a;Human bone;Chamber;Chamber;Mico Perez  2005/Van Strydonck et al 2005;n/a;Mico Perez  2005/Van Strydonck et al 2005;n/a;Yes;Non megalithic site
Spain;42,57457518;-2,6219053;1023531;4733330;Ebro basin;El Sotillo;Passage grave;n/a;Beta-299311;3380;30;n/a;n/a;n/a;n/a;n/a;n/a;C3 plants and terrestrial animals;Human bone;n/a;n/a;Fernandez Eraso, Mujika Alustiza 2013/Fernandez Crespo, Schulting 2017;n/a;Fernandez Eraso, Mujika Alustiza 2013/Fernandez Crespo, Schulting 2017;n/a;No;n/a
Portugal;38,7578;-8,2053;569048;4290199;Tagus basins;Comenda da Igreja 1;Passage grave;n/a;OxTL-169f_f1;3380;340;n/a;n/a;n/a;n/a;n/a;n/a;n/a;Ceramic shard;Chamber. Dated by TL;Chamber;Whittle, Arnaud 1975/Boaventura 2011;n/a;Whittle, Arnaud 1975/Boaventura 2011/Lozano Medina 2017;n/a;No;n/a
Spain;39,8974;4,1126;1622652;4499565;East;Ses Roques Llises;Passage grave;n/a;KIA- 18761;3395;35;-19,21;10,7;n/a;n/a;n/a;n/a;n/a;Human bone;Chamber;Chamber;Mico Perez  2005/Van Strydonck et al 2005;n/a;Mico Perez  2005/Van Strydonck et al 2005;n/a;Yes;Non megalithic site
Spain;42,59383;-2,0531;1070062;4739161;Ebro basin;San Pelayo;Cist;n/a;Beta 381101;3400;30;n/a;n/a;n/a;n/a;n/a;n/a;n/a;Human bone;Chamber;Chamber;Sesma et al 2014/Mujika Alustiza et al 2016;n/a;Sesma et al 2014/Mujika Alustiza et al 2016;n/a;Yes;Bronze age site
Spain;39,8972;4,19;1629301;4500539;East;Montple;Dolmen;n/a;OxA-5807;3405;60;n/a;n/a;n/a;n/a;n/a;n/a;n/a;Human bone;Chamber;Chamber;Mico Perez  2005;n/a;Mico Perez  2005;n/a;Yes;Non megalithic site
Spain;37,1847;-4,48278;901062;4124928;South;Alcaide;Rock-cut-tomb, artificial cave & hypogeum;n/a;GrN-19197;3755;210;n/a;n/a;n/a;n/a;n/a;n/a;n/a;Human bone;n/a;n/a;Marques Merelo et al 2004;n/a;Marques Merelo et al 2004;n/a;No;n/a
Spain;39,8972;4,19;1629301;4500539;East;Montple;Dolmen;n/a;OxA-5808;3410;60;n/a;n/a;n/a;n/a;n/a;n/a;n/a;Human bone;Chamber;Chamber;Mico Perez  2005;n/a;Mico Perez  2005;n/a;Yes;Non megalithic site
Spain;42,3253;-2,4536;1039496;4706695;Ebro basin;Peña Guerra 2;Passage grave;Maybe polygonal chamber;CSIC-617B;3410;60;n/a;n/a;n/a;n/a;n/a;n/a;C3 plants and terrestrial animals;Human bone;Central chamber, level II;Chamber;IDEArq.org;n/a;n/a;n/a;No;n/a
Spain;39,8972;4,19;1629301;4500539;East;Montple;Dolmen;n/a;OxA-5806;3415;75;n/a;n/a;n/a;n/a;n/a;n/a;n/a;Human bone;Chamber;Chamber;Mico Perez  2005;n/a;Mico Perez  2005;n/a;Yes;Non megalithic site
Spain;39,75;3,3033;1555474;4473090;East;S'Aigua Dolça;Dolmen;n/a;KIA-15224;3420;30;-19,4;8,1;n/a;n/a;n/a;n/a;n/a;Human bone;Chamber;Chamber;Mico Perez  2005/Van Strydonck et al 2005;n/a;Mico Perez  2005/Van Strydonck et al 2005;n/a;Yes;Non megalithic site
Spain;43,08532619;-2,249403485;1049552;4792457;North;Mandubi Zelaia;Dolmen;Cistoid structure with cuadrangular shape of 1.80 x 1.14 m;I-19024;3420;80;n/a;n/a;n/a;n/a;n/a;n/a;C3 plants and terrestrial animals;Bone;n/a;n/a;Mujika Alustiza 2017, 95;n/a;Mujika Alustiza 2017, 95;n/a;No;n/a
Portugal;38,030767;-7,617345;621345;4210130;South;Centirã 2;Tholos;n/a;Sac-2782;3760;70;-20,1;n/a;n/a;n/a;n/a;n/a;n/a;Human bone;n/a;n/a;Lozano Medina, Aranda Jimenez 2017;n/a;Lozano Medina, Aranda Jimenez 2017;n/a;No;n/a
Spain;39,8972;4,19;1629301;4500539;East;Montple;Dolmen;n/a;OxA-5811;3425;65;n/a;n/a;n/a;n/a;n/a;n/a;n/a;Human bone;Chamber;Chamber;Mico Perez  2005;n/a;Mico Perez  2005;n/a;Yes;Non megalithic site
Spain;36,84287254;-2,206617462;1106090;4099045;South;El Barranquete 9;Tholos;n/a;CNA-3250;3768;35;-19,3;10;n/a;n/a;n/a;n/a;C3 plants and terrestrial animals;Human bone;Chamber. Layer 2;Chamber;Aranda Jimenez et al 2018;n/a;Aranda Jimenez et al 2018;n/a;No;n/a
Spain;42,57457518;-2,6219053;1023531;4733330;Ebro basin;El Sotillo;Passage grave;n/a;Beta-299101;3430;30;n/a;n/a;n/a;n/a;n/a;n/a;C3 plants and terrestrial animals;Human bone;n/a;n/a;Fernandez Eraso, Mujika Alustiza 2013/Fernandez Crespo, Schulting 2017;n/a;Fernandez Eraso, Mujika Alustiza 2013/Fernandez Crespo, Schulting 2017;n/a;No;n/a
Spain;39,8972;4,19;1629301;4500539;East;Montple;Dolmen;n/a;IRPA-1183;3435;35;n/a;n/a;n/a;n/a;n/a;n/a;n/a;Human bone;Chamber;Chamber;Mico Perez  2005;n/a;Mico Perez  2005;n/a;Yes;Non megalithic site
Spain;42,679546;-1,147315;1143537;4755223;Ebro basin;Corona de Hualde;Dolmen;Cistoid structure with cuadrangular shape of 1.10 x 0.80 m;N.R.4b;3435;40;n/a;n/a;n/a;n/a;n/a;n/a;n/a;n/a;n/a;n/a;Alday et al 2016;n/a;Alday et al 2016;n/a;No;n/a
Spain;42,95178832;-2,22810741;1052488;4777762;North;Etxegarate;Dolmen;n/a;Ua-37368;3435;35;n/a;n/a;n/a;n/a;n/a;n/a;n/a;Bone;n/a;n/a;Mujika Alustiza 2017, 95;n/a;Mujika Alustiza 2017, 95;n/a;No;n/a
Spain;39,8972;4,19;1629301;4500539;East;Montple;Dolmen;n/a;OxA-5809;3460;65;n/a;n/a;n/a;n/a;n/a;n/a;n/a;Human bone;Chamber;Chamber;Mico Perez  2005;n/a;Mico Perez  2005;n/a;Yes;Non megalithic site
Spain;39,75;3,3033;1555474;4473090;East;S'Aigua Dolça;Dolmen;n/a;UtC-4744;3460;40;n/a;n/a;n/a;n/a;n/a;n/a;n/a;Human bone;Chamber;Chamber;Mico Perez  2005/Van Strydonck et al 2005;n/a;Mico Perez  2005/Van Strydonck et al 2005;n/a;Yes;Non megalithic site
Spain;42,68669429;-1,908223815;1081086;4750470;Ebro basin;Aizibita;Dolmen;n/a;GrN-21297;3460;50;n/a;n/a;n/a;n/a;n/a;n/a;Mainly meat;Human bone;n/a;n/a;Beguiristain 2011;n/a;Beguiristain 2011;n/a;No;n/a
Spain;42,69832555;-1,170976515;1141402;4757129;Ebro basin;Puente de Biguezal;Dolmen;n/a;GrA-13672;3460;40;n/a;n/a;n/a;n/a;n/a;n/a;n/a;Human bone;n/a;n/a;Alday et al 2016;Beguiristain 2004;Beguiristain 2004/Alday et al 2016;n/a;No;n/a
Spain;41,540088;2,133572;1429351;4658998;East;Can Roqueta;Rock-cut-tomb, artificial cave & hypogeum;n/a;UBAR-697;3465;60;n/a;n/a;n/a;n/a;n/a;n/a;n/a;Human bone;Hypogeum CRII-459A-3;Funerary area;http://www.telearchaeology.com/c14/db.aspx, 14.01.2011;Carlv?s et al. 2008;http://www.telearchaeology.com/c14/db.aspx, 14.01.2011,;Level 3 from ambit A (pit);No;n/a
Spain;41,6307;1,5596;1380130;4662981;East;Les Maioles;Passage grave;n/a;UBAR-559;3465;50;n/a;n/a;n/a;n/a;n/a;n/a;n/a;Human bone;Individual A;Funerary area;Telearchaeology.com;n/a;Telearchaeology.com;n/a;No;n/a
Spain;39,754;3,1588;1542984;4471813;East;Son Baulo de Dalt;Dolmen;n/a;UBAR-385;3470;120;n/a;n/a;n/a;n/a;n/a;n/a;n/a;Human bone;Chamber;Chamber;Mico Perez  2005/Van Strydonck et al 2005;n/a;Mico Perez  2005/Van Strydonck et al 2005;n/a;Yes;Non megalithic site
Portugal;38,4351;-7,4419;635988;4255241;South;Santa Margarida 3;Passage grave;n/a;Beta-166417;3770;40;-19,2;n/a;n/a;n/a;n/a;n/a;n/a;Human bone;Chamber;Chamber;Gonvßalvez 2003;n/a;Gonvßalvez 2003;n/a;No;n/a
Portugal;38,069986;-8,128385;576453;4213938;South;Cardim 6;Tholos;n/a;SANU-53514;3772;32;-19,1;9;n/a;n/a;n/a;n/a;n/a;Human teeth;Phase 2.S.U. 412;n/a;Valera et al 2019;n/a; Valera et al 2019;n/a;No;n/a
Spain;41,6307;1,5596;1380130;4662981;East;Les Maioles;Passage grave;n/a;UBAR-558;3475;50;n/a;n/a;n/a;n/a;n/a;n/a;n/a;Human bone;Individual E;Funerary area;Telearchaeology.com;n/a;Telearchaeology.com;n/a;No;n/a
Portugal;38,44117124;-7,548947519;626634;4255762;South;Perdigões 4;Tholos;n/a;ICA-18B/0539;3780;40;n/a;n/a;n/a;n/a;n/a;n/a;n/a;Human bone;Chamber. Phase II;Chamber;Valera 2020;n/a;Valera 2020;Geographic coordinates approximated;No;n/a
Spain;39,754;3,1588;1542984;4471813;East;Son Baulo de Dalt;Dolmen;n/a;KIA-13224;3480;30;-19,57;9,58;n/a;n/a;n/a;n/a;n/a;Human bone;Chamber;Chamber;Mico Perez  2005/Van Strydonck et al 2005;n/a;Mico Perez  2005/Van Strydonck et al 2005;n/a;Yes;Non megalithic site
Portugal;38,4351;-7,4419;635988;4255241;South;Santa Margarida 3;Passage grave;n/a;Beta-166418;3780;40;-19;n/a;n/a;n/a;n/a;n/a;n/a;Human bone;Chamber;Chamber;Gonvßalvez 2003;n/a;Gonvßalvez 2003;n/a;No;n/a
Spain;39,75;3,3033;1555474;4473090;East;S'Aigua Dolça;Dolmen;n/a;KIA-15223;3485;40;-19,6;9,4;n/a;n/a;n/a;n/a;n/a;Human bone;Chamber;Chamber;Mico Perez  2005/Van Strydonck et al 2005;n/a;Mico Perez  2005/Van Strydonck et al 2005;n/a;Yes;Non megalithic site
Spain;42,6821784;-1,86197133;1084920;4750289;Ebro basin;Morea;Passage grave;n/a;GrA-13671;3490;40;n/a;n/a;n/a;n/a;n/a;n/a;n/a;Human bone;n/a;n/a;Beguiristain 2004;n/a;Beguiristain 2004;n/a;No;n/a
Spain;36,8411;-2,2064;1106124;4098849;South;El Barranquete 11;Tholos;n/a;CNA-2410;3785;35;-25,3;n/a;n/a;n/a;n/a;n/a;C3 plants and terrestrial animals;Human bone;Chamber. Human tibia from an adult male (21-40 years old). Layer IV;Chamber;Aranda Jimenez, Lozano Medina 2014, 382;n/a;n/a;n/a;No;n/a
Spain;41,6307;1,5596;1380130;4662981;East;Les Maioles;Passage grave;n/a;UBAR-560;3495;50;n/a;n/a;n/a;n/a;n/a;n/a;n/a;Human bone;Individual B;Funerary area;Telearchaeology.com;n/a;Telearchaeology.com;n/a;No;n/a
Portugal;41,29858712;-7,60981323;616421;4572960;Duero basins;Madorras I;Passage grave;n/a;GrA-884;3500;40;n/a;n/a;n/a;n/a;n/a;n/a;n/a;Charcoal;Surface ancient soil;Paleosol;Cruz 1995;n/a;Cruz 1995;n/a;No;n/a
Spain;42,679546;-1,147315;1143537;4755223;Ebro basin;Corona de Hualde;Dolmen;Cistoid structure with cuadrangular shape of 1.10 x 0.80 m;N.R.4a;3505;40;n/a;n/a;n/a;n/a;n/a;n/a;n/a;n/a;n/a;n/a;Alday et al 2016;n/a;Alday et al 2016;n/a;No;n/a
Spain;42,95178832;-2,22810741;1052488;4777762;North;Etxegarate;Dolmen;n/a;GrA-29996;3505;40;n/a;n/a;n/a;n/a;n/a;n/a;n/a;Bone;n/a;n/a;Mujika Alustiza 2017, 95;n/a;Mujika Alustiza 2017, 95;n/a;No;n/a
Spain;42,95178832;-2,22810741;1052488;4777762;North;Etxegarate;Dolmen;n/a;GrA-24203;3510;40;n/a;n/a;n/a;n/a;n/a;n/a;n/a;Bone;n/a;n/a;Mujika Alustiza 2017, 95;n/a;Mujika Alustiza 2017, 95;n/a;No;n/a
Portugal;39,76162612;-8,369410169;554013;4401490;Tagus basins;Rego da Murta 1;Passage grave;n/a;Beta-189999;3510;40;-20,3;n/a;n/a;n/a;n/a;n/a;n/a;Human bone;Chamber;Chamber;Figueiredo 2006;n/a;Figueiredo 2006;n/a;No;n/a
Spain;42,99369;-2,10908;1061819;4783210;North;Arraztarangaña;Cist;n/a;GrA-34322;3515;35;n/a;n/a;n/a;n/a;n/a;n/a;n/a;Bone;n/a;n/a;Mujika Alustiza 2017, 95;n/a;Mujika Alustiza 2017, 95;n/a;Yes;Bronze age site
Spain;41,4169;0,489722;1293496;4628723;Ebro basin;Vall de Miarnau;Cist;n/a;UBAR-633;3520;50;n/a;n/a;n/a;n/a;n/a;n/a;n/a;Human bone;n/a;n/a;Telearchaeology.com;n/a;Telearchaeology.com;n/a;No;n/a
Spain;43,08532619;-2,249403485;1049552;4792457;North;Mandubi Zelaia;Dolmen;Cistoid structure with cuadrangular shape of 1.80 x 1.14 m;Ua-35042;3520;35;n/a;n/a;n/a;n/a;n/a;n/a;C3 plants and terrestrial animals;Bone;n/a;n/a;Mujika Alustiza 2017, 95;n/a;Mujika Alustiza 2017, 95;n/a;No;n/a
Portugal;38,030767;-7,617345;621345;4210130;South;Centirã 2;Tholos;n/a;Sac-2792;3790;110;-20;n/a;n/a;n/a;n/a;n/a;n/a;Human bone;n/a;n/a;Lozano Medina, Aranda Jimenez 2017;Robles et al 2013;Robles et al 2013/Lozano Medina, Aranda Jimenez 2017;n/a;No;n/a
Portugal;38,069986;-8,128385;576453;4213938;South;Cardim 6;Tholos;n/a;SANU-53037;3795;26;-18,9;8,5;n/a;n/a;n/a;n/a;n/a;Human teeth;Phase 3.S.U.408;n/a;Valera et al 2019;n/a; Valera et al 2019;n/a;No;n/a
Spain;37,28168747;-6,932644959;683275;4128124;South;La Orden-El Seminario 7016;Tholos;n/a;CNA-327;3795;50;n/a;n/a;n/a;n/a;-135;20;C3 plants and terrestrial animals with marine resources;Human bone;n/a;n/a;Martinez Fernandez, Vera 2014;Martinez Fernandez, Vera 2014;Lozano Medina 2017;DeltaR values from Monge Soares, Matos Martins 2010;No;n/a
Spain;40,43529;-3,52166;964759;4490506;Tagus basins;Camino de las Yeseras;Varia;n/a;Ua-35021;3525;40;n/a;n/a;n/a;n/a;n/a;n/a;n/a;Bone;Burial. Funerary area 2;Funerary area;Bueno Ramirez et al 2014/Perez 2014;Perez 2014;Bueno Ramirez et al 2014/Perez 2014;Geographic coordinates approximated;Yes;Non megalithic site
Spain;42,95958;-2,21547;1053450;4778711;North;Aitxu;Cist;n/a;I-17615;3530;110;n/a;n/a;n/a;n/a;n/a;n/a;n/a;Charcoal;n/a;n/a;Mujika Alustiza 2017, 95;n/a;Mujika Alustiza 2017, 95;n/a;Yes;Bronze age cist
Portugal;37,0712;-8,918;507289;4102774;South;Pedra Escorregadia;Passage grave;Short corridor (1 m long);ICEN-1028;3800;100;-19,68;n/a;n/a;n/a;n/a;n/a;C3 plants and terrestrial animals;Human bone;Chamber;Chamber;Gomes et al 1994;n/a;Gomes et al 1994;n/a;No;n/a
Portugal;38,069986;-8,128385;576453;4213938;South;Cardim 6;Tholos;n/a;SANU-53512;3805;33;-20,8;10,1;n/a;n/a;n/a;n/a;n/a;Human teeth;Phase 2.S.U. 412;n/a;Valera et al 2019;n/a; Valera et al 2019;n/a;No;n/a
Spain;37,26481871;-1,788277469;1139890;4148708;South;Almizaraque;Rock-cut-tomb, artificial cave & hypogeum;n/a;KN-73;3810;60;n/a;n/a;n/a;n/a;n/a;n/a;n/a;Charcoal;n/a;n/a;Almagro Gorbea 1972;Almagro Gorbea 1972;Lozano Medina 2017;n/a;No;n/a
Portugal;38,030767;-7,617345;621345;4210130;South;Centirã 2;Tholos;n/a;Sac-2788;3810;80;-20,8;n/a;n/a;n/a;n/a;n/a;n/a;Human bone;n/a;n/a;Lozano Medina, Aranda Jimenez 2017;Robles et al 2013;Robles et al 2013/Lozano Medina, Aranda Jimenez 2017;n/a;No;n/a
Spain;38,7265;1,4458;1409077;4338592;East;Ca na Costa;Dolmen;n/a;KIA-14330;3535;40;-18,79;12,74;n/a;n/a;n/a;n/a;n/a;Human bone;Chamber;Chamber;Lull et al 2004/Mico Perez  2005/Van Strydonck et al 2005;n/a;Lull et al 2004/Mico Perez  2005/Van Strydonck et al 2005;DeltaR values from Monge Soares, Matos Martins 2010. ;Yes;Non megalithic site
Portugal;38,44117124;-7,548947519;626634;4255762;South;Perdigões 4;Tholos;n/a;Beta-514883;3810;30;-19,1;8,8;n/a;n/a;n/a;n/a;n/a;Human bone;Chamber. Phase II;Chamber;Valera 2020;n/a;Valera 2020;Geographic coordinates approximated;No;n/a
Spain;37,6653;-6,7097;702006;4171148;South;La Venta;Passage grave;n/a;Beta-150158;3820;50;n/a;n/a;n/a;n/a;n/a;n/a;n/a;Charcoal;n/a;n/a;Nocete 2004;Nocete 2004;Lozano Medina 2017;n/a;No;n/a
Portugal;38,44117124;-7,548947519;626634;4255762;South;Perdigões 4;Tholos;n/a;Beta-517338;3820;30;-19,7;8,3;n/a;n/a;n/a;n/a;n/a;Human bone;Chamber. Phase II;Chamber;Valera 2020;n/a;Valera 2020;Geographic coordinates approximated;No;n/a
Portugal;38,77337;-9,24386;478816;4291655;Tagus basins;Carenque 2;Rock-cut-tomb, artificial cave & hypogeum;n/a;OxTL-169j_h2;3545;370;n/a;n/a;n/a;n/a;n/a;n/a;n/a;n/a;Context n/a. Dated by TL;n/a;"Whittle, Arnaud 1975; Boaventura 2011";"Whittle, Arnaud 1975; Boaventura 2011";Whittle, Arnaud 1975/Boaventura 2011/Lozano Medina 2017;n/a;No;n/a
Spain;42,57060164;-2,566025068;1028153;4733238;Ebro basin;Dolmen de Alto de la Huesera;Passage grave;n/a;Beta-321417;3550;30;n/a;n/a;n/a;n/a;n/a;n/a;C3 plants and terrestrial animals;Human bone;n/a;n/a;Fernandez Eraso, Mujika Alustiza 2013/Fernandez Crespo, Schulting 2017;n/a;Fernandez Eraso, Mujika Alustiza 2013/Fernandez Crespo, Schulting 2017;n/a;No;n/a
Spain;42,57457518;-2,6219053;1023531;4733330;Ebro basin;El Sotillo;Passage grave;n/a;Beta-299310;3550;30;n/a;n/a;n/a;n/a;n/a;n/a;C3 plants and terrestrial animals;Human bone;n/a;n/a;Fernandez Eraso, Mujika Alustiza 2013/Fernandez Crespo, Schulting 2017;n/a;Fernandez Eraso, Mujika Alustiza 2013/Fernandez Crespo, Schulting 2017;n/a;No;n/a
Spain;37,1847;-4,48278;901062;4124928;South;Alcaide;Rock-cut-tomb, artificial cave & hypogeum;n/a;GrN-19198;3830;180;n/a;n/a;n/a;n/a;n/a;n/a;n/a;Human bone;n/a;n/a;Marques Merelo et al 2004;n/a;Marques Merelo et al 2004;n/a;No;n/a
Spain;38,10186836;-1,857287244;1126630;4241290;South;Camino del Molino;Rock-cut-tomb, artificial cave & hypogeum;n/a;Beta-261524;3830;40;n/a;n/a;n/a;n/a;n/a;n/a;n/a;Human teeth;n/a;n/a;Olalde et al 2018;n/a;Olalde et al 2018;n/a;No;n/a
Spain;36,8411;-2,2064;1106124;4098849;South;El Barranquete 11;Tholos;n/a;CNA-2411;3830;35;-19,02;n/a;n/a;n/a;n/a;n/a;C3 plants and terrestrial animals;Human bone;Chamber. Human skull fragment from an adult male (+30 years old). Layer IV;Chamber;Aranda Jimenez, Lozano Medina 2014, 382;n/a;n/a;n/a;No;n/a
Spain;43,66992356;-7,743251244;601316;4835980;North;Forno dos Mouros 5;Passage grave;n/a;Ua-21687;3565;40;n/a;n/a;n/a;n/a;n/a;n/a;n/a;Charcoal;Filling of a trench which alters the mound;Mound;Carrero-Pazos 2017;Mav±ana Borrazas 2005;Carrero-Pazos 2017;n/a;No;n/a
Spain;42,95958;-2,21547;1053450;4778711;North;Aitxu;Cist;n/a;GrA-11494;3570;50;n/a;n/a;n/a;n/a;n/a;n/a;n/a;Charcoal;n/a;n/a;Mujika Alustiza 2017, 95;n/a;Mujika Alustiza 2017, 95;n/a;Yes;Bronze age cist
Portugal;38,44117124;-7,548947519;626634;4255762;South;Perdigões 4;Tholos;n/a;Beta-514884;3830;30;-19,4;8,7;n/a;n/a;n/a;n/a;n/a;Human bone;Chamber. Phase II;Chamber;Valera 2020;n/a;Valera 2020;Geographic coordinates approximated;No;n/a
Portugal;38,3906;-7,4847;632334;4250241;South;Anta 2 da Herdade dos Cebolinhos;Passage grave;n/a;Beta-177471;3840;40;n/a;n/a;n/a;n/a;n/a;n/a;n/a;Human bone;Chamber;Chamber;Gonvßalvez 2003;n/a;Gonvßalvez 2003;n/a;No;n/a
Portugal;38,44180784;-7,547132;626791;4255835;South;Perdigões 2;Tholos;n/a;Beta-308789;3840;30;n/a;n/a;n/a;n/a;n/a;n/a;n/a;Human bone;n/a;n/a;Valera et al 2014/Emslie et al 2015;Valera et al 2014/Emslie et al 2015;Valera et al 2014/Emslie et al 2015/Lozano Medina 2017;Geographic coordinates approximated;No;n/a
Spain;41,7653;-5,7653;768888;4628776;Duero basins;El Miradero;Rundgraber & calero tomb;n/a;GrN-N.R.2;3585;40;n/a;n/a;n/a;n/a;n/a;n/a;n/a;Human bone;n/a;n/a;Bellido 2015;n/a;Bellido 2015;n/a;No;n/a
Spain;42,6821784;-1,86197133;1084920;4750289;Ebro basin;Morea;Passage grave;n/a;GrA-16923;3590;45;n/a;n/a;n/a;n/a;n/a;n/a;n/a;Human bone;n/a;n/a;Beguiristain 2004;n/a;Beguiristain 2004;n/a;No;n/a
Spain;38,7265;1,4458;1409077;4338592;East;Ca na Costa;Dolmen;n/a;KIA-14329;3595;35;-18,69;9,06;n/a;n/a;n/a;n/a;n/a;Human bone;Chamber;Chamber;Lull et al 2004/Mico Perez  2005/Van Strydonck et al 2005;n/a;Lull et al 2004/Mico Perez  2005/Van Strydonck et al 2005;DeltaR values from Monge Soares, Matos Martins 2010. ;Yes;Non megalithic site
Spain;42,6821784;-1,86197133;1084920;4750289;Ebro basin;Morea;Passage grave;n/a;GrA-13670;3600;40;n/a;n/a;n/a;n/a;n/a;n/a;n/a;Human bone;n/a;n/a;Alday et al 2016;Beguiristain 2004;Beguiristain 2004/Alday et al 2016;n/a;No;n/a
Portugal;38,44117124;-7,548947519;626634;4255762;South;Perdigões 4;Tholos;n/a;Beta-514880;3840;30;-19,8;8,4;n/a;n/a;n/a;n/a;n/a;Human bone;Chamber. Phase II;Chamber;Valera 2020;n/a;Valera 2020;Geographic coordinates approximated;No;n/a
Spain;37,3574;-2,363482;1088064;4155239;South;La Atalaya 6;Rundgraber & calero tomb;With corridor;ETH-74308;3844;20;-24,1;n/a;n/a;n/a;n/a;n/a;C3 plants and terrestrial animals;Human bone;Tomb 6;Funerary area;Aranda Jimenez et al 2017;n/a;Aranda Jimenez et al 2017;Geographic coordinates approximated;No;n/a
Spain;39,6622;-6,91861;678546;4392336;Tagus basins;Trincones 1;Passage grave;n/a;Beta-197160;3600;60;n/a;n/a;n/a;n/a;n/a;n/a;n/a;Bone;Tomb 1;Funerary area;Bueno Ramirez et al 2004;n/a;Bueno Ramirez et al 2004;n/a;No;n/a
Spain;39,905736;4,212298;1631073;4501779;East;Biniai Nou 2;Rock-cut-tomb, artificial cave & hypogeum;n/a;KIA-11901;3605;30;-19,62;9,83;n/a;n/a;n/a;n/a;Meat and vegetables. Low indices of marine resources;Human bone;Under layer chamber;Mound soil;Mico Perez  2005/Van Strydonck et al 2005;n/a;Mico Perez  2005/Van Strydonck et al 2005;n/a;No;n/a
Spain;36,84316793;-2,207241097;1106032;4099074;South;El Barranquete 8;Tholos;n/a;Beta-436480;3850;30;-19,1;10,4;n/a;n/a;n/a;n/a;C3 plants and terrestrial animals;Human bone;Chamber. Layer 2;Chamber;Aranda Jimenez et al 2018;n/a;Aranda Jimenez et al 2018;n/a;No;n/a
Spain;42,6821784;-1,86197133;1084920;4750289;Ebro basin;Morea;Passage grave;n/a;GrA-16928;3615;45;n/a;n/a;n/a;n/a;n/a;n/a;n/a;Human bone;n/a;n/a;Alday et al 2016;Beguiristain 2004;Beguiristain 2004/Alday et al 2016;n/a;No;n/a
Spain;37,5586;-6,7353;700033;4159253;South;Los Gabrieles 4;Passage grave;Angled corridor;Beta-185648;3850;40;n/a;n/a;n/a;n/a;n/a;n/a;n/a;Charcoal;Burial chamber (layer 3);Funerary area;Garcia Sanjuan et al 2011;n/a;Garcia Sanjuan 2009, 19;Geographic coordinates approximated;No;n/a
Portugal;38,069986;-8,128385;576453;4213938;South;Cardim 6;Tholos;n/a;SANU-53038;3855;24;-18,5;7,7;n/a;n/a;n/a;n/a;n/a;Human teeth;Phase 2. S.U.407;n/a;Valera et al 2019;n/a; Valera et al 2019;n/a;No;n/a
Portugal;41,1886;-8,0416;580373;4560136;Duero basins;Outeiro de Gregos 1;Cist;Simple chamber;CSIC-772;3620;50;n/a;n/a;n/a;n/a;n/a;n/a;n/a;Charcoal;Layer under peripheric structure;Paleosol;Cassen 1993, 515;n/a;Cassen 1993, 515;n/a;No;n/a
Spain;43,0867;-2,2154;1052309;4792835;North;Larrarte;Dolmen;n/a;GrA-20497;3620;60;n/a;n/a;n/a;n/a;n/a;n/a;n/a;Human bone;n/a;n/a;n/a;n/a;n/a;n/a;No;n/a
Spain;36,8411;-2,2064;1106124;4098849;South;El Barranquete 11;Tholos;n/a;CNA-2404;3856;35;-20,1;n/a;n/a;n/a;n/a;n/a;C3 plants and terrestrial animals;Human bone;Chamber. Human right radius from an adult female (21-40 years old). Layer IV;Chamber;Aranda Jimenez, Lozano Medina 2014, 382;n/a;n/a;n/a;No;n/a
Spain;37,14110374;-1,852472269;1135229;4134519;South;Loma de Belmonte;Tholos;n/a;SUERC-86843;3857;34;-18,5;9,7;n/a;n/a;n/a;n/a;n/a;Human teeth;Funerary chamber. Human Tooth 36 (adult);Chamber;Aranda Jimenez et al. 2021;n/a;Aranda Jimenez et al. 2021;Geographic coordinates approximated;No;n/a
Spain;41,96918;1,316438;1355271;4698142;Ebro basin;Santes Masses;Cist;n/a;UBAR210;3630;50;n/a;n/a;n/a;n/a;n/a;n/a;n/a;Human bone;n/a;n/a;Gonzalez-Marcen 2010;n/a;Gonzalez-Marcen 2010;n/a;Yes;Bronze age cist
Spain;39,905736;4,212298;1631073;4501779;East;Biniai Nou 2;Rock-cut-tomb, artificial cave & hypogeum;n/a;UtC-8950;3635;35;-19,74;8,49;n/a;n/a;n/a;n/a;Meat and vegetables. Low indices of marine resources;Human bone;Under layer chamber;Mound soil;Mico Perez  2005/Van Strydonck et al 2005;n/a;Mico Perez  2005/Van Strydonck et al 2005;n/a;No;n/a
Portugal;37,1991;-8,588;536562;4117039;South;Alcalar 7;Tholos;n/a;Beta-180980;3860;40;n/a;n/a;n/a;n/a;n/a;n/a;n/a;Charcoal;Entrance area;Mound soil;Moran, Parreira 2004;n/a;Carvalho 2008;n/a;No;n/a
Spain;42,59383;-2,0531;1070062;4739161;Ebro basin;San Pelayo;Cist;n/a;Beta-392698;3640;30;n/a;n/a;n/a;n/a;n/a;n/a;n/a;Charcoal;Trench 8;Mound soil;Sesma et al 2014/Mujika Alustiza et al 2016;n/a;Sesma et al 2014/Mujika Alustiza et al 2016;n/a;Yes;Bronze age site
Portugal;38,8263;-9,4663;459523;4297604;Tagus basins;Praia das Maçãs;Tholos;n/a;H-2048;3640;60;n/a;n/a;n/a;n/a;n/a;n/a;n/a;Charcoal;n/a;n/a;Soares, Cabral 1984;Soares, Cabral 1984;Lozano Medina 2017;n/a;No;n/a
Portugal;39,76162612;-8,369410169;554013;4401490;Tagus basins;Rego da Murta 1;Passage grave;n/a;Beta-190000;3640;40;-20,7;n/a;n/a;n/a;n/a;n/a;n/a;Human bone;Chamber;Chamber;Figueiredo 2006;n/a;Figueiredo 2006;n/a;No;n/a
Portugal;40,5107;-8,0045;584339;4484918;Duero basins;Arquinha da Moura;Passage grave;n/a;GrA-9255;3650;50;n/a;n/a;n/a;n/a;n/a;n/a;n/a;Human bone;Ground level corridor;Paleosol;Cruz et al 2003;n/a;Cruz et al 2003;n/a;No;n/a
Portugal;39,474;-7,3576;641268;4370666;Tagus basins;Cabeçuda;Passage grave;n/a;ICEN-977;3650;110;n/a;n/a;n/a;n/a;n/a;n/a;n/a;Charcoal;Basement chamber;Mound soil;Oliveira 1997;n/a;Oliveira 1997;n/a;No;n/a
Spain;39,9869;-4,2033;909607;4437335;Tagus basins;Valle de las Higueras 3;Rock-cut-tomb, artificial cave & hypogeum;n/a;GX-29950;3650;40;n/a;n/a;n/a;n/a;n/a;n/a;C3 plants mainly;Human bone;n/a;n/a;Bueno Ramirez et al 2010, Tab 3/Bueno Ramirez et al. 2010;n/a;Bueno Ramirez et al 2010, Tab 3/Bueno Ramirez et al. 2010;n/a;No;n/a
Spain;42,6821784;-1,86197133;1084920;4750289;Ebro basin;Morea;Passage grave;n/a;GrA-16925;3655;45;n/a;n/a;n/a;n/a;n/a;n/a;n/a;Human bone;n/a;n/a;Alday et al 2016;Beguiristain 2004;Beguiristain 2004/Alday et al 2016;n/a;No;n/a
Spain;39,905736;4,212298;1631073;4501779;East;Biniai Nou 2;Rock-cut-tomb, artificial cave & hypogeum;n/a;KIA-11902;3660;25;-19,39;9;n/a;n/a;n/a;n/a;Meat and vegetables. Low indices of marine resources;Human bone;Under layer chamber;Mound soil;Mico Perez  2005/Van Strydonck et al 2005;n/a;Mico Perez  2005/Van Strydonck et al 2005;n/a;No;n/a
Spain;37,26481871;-1,788277469;1139890;4148708;South;Almizaraque;Rock-cut-tomb, artificial cave & hypogeum;n/a;CSIC-269;3860;60;n/a;n/a;n/a;n/a;n/a;n/a;n/a;Charcoal;n/a;n/a;Alonso et al 1978;Alonso et al 1978;Lozano Medina 2017;n/a;No;n/a
Spain;36,8411;-2,2064;1106124;4098849;South;El Barranquete 11;Tholos;n/a;CNA-2407;3860;35;-19,72;n/a;n/a;n/a;n/a;n/a;C3 plants and terrestrial animals;Human bone;Chamber. Human left radius from an adult male (21-40 years old). Layer IV;Chamber;Aranda Jimenez, Lozano Medina 2014, 382;n/a;n/a;n/a;No;n/a
Portugal;39,55622455;-8,302174633;559950;4378736;Tagus basins;Val da Laje 1;Varia;n/a;n/a;3670;480;n/a;n/a;n/a;n/a;n/a;n/a;n/a;n/a;Context n/a. Dated by TL;n/a;"Whittle, Arnaud 1975; Boaventura 2011";"Whittle, Arnaud 1975; Boaventura 2011";Whittle, Arnaud 1975/Boaventura 2011/Lozano Medina 2017;n/a;Yes;Outlier
Spain;42,2692;-2,5239;1034177;4700017;Ebro basin;Collado Palomero 1;Dolmen;Intratumular corridor;CSIC-970;3680;20;n/a;n/a;n/a;n/a;n/a;n/a;n/a;Human bone;Layer A1;n/a;IDEArq.org;n/a;n/a;n/a;No;n/a
Spain;36,8411;-2,2064;1106124;4098849;South;El Barranquete 11;Tholos;n/a;CNA-2408;3860;35;-19,72;n/a;n/a;n/a;n/a;n/a;C3 plants and terrestrial animals;Human bone;Chamber. Human skull fragment from an infantile (7-12 years old). Layer IV;Chamber;Aranda Jimenez, Lozano Medina 2014, 382;n/a;n/a;n/a;No;n/a
Portugal;38,404;-7,5073;630336;4251696;South;Gorginos 2;Passage grave;Short corridor?;OxTL-169b_c1;3860;360;n/a;n/a;n/a;n/a;n/a;n/a;n/a;Ceramic shard;South of the chamber. Dated by TL;Chamber;Whittle, Arnaud 1975/Boaventura 2011;Whittle, Arnaud 1975/Boaventura 2011;Whittle, Arnaud 1975/Boaventura 2011/Lozano Medina 2017;n/a;No;n/a
Portugal;40,9016;-7,8092;600297;4528516;Duero basins;Picoto do Vasco;Passage grave;n/a;GrN-22816;3690;130;n/a;n/a;n/a;n/a;n/a;n/a;n/a;Charcoal;Basement atrium;Mound soil;Cruz et al 2003;n/a;Cruz et al 2003;n/a;No;n/a
Spain;38,7983;-6,66583;702704;4296982;South;La Pijotilla Tholos 1;Tholos;n/a;BM-1603;3860;70;n/a;n/a;n/a;n/a;n/a;n/a;n/a;n/a;Tumulus 1;Mound;Hurtado Perez 1981;n/a;Hurtado Perez 1981;n/a;No;n/a
Spain;41,7014;1,640833;1385927;4671688;East;Sierra de Clarena;Tholos;n/a;I-12396;3700;100;n/a;n/a;n/a;n/a;n/a;n/a;n/a;Human bone;n/a;n/a;Frances et al 2004;n/a;Frances et al 2004;n/a;Yes;Lack of contextual data
Spain;42,993359;-2,11337;1061472;4783144;North;Ondarre;Cist;n/a;B-327177;3700;30;n/a;n/a;n/a;n/a;n/a;n/a;Mainly meat;Charcoal;n/a;n/a;Mujika Alustiza 2017, 95/Fernandez-Crespo et al 2016;n/a;Mujika Alustiza 2017, 95/Fernandez-Crespo et al 2016;n/a;No;n/a
Portugal;38,44117124;-7,548947519;626634;4255762;South;Perdigões 4;Tholos;n/a;Beta-514881;3860;30;-19,7;8,2;n/a;n/a;n/a;n/a;n/a;Human bone;Chamber. Phase II;Chamber;Valera 2020;n/a;Valera 2020;Geographic coordinates approximated;No;n/a
Spain;37,40986043;-6,059052883;760292;4144401;South;Montelirio;Tholos;n/a;Ua-40804;3862;30;-22,6;n/a;n/a;n/a;n/a;n/a;C3 plants and terrestrial animals;Human bone;n/a;n/a;Fernandez Flores, Aycart 2013/Diaz Zorita 2013/Bayliss et al 2016/Bayliss et al 2017/Fontanals-Coll et al 2016/Lozano Medina 2017/Garcia Sanjuan et al 2018;n/a;Fernandez Flores, Aycart 2013/Diaz Zorita 2013/Bayliss et al 2016/Bayliss et al 2017/Fontanals-Coll et al 2016/Lozano Medina 2017/Garcia Sanjuan et al 2018;n/a;No;n/a
Spain;37,14110374;-1,852472269;1135229;4134519;South;Loma de Belmonte;Tholos;n/a;SUERC-86847;3868;34;-18,1;9,7;n/a;n/a;n/a;n/a;n/a;Human teeth;Funerary chamber. Human Tooth 36 (adult);Chamber;Aranda Jimenez et al. 2021;n/a;Aranda Jimenez et al. 2021;Geographic coordinates approximated;No;n/a
Portugal;40,5107;-8,0045;584339;4484918;Duero basins;Arquinha da Moura;Passage grave;n/a;GrA-23198;3710;60;n/a;n/a;n/a;n/a;n/a;n/a;n/a;Charcoal;Basement chamber;Mound soil;Cruz et al 2003;n/a;Cruz et al 2003;n/a;No;n/a
Spain;39,9915;-4,2092;909075;4437819;Tagus basins;El Castillejo;Tumulus;n/a;N.R.-N.R.;3710;70;n/a;n/a;n/a;n/a;n/a;n/a;C3 plants and terrestrial animals;Human bone;n/a;n/a;IDEArq.org;n/a;Benitez de Lugo Enrich 2018;n/a;No;n/a
Spain;42,95178832;-2,22810741;1052488;4777762;North;Etxegarate;Dolmen;n/a;Ua-37369;3715;40;n/a;n/a;n/a;n/a;n/a;n/a;n/a;Bone;n/a;n/a;Mujika Alustiza 2017, 95;n/a;Mujika Alustiza 2017, 95;n/a;No;n/a
Portugal;38,44117124;-7,548947519;626634;4255762;South;Perdigões 4;Tholos;n/a;ICA-18B/0541;3870;30;n/a;n/a;n/a;n/a;n/a;n/a;n/a;Human bone;Chamber. Phase II;Chamber;Valera 2020;n/a;Valera 2020;Geographic coordinates approximated;No;n/a
Portugal;38,069986;-8,128385;576453;4213938;South;Cardim 6;Tholos;n/a;SANU-53513;3871;35;-19,3;10;n/a;n/a;n/a;n/a;n/a;Human teeth;Phase 2.S.U. 412;n/a;Valera et al 2019;n/a; Valera et al 2019;n/a;No;n/a
Spain;36,96454267;-2,522625867;1076940;4110597;South;Los Millares 75;Tholos;n/a;SUERC-86902;3872;32;-18,9;11,9;n/a;n/a;n/a;n/a;n/a;Human teeth;Funerary chamber. Human Tooth 37 (adult);Chamber;Aranda Jimenez et al. 2020;n/a;Aranda Jimenez et al. 2020;Geographic coordinates approximated;No;n/a
Spain;37,14110374;-1,852472269;1135229;4134519;South;Loma de Belmonte;Tholos;n/a;SUERC-86833;3878;34;-18,8;11,9;n/a;n/a;n/a;n/a;n/a;Human teeth;Funerary chamber. Human Tooth 36 (adult);Chamber;Aranda Jimenez et al. 2021;n/a;Aranda Jimenez et al. 2021;Geographic coordinates approximated;No;n/a
Portugal;39,0674;-9,272;476469;4324291;Tagus basins;Borracheira;Tholos;n/a;UGAMS-8454;3720;25;n/a;n/a;n/a;n/a;n/a;n/a;C3 plants mainly;Human bone;n/a;n/a;Waterman 2012;Waterman 2012;Lozano Medina 2017;n/a;No;n/a
Portugal;39,474;-7,3576;641268;4370666;Tagus basins;Cabeçuda;Passage grave;n/a;ICEN-979;3720;45;n/a;n/a;n/a;n/a;n/a;n/a;n/a;Acorn;n/a;n/a;Garcia Sanjuan 2009;n/a;Garcia Sanjuan 2009;n/a;No;n/a
Portugal;38,069986;-8,128385;576453;4213938;South;Cardim 6;Tholos;n/a;SANU-53039;3880;25;-20,9;10;n/a;n/a;n/a;n/a;n/a;Human teeth;Phase 2.S.U. 410;n/a;Valera et al 2019;n/a; Valera et al 2019;n/a;No;n/a
Spain;36,96557824;-2,522518693;1076942;4110713;South;Los Millares 52;Tholos;n/a;CNA4436;3880;30;-18,7;10,6;n/a;n/a;n/a;n/a;n/a;Human bone;Funerary chamber;Chamber;Molina González et al. 2020;n/a;Molina González et al. 2020;Geographic coordinates approximated;No;n/a
Spain;36,96511165;-2,522866906;1076914;4110659;South;Los Millares 71;Tholos;n/a;SUERC-86913;3883;34;-18,7;10,2;n/a;n/a;n/a;n/a;n/a;Human teeth;Funerary chamber. Human Tooth 36 (adult);Chamber;Aranda Jimenez et al. 2020;n/a;Aranda Jimenez et al. 2020;Geographic coordinates approximated;No;n/a
Spain;37,3658;-3,2975;1005165;4150738;South;Panoria 10;Varia;Cistoid structure with corridor;ETH-71515;3886;23;-19,4;9;n/a;n/a;n/a;n/a;C3 plants and terrestrial animals;Human bone;Tomb 10. Funerary chamber. Left femur;Chamber;Aranda Jimenez et al 2017, Tab 16;n/a;n/a;n/a;No;n/a
Portugal;40,5107;-8,0045;584339;4484918;Duero basins;Arquinha da Moura;Passage grave;n/a;GrA-9577;3740;50;n/a;n/a;n/a;n/a;n/a;n/a;n/a;Human bone;Lower level;n/a;Cruz et al 2003;n/a;Cruz et al 2003;n/a;No;n/a
Spain;40,43529;-3,52166;964759;4490506;Tagus basins;Camino de las Yeseras;Varia;n/a;Ua-35017;3740;40;n/a;n/a;n/a;n/a;n/a;n/a;n/a;Human bone;Burial 16;Funerary area;Blasco et al 2007/Bueno Ramirez et al 2014/Perez 2014;Perez 2014;Blasco et al 2007/Bueno Ramirez et al 2014/Perez 2014;Geographic coordinates approximated;Yes;Non megalithic site
Spain;40,43529;-3,52166;964759;4490506;Tagus basins;Camino de las Yeseras;Varia;n/a;Beta-184837;3740;40;n/a;n/a;n/a;n/a;n/a;n/a;n/a;Human bone;Last burial;n/a;Blasco et al 2007/Liesau et al 2008;n/a;Blasco et al 2007/Liesau et al 2008;Geographic coordinates approximated;Yes;Non megalithic site
Spain;39,905736;4,212298;1631073;4501779;East;Biniai Nou 2;Rock-cut-tomb, artificial cave & hypogeum;n/a;UtC-8949;3745;40;-19,92;11,39;n/a;n/a;n/a;n/a;Meat and vegetables. Low indices of marine resources;Human bone;Under layer chamber;Mound soil;Mico Perez  2005/Van Strydonck et al 2005;n/a;Mico Perez  2005/Van Strydonck et al 2005;n/a;No;n/a
Spain;36,84316793;-2,207241097;1106032;4099074;South;El Barranquete 8;Tholos;n/a;ETH-66525;3888;25;-19,5;9;n/a;n/a;n/a;n/a;C3 plants and terrestrial animals;Human bone;Passage. 2nd section;Corridor;Aranda Jimenez et al 2018;n/a;Aranda Jimenez et al 2018;n/a;No;n/a
Portugal;39,55622455;-8,302174633;559950;4378736;Tagus basins;Val da Laje 1;Varia;n/a;n/a;3750;380;n/a;n/a;n/a;n/a;n/a;n/a;n/a;n/a;Context n/a. Dated by TL;n/a;"Whittle, Arnaud 1975; Boaventura 2011";"Whittle, Arnaud 1975; Boaventura 2011";Whittle, Arnaud 1975/Boaventura 2011/Lozano Medina 2017;n/a;Yes;Outlier
Spain;37,26481871;-1,788277469;1139890;4148708;South;Almizaraque;Rock-cut-tomb, artificial cave & hypogeum;n/a;CSIC-655;3890;50;n/a;n/a;n/a;n/a;n/a;n/a;n/a;Charcoal;n/a;n/a;IDEArq.org;n/a;Lozano Medina 2017;n/a;No;n/a
Portugal;38,8542;-7,61917;619815;4301503;Tagus basins;Estremoz 7;Passage grave;n/a;Wk-17089;3758;36;-19,7;n/a;n/a;n/a;n/a;n/a;n/a;Human bone;Chamber;Chamber;Boaventura 2009;Boaventura 2009;Boaventura 2009;n/a;No;n/a
Portugal;38,44180784;-7,547132;626791;4255835;South;Perdigões 2;Tholos;n/a;Beta-308792;3890;30;n/a;n/a;n/a;n/a;n/a;n/a;n/a;Human bone;n/a;n/a;Valera et al 2014/Emslie et al 2015;Valera et al 2014/Emslie et al 2015;Valera et al 2014/Emslie et al 2015/Lozano Medina 2017;Geographic coordinates approximated;No;n/a
Spain;42,9836118;-2,2118882;1053525;4781405;North;Atxurbi;Cist;n/a;Ua-12079;3765;60;n/a;n/a;n/a;n/a;n/a;n/a;n/a;Charcoal;Below basement of the chamber;Paleosol;Mujika Alustiza 2017, 95/Mujika Alustiza et al 2017;n/a;Mujika Alustiza 2017, 95/Mujika Alustiza et al 2017;n/a;No;n/a
Spain;37,3658;-3,2975;1005165;4150738;South;Panoria 10;Varia;Cistoid structure with corridor;SUERC-72324;3898;30;n/a;8;n/a;n/a;n/a;n/a;C3 plants and terrestrial animals;Human bone;Tomb 10. First section of passage. Fibula from a juvenile;Corridor;Aranda Jimenez et al 2017, Tab 18;n/a;n/a;n/a;No;n/a
Spain;42,5807056;-2,6528964;1020935;4733820;Ebro basin;Dolmen de Layaza;Passage grave;n/a;Beta-317864;3770;30;n/a;n/a;n/a;n/a;n/a;n/a;C3 plants and terrestrial animals;Human bone;n/a;n/a;Fernandez Eraso, Mujika Alustiza 2013/Fernandez Crespo, Schulting 2017;n/a;Fernandez Eraso, Mujika Alustiza 2013/Fernandez Crespo, Schulting 2017;n/a;No;n/a
Spain;42,68591;-3,81131;925116;4739005;Ebro basin;San Quirce;Passage grave;n/a;GrN-14493;3770;190;n/a;n/a;n/a;n/a;n/a;n/a;n/a;n/a;Level 6;n/a;Delibes 2000;n/a;Delibes 2000;n/a;No;n/a
Spain;37,3658;-3,2975;1005165;4150738;South;Panoria 10;Varia;Cistoid structure with corridor;ETH-69964;3899;24;-20,1;8,8;n/a;n/a;n/a;n/a;C3 plants and terrestrial animals;Human bone;Tomb 10. Funerary chamber. Left femur;Chamber;Aranda Jimenez et al 2017, Tab 15;n/a;n/a;n/a;No;n/a
Spain;37,26481871;-1,788277469;1139890;4148708;South;Almizaraque;Rock-cut-tomb, artificial cave & hypogeum;n/a;CSIC-647;3900;50;n/a;n/a;n/a;n/a;n/a;n/a;n/a;Charcoal;n/a;n/a;Castav±o et al 1991;Castav±o et al 1991;Lozano Medina 2017;n/a;No;n/a
Spain;42,69344028;-1,146320468;1143474;4756775;Ebro basin;Faulo;Dolmen;n/a;GrA-13667;3780;40;n/a;n/a;n/a;n/a;n/a;n/a;n/a;Human bone;n/a;n/a;Alday et al 2016;Beguiristain 2004;Beguiristain 2004/Alday et al 2016;n/a;No;n/a
Portugal;38,3906;-7,4847;632334;4250241;South;Anta 2 da Herdade dos Cebolinhos;Passage grave;n/a;Beta-176899;3900;40;n/a;n/a;n/a;n/a;n/a;n/a;n/a;Human bone;Chamber;Chamber;Gonvßalvez 2003;n/a;Gonvßalvez 2003;n/a;No;n/a
Portugal;38,030767;-7,617345;621345;4210130;South;Centirã 2;Tholos;n/a;Sac-2790;3900;45;n/a;n/a;n/a;n/a;n/a;n/a;n/a;Human bone;Burial 2;Funerary area;Lozano Medina, Aranda Jimenez 2017;Robles et al 2013;Robles et al 2013/Lozano Medina, Aranda Jimenez 2017;n/a;No;n/a
Spain;40,22526;-3,7873;943591;4465810;Tagus basins;Humanejos;Varia;n/a;Ua-40217;3781;36;n/a;n/a;n/a;n/a;n/a;n/a;n/a;Human bone;Burial;Funerary area;Blasco et al 2011;Bueno Ramirez et al 2016;Blasco et al 2011/Bueno Ramirez et al 2016;n/a;Yes;Non megalithic site
Portugal;38,069986;-8,128385;576453;4213938;South;Cardim 6;Tholos;n/a;SANU-53106;3905;25;-18,9;9,9;n/a;n/a;n/a;n/a;n/a;Human teeth;Phase 1.S.U. 415;n/a;Valera et al 2019;n/a; Valera et al 2019;n/a;No;n/a
Spain;36,84287254;-2,206617462;1106090;4099045;South;El Barranquete 9;Tholos;n/a;ETH-66528;3905;25;-19,2;9,4;n/a;n/a;n/a;n/a;C3 plants and terrestrial animals;Human bone;Passage. 2nd section;Corridor;Aranda Jimenez et al 2018;n/a;Aranda Jimenez et al 2018;n/a;No;n/a
Portugal;38,693395;-9,372155;467635;4282818;Tagus basins;S. Pedro do Estoril 1;Rock-cut-tomb, artificial cave & hypogeum;n/a;Beta-178468;3790;40;-19,6;n/a;n/a;n/a;n/a;n/a;n/a;Human bone;n/a;n/a;Gonvßalves 2005;Gonvßalves 2005;Lozano Medina 2017;n/a;No;n/a
Spain;39,9869;-4,2033;909607;4437335;Tagus basins;Valle de las Higueras 3;Rock-cut-tomb, artificial cave & hypogeum;n/a;Beta-157729;3790;40;n/a;n/a;n/a;n/a;n/a;n/a;C3 plants mainly;Human bone;n/a;n/a;Bueno Ramirez et al 2010, Tab 3/Bueno Ramirez et al. 2010;n/a;Bueno Ramirez et al 2010, Tab 3/Bueno Ramirez et al. 2010;n/a;No;n/a
Spain;41,594166;2,413889;1451978;4668113;East;Costa de Can Martorell;Rock-cut-tomb, artificial cave & hypogeum;n/a;Ly-7838;3795;55;n/a;n/a;n/a;n/a;n/a;n/a;C3 plants and terrestrial animals;Human bone;Access. Inferior level;Paleosol;Idearq.org/Aliaga i Rodrigo 2003;Mercadal 2003, 221-228;Idearq.org/Aliaga i Rodrigo 2003;n/a;No;n/a
Spain;37,40986043;-6,059052883;760292;4144401;South;Montelirio;Tholos;n/a;Erl-17299;3905;74;n/a;n/a;n/a;n/a;n/a;n/a;C3 plants and terrestrial animals;Ivory;Megalithic grave;Funerary area;Garcia Sanjuan et al 2008;n/a;Garcia Sanjuan et al 2008;n/a;No;n/a
Portugal;38,4958;-8,0609;581893;4261245;South;Vale de Rodrigo 2;Passage grave;n/a;Ua-10831;3905;75;n/a;n/a;n/a;n/a;n/a;n/a;n/a;Charcoal;Charcoal by an artifact accumulation in front of the corridor;Funerary area;Larsson 2000, 451;n/a;Larsson 2000, 451;n/a;No;n/a
Spain;40,22526;-3,7873;943591;4465810;Tagus basins;Humanejos;Varia;n/a;Ua-43525;3797;32;n/a;n/a;n/a;n/a;n/a;n/a;n/a;Human teeth;Funerary deposit;Funerary area;Olalde et al 2018;n/a;Olalde et al 2018;n/a;Yes;Non megalithic site
Portugal;41,2045;-8,0187;582273;4561923;Duero basins;Meninas do Crasto 4;Dolmen;Chamber destroyed. Cairn with lithic ring;CSIC-660;3800;50;n/a;n/a;n/a;n/a;n/a;n/a;n/a;Charcoal;Burial ?;Funerary area;Mu¬Åller 1998, 82;Criado Boado, Fabregas Valcarce 1989;Mu¬Åller 1998, 82/Criado Boado, Fabregas Valcarce 1989, 685;n/a;No;n/a
Spain;42,679546;-1,147315;1143537;4755223;Ebro basin;Corona de Hualde;Dolmen;Cistoid structure with cuadrangular shape of 1.10 x 0.80 m;GrA-13665;3800;40;n/a;n/a;n/a;n/a;n/a;n/a;n/a;Human bone;n/a;n/a;Alday et al 2016;Beguiristain 2004;Beguiristain 2004/Alday et al 2016;n/a;No;n/a
Spain;37,26481871;-1,788277469;1139890;4148708;South;Almizaraque;Rock-cut-tomb, artificial cave & hypogeum;n/a;CSIC-646;3910;50;n/a;n/a;n/a;n/a;n/a;n/a;n/a;Charcoal;n/a;n/a;Castav±o et al 1991;Castav±o et al 1991;Lozano Medina 2017;n/a;No;n/a
Portugal;39,70854;-7,98336;587148;4395902;Tagus basins;Anta de Lajinha;Passage grave;n/a;ITNLUM-206;3800;300;n/a;n/a;n/a;n/a;n/a;n/a;n/a;Regolith (quartz);Chamber. Dated by OSL;Chamber;Burbidge et al 2014;n/a;Burbidge et al 2014/Lozano Medina 2017;n/a;No;n/a
Portugal;39,70854;-7,98336;587148;4395902;Tagus basins;Anta de Lajinha;Passage grave;n/a;ITNLUM-438;3800;300;n/a;n/a;n/a;n/a;n/a;n/a;n/a;Regolith (quartz);Mound base. Dated by OSL;Mound soil;Burbidge et al 2014;n/a;Burbidge et al 2014/Lozano Medina 2017;n/a;No;n/a
Portugal;38,5391;-8,01428;585907;4266092;South;Anta Grande do Zambujeiro;Passage grave;n/a;Beta-243693;3910;40;-22,6;n/a;n/a;n/a;n/a;n/a;n/a;Charcoal;Negative structure in the entrance;Mound soil;Soares, Silva 2010;n/a;Soares, Silva 2010;n/a;No;n/a
Portugal;41,4839;-7,4019;633417;4593709;Duero basins;Mamoa do Castelo 1;Passage grave;n/a;CSIC-1816;3806;32;n/a;n/a;n/a;n/a;n/a;n/a;n/a;Charcoal;Under stones of tumulus;Paleosol;Sanches et al 2005;n/a;Sanches et al 2005;n/a;No;n/a
Spain;41,594166;2,413889;1451978;4668113;East;Costa de Can Martorell;Rock-cut-tomb, artificial cave & hypogeum;n/a;Ly-7837;3810;55;n/a;n/a;n/a;n/a;n/a;n/a;C3 plants and terrestrial animals;Human bone;Chamber. Level down;Chamber;Idearq.org/Aliaga i Rodrigo 2003;n/a;Idearq.org/Aliaga i Rodrigo 2003;n/a;No;n/a
Spain;37,36603124;-3,297747516;1005142;4150763;South;Panoria 7;Varia;Cistoid structure with corridor;Beta-448209;3910;30;n/a;9,9;n/a;n/a;n/a;n/a;C3 plants and terrestrial animals;Human bone;Tomb 7 funerary chamber. Left radius from an adult;Chamber;Aranda Jimenez et al 2017, Tab 5;n/a;n/a;n/a;No;n/a
Spain;36,96454267;-2,522625867;1076940;4110597;South;Los Millares 75;Tholos;n/a;SUERC-82839;3917;25;-18,9;12,2;n/a;n/a;n/a;n/a;n/a;Human teeth;Funerary chamber. Human Tooth 34 (adult);Chamber;Aranda Jimenez et al. 2020;n/a;Aranda Jimenez et al. 2020;Geographic coordinates approximated;No;n/a
Spain;37,14110374;-1,852472269;1135229;4134519;South;Loma de Belmonte;Tholos;n/a;SUERC-86842;3920;34;-19,1;10,9;n/a;n/a;n/a;n/a;n/a;Human teeth;Funerary chamber. Human Tooth 36 (adult);Chamber;Aranda Jimenez et al. 2021;n/a;Aranda Jimenez et al. 2021;Geographic coordinates approximated;No;n/a
Spain;39,9915;-4,2092;909075;4437819;Tagus basins;El Castillejo;Tumulus;n/a;Beta-145274;3810;70;n/a;n/a;n/a;n/a;n/a;n/a;C3 plants and terrestrial animals;Human bone;Platform;n/a;Garcia Sanjuan et al 2011;Bueno Ramirez et al 2000;Garcia Sanjuan et al 2011/Bueno Ram¬°rez et al 2000;n/a;No;n/a
Spain;39,9869;-4,2033;909607;4437335;Tagus basins;Valle de las Higueras 3;Rock-cut-tomb, artificial cave & hypogeum;n/a;Beta-157730;3810;40;n/a;n/a;n/a;n/a;n/a;n/a;C3 plants mainly;Human bone;n/a;n/a;Bueno Ramirez et al 2010, Tab 3/Bueno Ramirez et al. 2010;n/a;Bueno Ramirez et al 2010, Tab 3/Bueno Ramirez et al. 2010;n/a;No;n/a
Spain;40,43529;-3,52166;964759;4490506;Tagus basins;Camino de las Yeseras;Varia;n/a;Ua-39312;3819;30;n/a;n/a;n/a;n/a;n/a;n/a;n/a;Human bone;Individual 4;Funerary area;Blasco et al 2014;n/a;Blasco et al 2014;Geographic coordinates approximated;Yes;Non megalithic site
Spain;43,4244;-7,85972;592300;4808576;North;Mourela 7;Varia;Polygonal chamber;CSIC-977;3820;35;n/a;n/a;n/a;n/a;n/a;n/a;n/a;Charcoal;Floor of the chamber;Mound soil;Fabregas Valcarce, Vilaseco Vazquez 2003, 293-294;Fabregas Valcarce, Vilaseco Vazquez 2003, 293-294;Fabregas Valcarce, Vilaseco Vazquez 2003, 293-294/Fabregas Valcarce 1990-1991;n/a;No;n/a
Spain;43,4964;-7,895;589338;4816534;North;Reboredo 1;Tumulus;n/a;GrN-19214;3820;70;n/a;n/a;n/a;n/a;n/a;n/a;n/a;Charcoal;Hearth by the chamber;Mound;Fabregas Valcarce, Vilaseco Vazquez 2003, 293-294;Vaquero Lastres 1995;Fabregas Valcarce, Vilaseco Vazquez 2003, 293-294/Vaquero Lastres 1995;n/a;Yes;Bronze age site
Spain;37,5586;-6,7353;700033;4159253;South;Los Gabrieles 4;Passage grave;Angled corridor;Beta-185649;3920;50;n/a;n/a;n/a;n/a;n/a;n/a;n/a;Charcoal;Tomb 3. Burial chamber (layer 4);Chamber;Garcia Sanjuan et al 2011;n/a;Garcia Sanjuan et al 2011;Geographic coordinates approximated;No;n/a
Spain;36,96373691;-2,52260637;1076948;4110507;South;Los Millares 18;Tholos;n/a;CNA4453;3920;30;-18,7;8,8;n/a;n/a;n/a;n/a;n/a;Human bone;Funerary chamber;Chamber;Molina González et al. 2020;n/a;Molina González et al. 2020;Geographic coordinates approximated;No;n/a
Portugal;38,8973;-9,43436;462333;4305469;Tagus basins;Samarra;Tholos;Typology under discussion;Sac-1827;3820;60;-20,5;n/a;n/a;n/a;n/a;n/a;n/a;Human bone;Chamber;Chamber;Silva et al 2006;n/a;Silva et al 2006;n/a;No;n/a
Portugal;41,2045;-8,0187;582273;4561923;Duero basins;Meninas do Crasto 4;Dolmen;Chamber destroyed. Cairn with lithic ring;CSIC-661;3830;50;n/a;n/a;n/a;n/a;n/a;n/a;n/a;Charcoal;Burial ?;Funerary area;Mu¬Åller 1998, 82;Criado Boado, Fabregas Valcarce 1989;Mu¬Åller 1998, 82/Criado Boado, Fabregas Valcarce 1989, 685;n/a;No;n/a
Spain;42,7227;-7,9069;589496;4730601;North;Coto dos Mouros;Passage grave;n/a;CAMS-83116;3830;60;n/a;n/a;n/a;n/a;n/a;n/a;n/a;Charcoal;Painting with black charcoal;Painting;Steelman et al 2005;n/a;Steelman et al 2005;n/a;No;n/a
Spain;37,3574;-2,363482;1088064;4155239;South;La Atalaya 6;Rundgraber & calero tomb;With corridor;ETH-74309;3922;20;-16,4;n/a;n/a;n/a;n/a;n/a;C3 plants and terrestrial animals;Human bone;Tomb 6;Funerary area;Aranda Jimenez et al 2017;n/a;Aranda Jimenez et al 2017;Geographic coordinates approximated;No;n/a
Spain;36,8411;-2,2064;1106124;4098849;South;El Barranquete 11;Tholos;n/a;CNA-2405;3925;35;-20,19;n/a;n/a;n/a;n/a;n/a;C3 plants and terrestrial animals;Human bone;Chamber. Human right humerus from an adult female (21-40 years old). Layer IV;Chamber;Aranda Jimenez, Lozano Medina 2014, 382;n/a;n/a;n/a;No;n/a
Spain;37,3574;-2,363482;1088064;4155239;South;La Atalaya 6;Rundgraber & calero tomb;With corridor;ETH-74310;3925;20;-16,6;n/a;n/a;n/a;n/a;n/a;C3 plants and terrestrial animals;Human bone;Tomb 6;Funerary area;Aranda Jimenez et al 2017;n/a;Aranda Jimenez et al 2017;Geographic coordinates approximated;No;n/a
Spain;37,3574;-2,363482;1088064;4155239;South;La Atalaya 6;Rundgraber & calero tomb;With corridor;ETH-74311;3928;20;-15,3;n/a;n/a;n/a;n/a;n/a;C3 plants and terrestrial animals;Human bone;Tomb 6;Funerary area;Aranda Jimenez et al 2017;n/a;Aranda Jimenez et al 2017;Geographic coordinates approximated;No;n/a
Portugal;38,693395;-9,372155;467635;4282818;Tagus basins;S. Pedro do Estoril 1;Rock-cut-tomb, artificial cave & hypogeum;n/a;Beta-178467;3830;40;-19,4;n/a;n/a;n/a;n/a;n/a;n/a;Human bone;n/a;n/a;Gonvßalves 2005;Gonvßalves 2005;Lozano Medina 2017;n/a;No;n/a
Spain;39,9869;-4,2033;909607;4437335;Tagus basins;Valle de las Higueras 3;Rock-cut-tomb, artificial cave & hypogeum;n/a;Beta-157732;3830;40;n/a;n/a;n/a;n/a;n/a;n/a;C3 plants mainly;Human bone;Antechamber;Funerary area;Bueno Ramirez et al 2010, Tab 3/Bueno Ramirez et al. 2010;n/a;Bueno Ramirez et al 2010, Tab 3/Bueno Ramirez et al. 2010;n/a;No;n/a
Spain;42,3064;-2,4477;1040145;4704633;Ebro basin;Collado del Mallo;Passage grave;n/a;Beta-89990;3840;70;n/a;n/a;n/a;n/a;n/a;n/a;n/a;Human bone;Entrance chamber;Mound soil;Boaventura 2009;Lopez de Calle, Llarraza 1997;Boaventura 2009/Lopez de Calle, Llarraza 1997;n/a;No;n/a
Spain;37,41319635;-6,064496574;759799;4144756;South;La Pastora;Tholos;n/a;CNA-1283;3929;30;n/a;n/a;n/a;n/a;n/a;n/a;n/a;Human bone;Corridor;Corridor;Garcia Sanjuan et al 2008;n/a;Garcia Sanjuan et al 2008;;No;n/a
Portugal;38,44117124;-7,548947519;626634;4255762;South;Perdigões 4;Tholos;n/a;Beta-517339;3930;30;-19,4;8,5;n/a;n/a;n/a;n/a;n/a;Human bone;Chamber. Phase II;Chamber;Valera 2020;n/a;Valera 2020;Geographic coordinates approximated;No;n/a
Spain;36,96511165;-2,522866906;1076914;4110659;South;Los Millares 71;Tholos;n/a;SUERC-86917;3938;34;-18,8;9,6;n/a;n/a;n/a;n/a;n/a;Human teeth;Funerary chamber. Human Tooth 37 (adult);Chamber;Aranda Jimenez et al. 2020;n/a;Aranda Jimenez et al. 2020;Geographic coordinates approximated;No;n/a
Spain;39,6556;-7,51472;627420;4390587;Tagus basins;Joaninha;Passage grave;n/a;Sac-1381;3840;170;n/a;n/a;n/a;n/a;n/a;n/a;n/a;n/a;n/a;n/a;Garcia Sanjuan 2006, 153;Oliveira 1998;Garcia Sanjuan 2006, 153/Oliveira 1998;n/a;No;n/a
Spain;36,84316793;-2,207241097;1106032;4099074;South;El Barranquete 8;Tholos;n/a;CNA-3233;3939;36;-19;10,1;n/a;n/a;n/a;n/a;C3 plants and terrestrial animals;Human bone;Chamber. Layer 2;Chamber;Aranda Jimenez et al 2018;n/a;Aranda Jimenez et al 2018;n/a;No;n/a
Portugal;38,069986;-8,128385;576453;4213938;South;Cardim 6;Tholos;n/a;SANU-53101;3940;25;-18,8;10,7;n/a;n/a;n/a;n/a;n/a;Human teeth;Phase 1. S.U. 415;n/a;Valera et al 2019;n/a; Valera et al 2019;n/a;No;n/a
Portugal;41,02;-8,05;579872;4541411;Duero basins;Cabras;Varia;No evidence of megalithic chamber;CSIC-1057;3850;60;n/a;n/a;n/a;n/a;n/a;n/a;n/a;Charcoal;Surface ancient soil;Paleosol;Stockler 1998;n/a;Stockler 1998;n/a;No;n/a
Spain;42,57060164;-2,566025068;1028153;4733238;Ebro basin;Dolmen de Alto de la Huesera;Passage grave;n/a;Beta-321418;3850;30;n/a;n/a;n/a;n/a;n/a;n/a;C3 plants and terrestrial animals;Human bone;n/a;n/a;Fernandez Eraso, Mujika Alustiza 2013/Fernandez Crespo, Schulting 2017;n/a;Fernandez Eraso, Mujika Alustiza 2013/Fernandez Crespo, Schulting 2017;n/a;No;n/a
Portugal;38,030767;-7,617345;621345;4210130;South;Centirã 2;Tholos;n/a;Sac-2791;3940;50;-20,2;n/a;n/a;n/a;n/a;n/a;n/a;Human bone;n/a;n/a;Lozano Medina, Aranda Jimenez 2017;n/a;Lozano Medina, Aranda Jimenez 2017;n/a;No;n/a
Spain;37,6129;-6,5368;717411;4165720;South;Puerto de los Huertos;Gallery sepulchre;Rectilinear gallery;CNA-344;3940;50;n/a;n/a;n/a;n/a;n/a;n/a;n/a;Charcoal;n/a;n/a;Linares, Garcia Sanjuan 2010;Linares, Garcia Sanjuan 2010;Lozano Medina 2017;n/a;No;n/a
Portugal;38,69353452;-9,372452638;467609;4282834;Tagus basins;S. Pedro do Estoril 2;Rock-cut-tomb, artificial cave & hypogeum;n/a;Beta-178466;3850;40;-19,6;n/a;n/a;n/a;n/a;n/a;n/a;Human bone;n/a;n/a;Gonvßalves 2005;Gonvßalves 2005;Lozano Medina 2017;Geographic coordinates approximated;No;n/a
Spain;37,3658;-3,2975;1005165;4150738;South;Panoria 10;Varia;Cistoid structure with corridor;ETH-69967;3941;24;-19;8,3;n/a;n/a;n/a;n/a;C3 plants and terrestrial animals;Human bone;Tomb 10. Funerary chamber. Left femur;Chamber;Aranda Jimenez et al 2017, Tab 14;n/a;n/a;n/a;No;n/a
Spain;43,4794;-7,88361;590284;4814658;North;Illade 3;Tumulus;n/a;GrN-19213;3855;60;n/a;n/a;n/a;n/a;n/a;n/a;n/a;Charcoal;n/a;n/a;Fabregas Valcarce, Vilaseco Vazquez 2003, 293-294;Vaquero Lastres 1995;Fabregas Valcarce, Vilaseco Vazquez 2003, 293-294/Vaquero Lastres 1995;Geographic coordinates approximated;No;n/a
Spain;37,3658;-3,2975;1005165;4150738;South;Panoria 10;Varia;Cistoid structure with corridor;EHT-69966;3942;24;-21,2;8;n/a;n/a;n/a;n/a;C3 plants and terrestrial animals;Human bone;Tomb 10. Funerary chamber. Left femur;Chamber;Aranda Jimenez et al 2017, Tab 13;n/a;n/a;n/a;No;n/a
Spain;36,96454267;-2,522625867;1076940;4110597;South;Los Millares 75;Tholos;n/a;SUERC-80506;3943;30;-19,3;8,8;n/a;n/a;n/a;n/a;n/a;Human teeth;Funerary chamber. Human Tooth 37 (adult);Chamber;Aranda Jimenez et al. 2020;n/a;Aranda Jimenez et al. 2020;Geographic coordinates approximated;No;n/a
Spain;37,3658;-3,2975;1005165;4150738;South;Panoria 10;Varia;Cistoid structure with corridor;ETH-69962;3945;24;-19,2;8,5;n/a;n/a;n/a;n/a;C3 plants and terrestrial animals;Human bone;Tomb 10. Second section of the passage. Left femur;Corridor;Aranda Jimenez et al 2017, Tab 12;n/a;n/a;n/a;No;n/a
Spain;41,17695193;-2,540366302;1041962;4578560;Duero basins;Tumulo de la Sima II;Tholos;n/a;KIA-17999;3860;30;n/a;n/a;n/a;n/a;n/a;n/a;n/a;Human bone;n/a;n/a;Rojo et al 2008;n/a;Rojo et al 2008;n/a;No;n/a
Spain;42,3064;-2,4477;1040145;4704633;Ebro basin;Collado del Mallo;Passage grave;n/a;Beta-89988;3860;70;n/a;n/a;n/a;n/a;n/a;n/a;n/a;Human bone;Chamber;Chamber;IDEArq.org;n/a;n/a;n/a;No;n/a
Spain;42,993359;-2,11337;1061472;4783144;North;Ondarre;Cist;n/a;B-413479;3860;30;n/a;n/a;n/a;n/a;n/a;n/a;Mainly meat;Charcoal;n/a;n/a;Mujika Alustiza 2017, 95;n/a;Mujika Alustiza 2017, 95;n/a;No;n/a
Spain;37,26481871;-1,788277469;1139890;4148708;South;Almizaraque;Rock-cut-tomb, artificial cave & hypogeum;n/a;CSIC-644;3950;50;n/a;n/a;n/a;n/a;n/a;n/a;n/a;Charcoal;n/a;n/a;Castav±o et al 1991;Castav±o et al 1991;Lozano Medina 2017;n/a;No;n/a
Spain;38,10186836;-1,857287244;1126630;4241290;South;Camino del Molino;Rock-cut-tomb, artificial cave & hypogeum;n/a;Beta-244974;3950;60;-19;10,2;n/a;n/a;n/a;n/a;n/a;Human bone;n/a;n/a;Lomba et al 2009;Lomba et al 2009;Lozano Medina 2017/Lomba et al 2009;n/a;No;n/a
Spain;37,40986043;-6,059052883;760292;4144401;South;Montelirio;Tholos;n/a;CNA-587;3950;70;n/a;n/a;n/a;n/a;n/a;n/a;C3 plants and terrestrial animals;Human bone;n/a;n/a;Fernandez Flores, Aycart 2013/Diaz Zorita 2013/Bayliss et al 2016/Bayliss et al 2017/Fontanals-Coll et al 2016/Lozano Medina 2017/Garcia Sanjuan et al 2018;n/a;Fernandez Flores, Aycart 2013/Diaz Zorita 2013/Bayliss et al 2016/Bayliss et al 2017/Fontanals-Coll et al 2016/Lozano Medina 2017/Garcia Sanjuan et al 2018;n/a;No;n/a
Spain;37,3658;-3,2975;1005165;4150738;South;Panoria 10;Varia;Cistoid structure with corridor;ETH-69970;3954;24;-19,8;8,4;n/a;n/a;n/a;n/a;C3 plants and terrestrial animals;Human bone;Tomb 10. Funerary chamber. Left femur;Chamber;Aranda Jimenez et al 2017, Tab 11;n/a;n/a;n/a;No;n/a
Spain;37,3574;-2,363482;1088064;4155239;South;La Atalaya 6;Rundgraber & calero tomb;With corridor;SUERC-69011;3959;25;-19,4;n/a;n/a;n/a;n/a;n/a;C3 plants and terrestrial animals;Human bone;Tomb 6;Funerary area;Aranda Jimenez et al 2017;n/a;Aranda Jimenez et al 2017;Geographic coordinates approximated;No;n/a
Spain;37,3658;-3,2975;1005165;4150738;South;Panoria 10;Varia;Cistoid structure with corridor;ETH-69969;3959;24;-20,6;9;n/a;n/a;n/a;n/a;C3 plants and terrestrial animals;Human bone;Tomb 10. Funerary chamber. Left femur;Chamber;Aranda Jimenez et al 2017, Tab 10;n/a;n/a;n/a;No;n/a
Spain;37,36603377;-3,297615053;1005154;4150764;South;Panoria 8;Varia;Cistoid structure;ETH-71513;3959;26;-20,6;9,7;n/a;n/a;n/a;n/a;C3 plants and terrestrial animals;Human bone;Tomb 8. Funerary chamber (Phase I);Chamber;Aranda Jimenez et al 2017, Tab 6;n/a;n/a;n/a;No;n/a
Spain;39,9869;-4,2033;909607;4437335;Tagus basins;Valle de las Higueras 3;Rock-cut-tomb, artificial cave & hypogeum;n/a;Beta-205141;3860;40;n/a;n/a;n/a;n/a;n/a;n/a;C3 plants mainly;Human bone;n/a;n/a;Bueno Ramirez et al 2010, Tab 3/Bueno Ramirez et al. 2010;n/a;Bueno Ramirez et al 2010, Tab 3/Bueno Ramirez et al. 2010;n/a;No;n/a
Portugal;41,4839;-7,4019;633417;4593709;Duero basins;Mamoa do Castelo 1;Passage grave;n/a;CSIC-1815;3862;33;n/a;n/a;n/a;n/a;n/a;n/a;n/a;Charcoal;Antechamber;Funerary area;Sanches et al 2005;n/a;Sanches et al 2005;n/a;No;n/a
Spain;41,17695193;-2,540366302;1041962;4578560;Duero basins;Tumulo de la Sima II;Tholos;n/a;KIA-18000;3862;25;n/a;n/a;n/a;n/a;n/a;n/a;n/a;Human bone;n/a;n/a;Rojo et al 2008;n/a;Rojo et al 2008;n/a;No;n/a
Spain;36,96511165;-2,522866906;1076914;4110659;South;Los Millares 71;Tholos;n/a;SUERC-82840;3961;20;-19;10,9;n/a;n/a;n/a;n/a;n/a;Human teeth;Funerary chamber. Human Tooth 36 (adult);Chamber;Aranda Jimenez et al. 2020;n/a;Aranda Jimenez et al. 2020;Geographic coordinates approximated;No;n/a
Spain;36,96464562;-2,522645967;1076937;4110608;South;Los Millares 74;Tholos;n/a;ETH-89499;3963;27;-19,5;8,7;n/a;n/a;n/a;n/a;n/a;Human bone;Funerary chamber. Jaw (adult);Chamber;Aranda Jimenez et al. 2020;n/a;Aranda Jimenez et al. 2020;Geographic coordinates approximated;No;n/a
Spain;41,4977739;2,126926438;1429410;4654217;East;Carrer de Paris;Rock-cut-tomb, artificial cave & hypogeum;n/a;UBAR-860;3870;45;n/a;n/a;n/a;n/a;n/a;n/a;n/a;Human bone;n/a;n/a;Soriano 2016;n/a;Soriano 2016;n/a;No;n/a
Spain;36,96603656;-2,522871681;1076907;4110761;South;Los Millares 56;Tholos;n/a;CNA4438;3970;30;-19;9,5;n/a;n/a;n/a;n/a;n/a;Human bone;Funerary chamber;Chamber;Molina González et al. 2020;n/a;Molina González et al. 2020;Geographic coordinates approximated;No;n/a
Portugal;38,44180784;-7,547132;626791;4255835;South;Perdigões 2;Tholos;n/a;Beta-308793;3970;30;n/a;n/a;n/a;n/a;n/a;n/a;n/a;Human bone;n/a;n/a;Valera et al 2014/Emslie et al 2015;Valera et al 2014/Emslie et al 2015;Valera et al 2014/Emslie et al 2015/Lozano Medina 2017;Geographic coordinates approximated;No;n/a
Portugal;38,68143291;-9,16267449;485850;4281438;Tagus basins;Sao Paulo 1;Rock-cut-tomb, artificial cave & hypogeum;n/a;UBAR-630;3870;70;n/a;n/a;n/a;n/a;n/a;n/a;n/a;Human bone;n/a;n/a;"Silva 2002; Silva 2012";"Silva 2002; Silva 2012";Lozano Medina 2017;n/a;No;n/a
Spain;37,14110374;-1,852472269;1135229;4134519;South;Loma de Belmonte;Tholos;n/a;SUERC-87316;3971;25;-18,7;10,7;n/a;n/a;n/a;n/a;n/a;Human teeth;Funerary chamber. Human Tooth 36 (juvenile);Chamber;Aranda Jimenez et al. 2021;n/a;Aranda Jimenez et al. 2021;Geographic coordinates approximated;No;n/a
Spain;37,364;-2,357147;1088574;4156012;South;Las Churuletas 4;Passage grave;n/a;Beta-439076;3980;30;-19;n/a;n/a;n/a;n/a;n/a;C3 plants and terrestrial animals;Human bone;Tomb 4;Funerary area;Aranda Jimenez et al 2017;n/a;Aranda Jimenez et al 2017;Geographic coordinates approximated;No;n/a
Spain;41,594166;2,413889;1451978;4668113;East;Costa de Can Martorell;Rock-cut-tomb, artificial cave & hypogeum;n/a;UBAR-695;3875;50;n/a;n/a;n/a;n/a;n/a;n/a;C3 plants and terrestrial animals;Human bone;Chamber. Level down;Chamber;Idearq.org/Aliaga i Rodrigo 2003;n/a;Idearq.org/Aliaga i Rodrigo 2003;n/a;No;n/a
Spain;40,4352942;-3,521655491;964760;4490507;Tagus basins;Camino de las Yeseras;Varia;n/a;UAM-MAD 3590;3877;302;n/a;n/a;n/a;n/a;n/a;n/a;n/a;Pot;TL from a pot found in the burial;Funerary area;Liesau et al 2008;n/a;Liesau et al 2008;n/a;Yes;Non megalithic site
Spain;36,96559649;-2,522192073;1076971;4110717;South;Los Millares 67;Tholos;n/a;CNA4445;3980;30;-19;10,5;n/a;n/a;n/a;n/a;n/a;Human bone;Funerary chamber;Chamber;Molina González et al. 2020;n/a;Molina González et al. 2020;Geographic coordinates approximated;No;n/a
Spain;37,3658;-3,2975;1005165;4150738;South;Panoria 10;Varia;Cistoid structure with corridor;ETH-69968;3980;24;-20,1;9;n/a;n/a;n/a;n/a;C3 plants and terrestrial animals;Human bone;Tomb 10. Chamber. Left femur;Funerary area;Aranda Jimenez et al 2017, Tab 9;n/a;n/a;n/a;No;n/a
Spain;38,10186836;-1,857287244;1126630;4241290;South;Camino del Molino;Rock-cut-tomb, artificial cave & hypogeum;n/a;Beta-244975;3990;60;-19,5;8,5;n/a;n/a;n/a;n/a;n/a;Human bone;n/a;n/a;Lomba et al 2009;Lomba et al 2009;Lozano Medina 2017/Lomba et al 2009;n/a;No;n/a
Spain;36,84316793;-2,207241097;1106032;4099074;South;El Barranquete 8;Tholos;n/a;Beta-440654;3990;30;-18,7;9,8;n/a;n/a;n/a;n/a;C3 plants and terrestrial animals;Human bone;Chamber. Layer 2;Chamber;Aranda Jimenez et al 2018;n/a;Aranda Jimenez et al 2018;n/a;No;n/a
Portugal;38,4398;-7,5501;626536;4255609;South;Perdigões 1;Tholos;n/a;Beta-311480;3990;30;n/a;n/a;n/a;n/a;n/a;n/a;n/a;Human bone;Final depositions of phase 1;Funerary area;Valera et al 2014/Evangelista 2019;n/a;Valera et al 2014/Evangelista 2019;n/a;No;n/a
Spain;37,3658;-3,2975;1005165;4150738;South;Panoria 10;Varia;Cistoid structure with corridor;ETH-69963;3993;24;-19,6;8,2;n/a;n/a;n/a;n/a;C3 plants and terrestrial animals;Human bone;Tomb 10. Second section of the passage. Left femur;Corridor;Aranda Jimenez et al 2017, Tab 8;n/a;n/a;n/a;No;n/a
Spain;41,4977739;2,126926438;1429410;4654217;East;Carrer de Paris;Rock-cut-tomb, artificial cave & hypogeum;n/a;UBAR-1061;3890;45;n/a;n/a;n/a;n/a;n/a;n/a;n/a;Human bone;n/a;n/a;Carbonell et al 2020;n/a;Carbonell et al 2020;n/a;No;n/a
Spain;37,41319635;-6,064496574;759799;4144756;South;La Pastora;Tholos;n/a;CNA-1284;3999;30;n/a;n/a;n/a;n/a;n/a;n/a;n/a;Human bone;Corridor;Corridor;Garcia Sanjuan et al 2008;n/a;Garcia Sanjuan et al 2008;;No;n/a
Spain;37,26481871;-1,788277469;1139890;4148708;South;Almizaraque;Rock-cut-tomb, artificial cave & hypogeum;n/a;IRPA-1081;4000;50;-22,4;n/a;n/a;n/a;n/a;n/a;n/a;Charcoal;n/a;n/a;Castro et al 1996;Castro et al 1996;Lozano Medina 2017;n/a;No;n/a
Spain;39,9869;-4,2033;909607;4437335;Tagus basins;Valle de las Higueras 3;Rock-cut-tomb, artificial cave & hypogeum;n/a;Beta-145275;3890;40;n/a;n/a;n/a;n/a;n/a;n/a;C3 plants mainly;Human bone;n/a;n/a;Bueno Ramirez et al 2010, Tab 3/Bueno Ramirez et al. 2010;n/a;Bueno Ramirez et al 2010, Tab 3/Bueno Ramirez et al. 2010;n/a;No;n/a
Spain;37,40986043;-6,059052883;760292;4144401;South;Montelirio;Tholos;n/a;Ua-40802;4002;31;-21,4;n/a;n/a;n/a;n/a;n/a;C3 plants and terrestrial animals;Human bone;n/a;n/a;Fernandez Flores, Aycart 2013/Diaz Zorita 2013/Bayliss et al 2016/Bayliss et al 2017/Fontanals-Coll et al 2016/Lozano Medina 2017/Garcia Sanjuan et al 2018;n/a;Fernandez Flores, Aycart 2013/Diaz Zorita 2013/Bayliss et al 2016/Bayliss et al 2017/Fontanals-Coll et al 2016/Lozano Medina 2017/Garcia Sanjuan et al 2018;n/a;No;n/a
Spain;37,14110374;-1,852472269;1135229;4134519;South;Loma de Belmonte;Tholos;n/a;SUERC-86832;4004;34;-19,8;9;n/a;n/a;n/a;n/a;n/a;Human teeth;Funerary chamber. Human Tooth 27 (3,5 years);Chamber;Aranda Jimenez et al. 2021;n/a;Aranda Jimenez et al. 2021;Geographic coordinates approximated;No;n/a
Spain;37,14110374;-1,852472269;1135229;4134519;South;Loma de Belmonte;Tholos;n/a;SUERC-86841;4008;34;-19,1;10;n/a;n/a;n/a;n/a;n/a;Human teeth;Funerary chamber. Human Tooth 36 (adult);Chamber;Aranda Jimenez et al. 2021;n/a;Aranda Jimenez et al. 2021;Geographic coordinates approximated;No;n/a
Spain;37,3574;-2,363482;1088064;4155239;South;La Atalaya 6;Rundgraber & calero tomb;With corridor;SUERC-69012;4012;29;-19;n/a;n/a;n/a;n/a;n/a;C3 plants and terrestrial animals;Human bone;Tomb 6;Funerary area;Aranda Jimenez et al 2017;n/a;Aranda Jimenez et al 2017;Geographic coordinates approximated;No;n/a
Spain;37,14110374;-1,852472269;1135229;4134519;South;Loma de Belmonte;Tholos;n/a;SUERC-86850;4014;32;-19,7;9,6;n/a;n/a;n/a;n/a;n/a;Human teeth;Funerary chamber. Human Tooth 36 (adult);Chamber;Aranda Jimenez et al. 2021;n/a;Aranda Jimenez et al. 2021;Geographic coordinates approximated;No;n/a
Spain;43,08532619;-2,249403485;1049552;4792457;North;Mandubi Zelaia;Dolmen;Cistoid structure with cuadrangular shape of 1.80 x 1.14 m;GrA-22849;3905;45;n/a;n/a;n/a;n/a;n/a;n/a;C3 plants and terrestrial animals;Bone;n/a;n/a;Mujika Alustiza 2017, 95;n/a;Mujika Alustiza 2017, 95;n/a;No;n/a
Spain;43,08532619;-2,249403485;1049552;4792457;North;Mandubi Zelaia;Dolmen;Cistoid structure with cuadrangular shape of 1.80 x 1.14 m;GrA-22850;3905;45;n/a;n/a;n/a;n/a;n/a;n/a;C3 plants and terrestrial animals;Bone;n/a;n/a;Mujika Alustiza 2017, 95;n/a;Mujika Alustiza 2017, 95;n/a;No;n/a
Spain;36,96454267;-2,522625867;1076940;4110597;South;Los Millares 75;Tholos;n/a;SUERC-82835;4023;25;-19,7;11;n/a;n/a;n/a;n/a;n/a;Human teeth;Funerary chamber. Human Tooth 35 (adult);Chamber;Aranda Jimenez et al. 2020;n/a;Aranda Jimenez et al. 2020;Geographic coordinates approximated;No;n/a
Spain;37,1847;-4,48278;901062;4124928;South;Alcaide;Rock-cut-tomb, artificial cave & hypogeum;n/a;GrN-16062;4030;110;n/a;n/a;n/a;n/a;n/a;n/a;n/a;Human bone;n/a;n/a;Marques Merelo et al 2004;n/a;Marques Merelo et al 2004;n/a;No;n/a
Spain;37,26481871;-1,788277469;1139890;4148708;South;Almizaraque;Rock-cut-tomb, artificial cave & hypogeum;n/a;CSIC-643;4030;50;n/a;n/a;n/a;n/a;n/a;n/a;n/a;Charcoal;n/a;n/a;Castav±o et al 1991;Castav±o et al 1991;Lozano Medina 2017;n/a;No;n/a
Spain;37,26481871;-1,788277469;1139890;4148708;South;Almizaraque;Rock-cut-tomb, artificial cave & hypogeum;n/a;CSIC-645;4030;50;n/a;n/a;n/a;n/a;n/a;n/a;n/a;Charcoal;n/a;n/a;Castav±o et al 1991;Castav±o et al 1991;Lozano Medina 2017;n/a;No;n/a
Spain;40,43529;-3,52166;964759;4490506;Tagus basins;Camino de las Yeseras;Varia;n/a;Ua-35013;3905;35;n/a;n/a;n/a;n/a;n/a;n/a;n/a;Human bone;Individual 1;Funerary area;Blasco et al 2014;n/a;Blasco et al 2014;Geographic coordinates approximated;Yes;Non megalithic site
Spain;36,84316793;-2,207241097;1106032;4099074;South;El Barranquete 8;Tholos;n/a;Beta-440653;4030;30;-18,9;11,6;n/a;n/a;n/a;n/a;C3 plants and terrestrial animals;Human bone;Chamber. Layer 2;Chamber;Aranda Jimenez et al 2018;n/a;Aranda Jimenez et al 2018;n/a;No;n/a
Portugal;38,4398;-7,5501;626536;4255609;South;Perdigões 1;Tholos;n/a;Beta-237750;4030;40;n/a;n/a;n/a;n/a;n/a;n/a;n/a;Human bone;Intermedial layer;n/a;Valera et al 2014/Emslie et al 2015;Valera et al 2014/Emslie et al 2015;Valera et al 2014/Emslie et al 2015/Lozano Medina 2017;Identified as Beta-327750 in Aranda Jimenez et al 2021;No;n/a
Spain;36,84316793;-2,207241097;1106032;4099074;South;El Barranquete 8;Tholos;n/a;Beta-436481;4040;30;-19,1;10,3;n/a;n/a;n/a;n/a;C3 plants and terrestrial animals;Human bone;Chamber. Layer 2;Chamber;Aranda Jimenez et al 2018;n/a;Aranda Jimenez et al 2018;n/a;No;n/a
Spain;43,08532619;-2,249403485;1049552;4792457;North;Mandubi Zelaia;Dolmen;Cistoid structure with cuadrangular shape of 1.80 x 1.14 m;GrA-24202;3915;45;n/a;n/a;n/a;n/a;n/a;n/a;C3 plants and terrestrial animals;Bone;n/a;n/a;Mujika Alustiza 2017, 95;n/a;Mujika Alustiza 2017, 95;n/a;No;n/a
Spain;37,3574;-2,363482;1088064;4155239;South;La Atalaya 6;Rundgraber & calero tomb;With corridor;SUERC-69013;4041;29;-19,2;n/a;n/a;n/a;n/a;n/a;C3 plants and terrestrial animals;Human bone;Tomb 6;Funerary area;Aranda Jimenez et al 2017;n/a;Aranda Jimenez et al 2017;Geographic coordinates approximated;No;n/a
Spain;41,594166;2,413889;1451978;4668113;East;Costa de Can Martorell;Rock-cut-tomb, artificial cave & hypogeum;n/a;UBAR-696;3920;80;n/a;n/a;n/a;n/a;n/a;n/a;C3 plants and terrestrial animals;Human bone;Chamber. Level up;Chamber;Idearq.org/Aliaga i Rodrigo 2003;n/a;Idearq.org/Aliaga i Rodrigo 2003;Faunal bone according to Clop and Majv= 2017;No;n/a
Spain;42,55472814;-2,665062369;1020153;4730858;Ebro basin;El Montecillo;Passage grave;Remains of two orthostats in the corridor;Beta-288932;3920;40;n/a;n/a;n/a;n/a;n/a;n/a;C3 plants and terrestrial animals;Human bone;n/a;n/a;Fernandez Eraso, Mujika Alustiza 2013;n/a;Fernandez Eraso, Mujika Alustiza 2013;n/a;No;Also Beta-289232
Spain;43,0867;-2,2154;1052309;4792835;North;Larrarte;Dolmen;n/a;Ua-10376;3920;75;n/a;n/a;n/a;n/a;n/a;n/a;n/a;Human bone;Skull n. 1;n/a;n/a;n/a;n/a;n/a;No;n/a
Spain;36,96464562;-2,522645967;1076937;4110608;South;Los Millares 74;Tholos;n/a;SUERC-86910;4041;34;-19;n/a;n/a;n/a;n/a;n/a;n/a;Human teeth;Funerary chamber. Human Tooth 23 (adult);Chamber;Aranda Jimenez et al. 2020;n/a;Aranda Jimenez et al. 2020;Geographic coordinates approximated;No;n/a
Spain;37,35748137;-2,363397546;1088071;4155249;South;La Atalaya 1;Rundgraber & calero tomb;n/a;SUERC-69010;4050;29;-19,7;n/a;n/a;n/a;n/a;n/a;C3 plants and terrestrial animals;Human bone;Tomb 1;Funerary area;Aranda Jimenez et al 2017;n/a;Aranda Jimenez et al 2017;Geographic coordinates approximated;No;n/a
Spain;36,96549487;-2,52223828;1076967;4110705;South;Los Millares 68;Tholos;n/a;CNA4448;4050;30;-19,6;8,1;n/a;n/a;n/a;n/a;n/a;Human bone;Funerary chamber;Chamber;Molina González et al. 2020;n/a;Molina González et al. 2020;Geographic coordinates approximated;No;n/a
Spain;40,43529;-3,52166;964759;4490506;Tagus basins;Camino de las Yeseras;Varia;n/a;Beta-1975527;3920;70;n/a;n/a;n/a;n/a;n/a;n/a;n/a;Human bone;Bone individual X;Funerary area;Blasco et al 2014;n/a;Blasco et al 2014;Geographic coordinates approximated;Yes;Non megalithic site
Portugal;38,06597576;-7,607435872;622156;4214050;South;Monte de Cortes 2;Rock-cut-tomb, artificial cave & hypogeum;n/a;Beta-318382;4050;30;n/a;n/a;n/a;n/a;n/a;n/a;n/a;Human bone;n/a;n/a;Valera, Filipe 2012;Valera, Filipe 2012;Lozano Medina 2017;Geographic coordinates approximated;No;n/a
Spain;36,6992;-4,8497;870820;4069538;South;Tesorillo de la Llana;Passage grave;Passage grave with atypical corridor;GrA-37339;4055;35;n/a;n/a;n/a;n/a;n/a;n/a;n/a;Human bone;Antechamber;Funerary area;Garcia Sanjuan et al 2011;n/a;n/a;n/a;No;n/a
Spain;37,26481871;-1,788277469;1139890;4148708;South;Almizaraque;Rock-cut-tomb, artificial cave & hypogeum;n/a;CSIC-754;4060;70;n/a;n/a;n/a;n/a;n/a;n/a;n/a;Charcoal;n/a;n/a;Castav±o et al 1991;Castav±o et al 1991;Lozano Medina 2017;n/a;No;n/a
Spain;37,40986043;-6,059052883;760292;4144401;South;Montelirio;Tholos;n/a;CNA-588;4060;40;-21,38;n/a;n/a;n/a;n/a;n/a;C3 plants and terrestrial animals;Human bone;n/a;n/a;Fernandez Flores, Aycart 2013/Diaz Zorita 2013/Bayliss et al 2016/Bayliss et al 2017/Fontanals-Coll et al 2016/Lozano Medina 2017/Garcia Sanjuan et al 2018;Fernandez Flores, Aycart 2013/Bayliss et al 2016;Fernandez Flores, Aycart 2013/Diaz Zorita 2013/Bayliss et al 2016/Bayliss et al 2017/Fontanals-Coll et al 2016/Lozano Medina 2017/Garcia Sanjuan et al 2018;n/a;No;n/a
Portugal;37,0712;-8,918;507289;4102774;South;Pedra Escorregadia;Passage grave;Short corridor (1 m long);ICEN-844;4060;70;-19,44;n/a;n/a;n/a;n/a;n/a;C3 plants and terrestrial animals;Human bone;Chamber;Chamber;Gomes et al 1994;n/a;Gomes et al 1994;n/a;No;n/a
Portugal;38,4398;-7,5501;626536;4255609;South;Perdigões 1;Tholos;n/a;Beta-327748;4060;30;n/a;n/a;n/a;n/a;n/a;n/a;n/a;Human bone;n/a;n/a;Valera et al 2014/Emslie et al 2015;Valera et al 2014/Emslie et al 2015;Valera et al 2014/Emslie et al 2015/Lozano Medina 2017;n/a;No;n/a
Spain;37,6722;-6,72556;700588;4171879;South;La Paloma;Dolmen;Longitudinal gallery;Beta-150154;4070;70;n/a;n/a;n/a;n/a;n/a;n/a;n/a;Charcoal;n/a;n/a;Garcia Sanjuan et al 2011;Garcia Sanjuan et al 2011;Garcia Sanjuan et al 2011;n/a;No;n/a
Spain;36,96635366;-2,521641901;1077014;4110804;South;Los Millares 55;Tholos;n/a;CNA4437;4070;30;-19,2;9;n/a;n/a;n/a;n/a;n/a;Human bone;Funerary chamber;Chamber;Molina González et al. 2020;n/a;Molina González et al. 2020;Geographic coordinates approximated;No;n/a
Portugal;41,2031;-8,009;583088;4561776;Duero basins;Chã da Parada 1;Passage grave;n/a;Gif-7672;3940;80;n/a;n/a;n/a;n/a;n/a;n/a;n/a;Charcoal;Ancient soil;Paleosol;Cassen 1993, 515;n/a;Cassen 1993, 515;n/a;No;n/a
Spain;36,96579663;-2,521828081;1077002;4110741;South;Los Millares 57;Tholos;n/a;CNA4441;4070;30;-19,2;9,3;n/a;n/a;n/a;n/a;n/a;Human bone;Funerary chamber;Chamber;Molina González et al. 2020;n/a;Molina González et al. 2020;Geographic coordinates approximated;No;n/a
Spain;37,6129;-6,5368;717411;4165720;South;Puerto de los Huertos;Gallery sepulchre;Rectilinear gallery;CNA-342;4070;50;n/a;n/a;n/a;n/a;n/a;n/a;n/a;Charcoal;Tholos;Funerary area;Garcia Sanjuan et al 2011, Tab 3;Linares Catela, Garcia Sanjuan 2010;Linares Catela, Garcia Sanjuan 2010/Garcia Sanjuan et al 2011, Tab 3;n/a;No;n/a
Portugal;38,186845;-7,499151;631439;4227610;South;Sobreira de Cima 5;Rock-cut-tomb, artificial cave & hypogeum;n/a;Beta-232637;4080;40;n/a;n/a;n/a;n/a;n/a;n/a;n/a;Human bone;n/a;n/a;Valera 2013;Valera 2013;Lozano Medina 2017;n/a;No;n/a
Spain;39,9869;-4,2033;909607;4437335;Tagus basins;Valle de las Higueras 3;Rock-cut-tomb, artificial cave & hypogeum;n/a;Beta-227816;3940;40;n/a;n/a;n/a;n/a;n/a;n/a;C3 plants mainly;Human bone;Corp 3;Funerary area;Bueno Ramirez et al 2010, Tab 3/Bueno Ramirez et al. 2010;n/a;Bueno Ramirez et al 2010, Tab 3/Bueno Ramirez et al. 2010;n/a;No;n/a
Spain;37,40986043;-6,059052883;760292;4144401;South;Montelirio;Tholos;n/a;Ua-40805;4086;35;-18,4;10,6;n/a;n/a;n/a;n/a;n/a;Charcoal;n/a;n/a;Fernandez Flores, Aycart 2013/Diaz Zorita 2013/Bayliss et al 2016/Bayliss et al 2017/Fontanals-Coll et al 2016/Lozano Medina 2017/Garcia Sanjuan et al 2018;n/a;Fernandez Flores, Aycart 2013/Diaz Zorita 2013/Bayliss et al 2016/Bayliss et al 2017/Fontanals-Coll et al 2016/Lozano Medina 2017/Garcia Sanjuan et al 2018;n/a;No;n/a
Spain;37,0233;-4,5489;896030;4106730;South;Dolmen de Viera;Passage grave;n/a;Beta-353820;4090;30;-21,2;n/a;n/a;n/a;n/a;n/a;n/a;Animal bone;Chamber;Chamber;Aranda Jimenez et al 2013, Tab 2;n/a;Aranda Jimenez et al 2013;n/a;No;n/a
Portugal;38,44180784;-7,547132;626791;4255835;South;Perdigões 2;Tholos;n/a;Beta-308791;4090;30;n/a;n/a;n/a;n/a;n/a;n/a;n/a;Human bone;n/a;n/a;Valera et al 2014/Emslie et al 2015;Valera et al 2014/Emslie et al 2015;Valera et al 2014/Emslie et al 2015/Lozano Medina 2017;Geographic coordinates approximated;No;n/a
Spain;37,40986043;-6,059052883;760292;4144401;South;Montelirio;Tholos;n/a;CNA-1300;4094;36;n/a;n/a;n/a;n/a;n/a;n/a;C3 plants and terrestrial animals;Human bone;Megalithic grave;Funerary area;Fernandez Flores, Aycart 2013/Diaz Zorita 2013/Bayliss et al 2016/Bayliss et al 2017/Fontanals-Coll et al 2016/Lozano Medina 2017/Garcia Sanjuan et al 2018;n/a;Fernandez Flores, Aycart 2013/Diaz Zorita 2013/Bayliss et al 2016/Bayliss et al 2017/Fontanals-Coll et al 2016/Lozano Medina 2017/Garcia Sanjuan et al 2018;n/a;No;n/a
Spain;42,3064;-2,4477;1040145;4704633;Ebro basin;Collado del Mallo;Passage grave;n/a;Beta-89991;3950;80;n/a;n/a;n/a;n/a;n/a;n/a;n/a;Human bone;Layer B corridor;Corridor;IDEArq.org;n/a;n/a;n/a;No;n/a
Spain;43,1901;-8,9694;502486;4781925;North;Dombate new;Passage grave;n/a;UtC-3201;3950;60;n/a;n/a;n/a;n/a;n/a;n/a;n/a;Charcoal;Chamber;Chamber;Fabregas Valcarce, Vilaseco Vazquez 2003, 293-294;n/a;Fabregas Valcarce, Vilaseco Vazquez 2003, 293-294;n/a;No;n/a
Spain;36,96579663;-2,521828081;1077002;4110741;South;Los Millares 57;Tholos;n/a;CNA4444;4100;30;-19,2;9,5;n/a;n/a;n/a;n/a;n/a;Human bone;Funerary chamber;Chamber;Molina González et al. 2020;n/a;Molina González et al. 2020;Geographic coordinates approximated;No;n/a
Spain;37,40986043;-6,059052883;760292;4144401;South;Montelirio;Tholos;n/a;CNA-1301;4100;68;n/a;n/a;n/a;n/a;n/a;n/a;C3 plants and terrestrial animals;Human bone;Megalithic grave;Funerary area;Fernandez Flores, Aycart 2013/Diaz Zorita 2013/Bayliss et al 2016/Bayliss et al 2017/Fontanals-Coll et al 2016/Lozano Medina 2017/Garcia Sanjuan et al 2018;n/a;Fernandez Flores, Aycart 2013/Diaz Zorita 2013/Bayliss et al 2016/Bayliss et al 2017/Fontanals-Coll et al 2016/Lozano Medina 2017/Garcia Sanjuan et al 2018;n/a;No;n/a
Portugal;38,4351;-7,4419;635988;4255241;South;Santa Margarida 3;Passage grave;n/a;Beta-166423;4100;40;-20,5;n/a;n/a;n/a;n/a;n/a;n/a;Human bone;Chamber;Chamber;Gonvßalvez 2003;n/a;Gonvßalvez 2003;n/a;No;n/a
Portugal;39,46133526;-7,544374173;625225;4368984;Tagus basins;Anta dos Currais do Galhordas;Passage grave;n/a;S1.15C/0440;3950;40;n/a;n/a;n/a;n/a;n/a;n/a;n/a;Charcoal;Base of the chamber (associated with microlith);Chamber;Monteiro-Rodrigues, Oliveira 2018, 453;Monteiro-Rodrigues, Oliveira 2018, 453;Monteiro-Rodrigues, Oliveira 2018, 453;n/a;No;n/a
Spain;36,96511165;-2,522866906;1076914;4110659;South;Los Millares 71;Tholos;n/a;SUERC-80508;4106;29;-19,1;11,9;n/a;n/a;n/a;n/a;n/a;Human teeth;Funerary chamber. Human Tooth 36 (juvenile);Chamber;Aranda Jimenez et al. 2020;n/a;Aranda Jimenez et al. 2020;Geographic coordinates approximated;No;n/a
Spain;36,96464562;-2,522645967;1076937;4110608;South;Los Millares 74;Tholos;n/a;GrM-14046;4111;16;-19,9;8,9;n/a;n/a;n/a;n/a;n/a;Human bone;Funerary chamber. Jaw (adult);Chamber;Aranda Jimenez et al. 2020;n/a;Aranda Jimenez et al. 2020;Geographic coordinates approximated;No;n/a
Spain;37,3629;-2,352493;1088995;4155919;South;Llano del Jauton 1;Rundgraber & calero tomb;n/a;ETH-74316;4112;20;-19,3;n/a;n/a;n/a;n/a;n/a;C3 plants and terrestrial animals;Human bone;Tomb 1;Funerary area;Aranda Jimenez et al 2017;n/a;Aranda Jimenez et al 2017;Geographic coordinates approximated;No;n/a
Spain;37,14110374;-1,852472269;1135229;4134519;South;Loma de Belmonte;Tholos;n/a;SUERC-86837;4123;34;-18,8;10,8;n/a;n/a;n/a;n/a;n/a;Human teeth;Funerary chamber. Human Tooth 36 (adult);Chamber;Aranda Jimenez et al. 2021;n/a;Aranda Jimenez et al. 2021;Geographic coordinates approximated;No;n/a
Spain;40,22526;-3,7873;943591;4465810;Tagus basins;Humanejos;Varia;n/a;Ua-40220;3959;34;n/a;n/a;n/a;n/a;n/a;n/a;n/a;Human bone;femur diaphysis;Funerary area;Blasco et al 2014;n/a;Blasco et al 2014;n/a;Yes;Non megalithic site
Spain;42,662237;-1,918005;1080513;4747685;Ebro basin;Charracadia;Passage grave;n/a;GrA-18891;3960;60;n/a;n/a;n/a;n/a;n/a;n/a;n/a;Human bone;n/a;n/a;Alday et al 2016;Beguiristain 2004;Beguiristain 2004/Alday et al 2016;Geographic coordinates approximated;No;n/a
Spain;43,08532619;-2,249403485;1049552;4792457;North;Mandubi Zelaia;Dolmen;Cistoid structure with cuadrangular shape of 1.80 x 1.14 m;GrA-16946;3960;40;n/a;n/a;n/a;n/a;n/a;n/a;C3 plants and terrestrial animals;Bone;n/a;n/a;Mujika Alustiza 2017, 95;n/a;Mujika Alustiza 2017, 95;n/a;No;n/a
Spain;37,3657519;-3,297633571;1005154;4150732;South;Panoria 18;Varia;Cistoid structure;ETH-71514;4123;23;-20,4;9,1;n/a;n/a;n/a;n/a;C3 plants and terrestrial animals;Human bone;Tomb 18. Right humerus from an adult;Funerary area;Aranda Jimenez et al 2017, Tab 20;n/a;n/a;n/a;No;n/a
Spain;40,4352942;-3,521655491;964760;4490507;Tagus basins;Camino de las Yeseras;Varia;n/a;UAM-MAD-3585;3962;314;n/a;n/a;n/a;n/a;n/a;n/a;n/a;Pot;TL from a pot found in the burial;Funerary area;Liesau et al 2008;n/a;Liesau et al 2008;n/a;Yes;Non megalithic site
Spain;37,40986043;-6,059052883;760292;4144401;South;Montelirio;Tholos;n/a;OxA-30439;4125;30;-18,8;9,8;1,5;1,6;n/a;n/a;C3 plants and terrestrial animals;Human bone;n/a;n/a;Fernandez Flores, Aycart 2013/Diaz Zorita 2013/Bayliss et al 2016/Bayliss et al 2017/Fontanals-Coll et al 2016/Lozano Medina 2017/Garcia Sanjuan et al 2018;Bayliss et al 2016;Fernandez Flores, Aycart 2013/Diaz Zorita 2013/Bayliss et al 2016/Bayliss et al 2017/Fontanals-Coll et al 2016/Lozano Medina 2017/Garcia Sanjuan et al 2018;n/a;No;n/a
Spain;42,6821784;-1,86197133;1084920;4750289;Ebro basin;Morea;Passage grave;n/a;GrA-16927;3970;45;n/a;n/a;n/a;n/a;n/a;n/a;n/a;Human bone;n/a;n/a;Alday et al 2016;Beguiristain 2004;Beguiristain 2004/Alday et al 2016;n/a;No;n/a
Spain;37,40986043;-6,059052883;760292;4144401;South;Montelirio;Tholos;n/a;SUERC-47682;4129;33;-19;9,7;1,4;1,5;n/a;n/a;C3 plants and terrestrial animals;Human bone;n/a;n/a;Fernandez Flores, Aycart 2013/Diaz Zorita 2013/Bayliss et al 2016/Bayliss et al 2017/Fontanals-Coll et al 2016/Lozano Medina 2017/Garcia Sanjuan et al 2018;Bayliss et al 2016;Fernandez Flores, Aycart 2013/Diaz Zorita 2013/Bayliss et al 2016/Bayliss et al 2017/Fontanals-Coll et al 2016/Lozano Medina 2017/Garcia Sanjuan et al 2018;n/a;No;n/a
Spain;38,79914294;-6,666408281;702652;4297074;South;La Pijotilla Tholos 3;Tholos;n/a;Beta-121143;4130;40;n/a;n/a;n/a;n/a;n/a;n/a;n/a;Human bone;Tumulus 3, layer UE 15 between two burials;Mound;Odriozola Lloret et al 2008;Hurtado Perez et al 2000;Odriozola Lloret et al 2008;n/a;No;n/a
Spain;39,9869;-4,2036;909581;4437334;Tagus basins;Valle de las Higueras 7;Rock-cut-tomb, artificial cave & hypogeum;n/a;Beta-216245;3970;40;n/a;n/a;n/a;n/a;n/a;n/a;C3 plants mainly;Human bone;Chamber;Chamber;Bueno Ramirez et al 2010, Tab 3/Bueno Ramirez et al. 2010;n/a;Bueno Ramirez et al 2010, Tab 3/Bueno Ramirez et al. 2010;n/a;No;n/a
Portugal;38,4515;-7,3989;639710;4257125;South;Olival da Pega 2b;Tholos;n/a;ICEN-957;4130;60;n/a;n/a;n/a;n/a;n/a;n/a;n/a;Human bone;Chamber/depot 5/7;Chamber;Soares 1999;n/a;Soares 1999;n/a;No;n/a
Portugal;38,4398;-7,5501;626536;4255609;South;Perdigões 1;Tholos;n/a;Beta-327747;4130;30;n/a;n/a;n/a;n/a;n/a;n/a;n/a;Human bone;n/a;n/a;Valera et al 2014/Emslie et al 2015;Valera et al 2014/Emslie et al 2015;Valera et al 2014/Emslie et al 2015/Lozano Medina 2017;n/a;No;n/a
Spain;36,84316793;-2,207241097;1106032;4099074;South;El Barranquete 8;Tholos;n/a;CNA-3234;4132;35;-18,8;10,9;n/a;n/a;n/a;n/a;C3 plants and terrestrial animals;Human bone;Chamber. Layer 2;Chamber;Aranda Jimenez et al 2018;n/a;Aranda Jimenez et al 2018;n/a;No;n/a
Spain;36,96464562;-2,522645967;1076937;4110608;South;Los Millares 74;Tholos;n/a;SUERC-86909;4136;32;-17,9;13,4;n/a;n/a;n/a;n/a;n/a;Human teeth;Funerary chamber. Human Tooth 23 (adult);Chamber;Aranda Jimenez et al. 2020;n/a;Aranda Jimenez et al. 2020;Geographic coordinates approximated;No;n/a
Spain;40,43529;-3,52166;964759;4490506;Tagus basins;Camino de las Yeseras;Varia;n/a;Ua-39311;3981;30;n/a;n/a;n/a;n/a;n/a;n/a;n/a;Human bone;n/a;n/a;Blasco et al 2014;n/a;Blasco et al 2014;Geographic coordinates approximated;Yes;Non megalithic site
Spain;37,40986043;-6,059052883;760292;4144401;South;Montelirio;Tholos;n/a;CNA-586;4140;50;-20,31;n/a;n/a;n/a;n/a;n/a;C3 plants and terrestrial animals;Human bone;n/a;n/a;Fernandez Flores, Aycart 2013/Diaz Zorita 2013/Bayliss et al 2016/Bayliss et al 2017/Fontanals-Coll et al 2016/Lozano Medina 2017/Garcia Sanjuan et al 2018;Fernandez Flores, Aycart 2013/Bayliss et al 2016;Fernandez Flores, Aycart 2013/Diaz Zorita 2013/Bayliss et al 2016/Bayliss et al 2017/Fontanals-Coll et al 2016/Lozano Medina 2017/Garcia Sanjuan et al 2018;n/a;No;n/a
Spain;42,68669429;-1,908223815;1081086;4750470;Ebro basin;Aizibita;Dolmen;n/a;GrA-5097;3990;40;n/a;n/a;n/a;n/a;n/a;n/a;Mainly meat;Human bone;n/a;n/a;Beguiristain 2011;n/a;Beguiristain 2011;n/a;No;n/a
Spain;43,0867;-2,2154;1052309;4792835;North;Larrarte;Dolmen;n/a;GrA-20283;3990;80;n/a;n/a;n/a;n/a;n/a;n/a;n/a;Human bone;n/a;n/a;n/a;n/a;n/a;n/a;No;n/a
Spain;37,40986043;-6,059052883;760292;4144401;South;Montelirio;Tholos;n/a;OxA-32302;4145;29;-18,4;10,6;1,9;2,1;n/a;n/a;C3 plants and terrestrial animals;Human bone;n/a;n/a;Fernandez Flores, Aycart 2013/Diaz Zorita 2013/Bayliss et al 2016/Bayliss et al 2017/Fontanals-Coll et al 2016/Lozano Medina 2017/Garcia Sanjuan et al 2018;Bayliss et al 2016;Fernandez Flores, Aycart 2013/Diaz Zorita 2013/Bayliss et al 2016/Bayliss et al 2017/Fontanals-Coll et al 2016/Lozano Medina 2017/Garcia Sanjuan et al 2018;n/a;No;n/a
Spain;37,40986043;-6,059052883;760292;4144401;South;Montelirio;Tholos;n/a;OxA-32300;4147;37;n/a;n/a;n/a;n/a;n/a;n/a;C3 plants and terrestrial animals;Human bone;Megalithic grave;Funerary area;Fernandez Flores, Aycart 2013/Diaz Zorita 2013/Bayliss et al 2016/Bayliss et al 2017/Fontanals-Coll et al 2016/Lozano Medina 2017/Garcia Sanjuan et al 2018;n/a;Fernandez Flores, Aycart 2013/Diaz Zorita 2013/Bayliss et al 2016/Bayliss et al 2017/Fontanals-Coll et al 2016/Lozano Medina 2017/Garcia Sanjuan et al 2018;n/a;No;n/a
Spain;37,3629;-2,352493;1088995;4155919;South;Llano del Jauton 1;Rundgraber & calero tomb;n/a;ETH-74315;4148;20;-13,2;n/a;n/a;n/a;n/a;n/a;C3 plants and terrestrial animals;Human bone;Tomb 1;Funerary area;Aranda Jimenez et al 2017;n/a;Aranda Jimenez et al 2017;Geographic coordinates approximated;No;n/a
Spain;40,43529;-3,52166;964759;4490506;Tagus basins;Camino de las Yeseras;Varia;n/a;Ua-35016;3990;40;n/a;n/a;n/a;n/a;n/a;n/a;n/a;Human bone;Individual 4;Funerary area;Blasco et al 2014;n/a;Blasco et al 2014;Geographic coordinates approximated;Yes;Non megalithic site
Spain;36,96579663;-2,521828081;1077002;4110741;South;Los Millares 57;Tholos;n/a;CNA4443;4150;30;-19,2;9,7;n/a;n/a;n/a;n/a;n/a;Human bone;Funerary chamber;Chamber;Molina González et al. 2020;n/a;Molina González et al. 2020;Geographic coordinates approximated;No;n/a
Portugal;38,943;-9,2104;481766;4310472;Tagus basins;Tituaria;Tholos;n/a;OxA-5446;3995;65;n/a;n/a;n/a;n/a;n/a;n/a;n/a;Human bone;Chamber;Chamber;Cardoso et al 1996;n/a;Cardoso et al 1996;n/a;No;n/a
Spain;37,3629;-2,352493;1088995;4155919;South;Llano del Jauton 1;Rundgraber & calero tomb;n/a;ETH-74317;4151;20;-16,6;n/a;n/a;n/a;n/a;n/a;C3 plants and terrestrial animals;Human bone;Tomb 1;Funerary area;Aranda Jimenez et al 2017;n/a;Aranda Jimenez et al 2017;Geographic coordinates approximated;No;n/a
Spain;42,3064;-2,4477;1040145;4704633;Ebro basin;Collado del Mallo;Passage grave;n/a;Beta-89989;4000;70;n/a;n/a;n/a;n/a;n/a;n/a;n/a;Human bone;Entrance chamber;Mound soil;Boaventura 2009;Lopez de Calle, Llarraza 1997;Boaventura 2009/Lopez de Calle, Llarraza 1997;n/a;No;n/a
Spain;42,57457518;-2,6219053;1023531;4733330;Ebro basin;El Sotillo;Passage grave;n/a;Beta-299300;4000;40;n/a;n/a;n/a;n/a;n/a;n/a;C3 plants and terrestrial animals;Human bone;n/a;n/a;Fernandez Eraso, Mujika Alustiza 2013/Fernandez Crespo, Schulting 2017;n/a;Fernandez Eraso, Mujika Alustiza 2013/Fernandez Crespo, Schulting 2017;n/a;No;n/a
Spain;43,46728379;-7,877768287;590775;4813319;North;Illade 5;Tumulus;n/a;Beta-51901;4000;120;n/a;n/a;n/a;n/a;n/a;n/a;n/a;Charcoal;n/a;n/a;Carrero-Pazos 2017;n/a;Carrero-Pazos 2017;Geographic coordinates approximated;No;n/a
Spain;37,40986043;-6,059052883;760292;4144401;South;Montelirio;Tholos;n/a;OxA-30385;4151;30;-18,9;10,7;1,7;2,1;n/a;n/a;C3 plants and terrestrial animals;Human bone;n/a;n/a;Fernandez Flores, Aycart 2013/Diaz Zorita 2013/Bayliss et al 2016/Bayliss et al 2017/Fontanals-Coll et al 2016/Lozano Medina 2017/Garcia Sanjuan et al 2018;Bayliss et al 2016;Fernandez Flores, Aycart 2013/Diaz Zorita 2013/Bayliss et al 2016/Bayliss et al 2017/Fontanals-Coll et al 2016/Lozano Medina 2017/Garcia Sanjuan et al 2018;n/a;No;n/a
Portugal;39,70854;-7,98336;587148;4395902;Tagus basins;Anta de Lajinha;Passage grave;n/a;ITNLUM-275;4000;300;n/a;n/a;n/a;n/a;n/a;n/a;n/a;Regolith (quartz);Floor of the chamber. Dated by OSL;Mound soil;Burbidge et al 2014;n/a;Burbidge et al 2014/Lozano Medina 2017;n/a;No;n/a
Spain;37,3629;-2,352493;1088995;4155919;South;Llano del Jauton 1;Rundgraber & calero tomb;n/a;ETH-74318;4153;20;-17,3;n/a;n/a;n/a;n/a;n/a;C3 plants and terrestrial animals;Human bone;Tomb 1;Funerary area;Aranda Jimenez et al 2017;n/a;Aranda Jimenez et al 2017;Geographic coordinates approximated;No;n/a
Spain;36,84316793;-2,207241097;1106032;4099074;South;El Barranquete 8;Tholos;n/a;CNA-3230;4159;42;-18,9;10,9;n/a;n/a;n/a;n/a;C3 plants and terrestrial animals;Human bone;Chamber. Layer 2;Chamber;Aranda Jimenez et al 2018;n/a;Aranda Jimenez et al 2018;n/a;No;n/a
Spain;37,36290267;-2,352332957;1089009;4155920;South;Llano del Jauton 5b;Rundgraber & calero tomb;n/a;N.R.1;4160;60;-10,6;n/a;n/a;n/a;n/a;n/a;C3 plants and terrestrial animals;Human bone;Tomb 5b;Funerary area;Aranda Jimenez et al 2017;Maicas 2007;Maicas 2007/Aranda Jimenez et al 2017;Geographic coordinates approximated;No;n/a
Spain;40,22526;-3,7873;943591;4465810;Tagus basins;Humanejos;Varia;n/a;Ua-41492;4009;56;n/a;n/a;n/a;n/a;n/a;n/a;n/a;Human bone;Individual 2;Funerary area;Blasco et al 2014;n/a;Blasco et al 2014;n/a;Yes;Non megalithic site
Spain;42,662237;-1,918005;1080513;4747685;Ebro basin;Charracadia;Passage grave;n/a;GrA-16933;4010;45;n/a;n/a;n/a;n/a;n/a;n/a;n/a;Human bone;n/a;n/a;Alday et al 2016;Beguiristain 2004;Beguiristain 2004/Alday et al 2016;Geographic coordinates approximated;No;n/a
Spain;42,57060164;-2,566025068;1028153;4733238;Ebro basin;Dolmen de Alto de la Huesera;Passage grave;n/a;Beta-321414;4010;30;n/a;n/a;n/a;n/a;n/a;n/a;C3 plants and terrestrial animals;Human bone;n/a;n/a;Fernandez Eraso, Mujika Alustiza 2013/Fernandez Crespo, Schulting 2017;n/a;Fernandez Eraso, Mujika Alustiza 2013/Fernandez Crespo, Schulting 2017;n/a;No;n/a
Spain;37,40986043;-6,059052883;760292;4144401;South;Montelirio;Tholos;n/a;CNA-1291;4161;34;n/a;n/a;n/a;n/a;n/a;n/a;C3 plants and terrestrial animals;Human bone;Megalithic grave;Funerary area;Fernandez Flores, Aycart 2013/Diaz Zorita 2013/Bayliss et al 2016/Bayliss et al 2017/Fontanals-Coll et al 2016/Lozano Medina 2017/Garcia Sanjuan et al 2018;Garcia Sanjuan et al 2013;Fernandez Flores, Aycart 2013/Diaz Zorita 2013/Bayliss et al 2016/Bayliss et al 2017/Fontanals-Coll et al 2016/Lozano Medina 2017/Garcia Sanjuan et al 2018;n/a;No;n/a
Spain;37,40943951;-6,058968675;760301;4144355;South;Montelirio_Structure 10042-10049;Tholos;n/a;CNA-1291;4161;34;n/a;n/a;n/a;n/a;n/a;n/a;n/a;Human bone;Chamber 10042;Chamber;Garcia Sanjuan et al 2008;n/a;Garcia Sanjuan et al 2008;Geographic coordinates approximated;No;n/a
Spain;43,1901;-8,9694;502486;4781925;North;Dombate new;Passage grave;n/a;CSIC-962;4020;30;n/a;n/a;n/a;n/a;n/a;n/a;n/a;Charcoal;Surface tumulus;Mound;Fabregas Valcarce, Vilaseco Vazquez 2003, 293-294;n/a;Fabregas Valcarce, Vilaseco Vazquez 2003, 293-294;n/a;No;n/a
Spain;40,43529;-3,52166;964759;4490506;Tagus basins;Camino de las Yeseras;Varia;n/a;Ua-39308;4021;30;n/a;n/a;n/a;n/a;n/a;n/a;n/a;Human bone;n/a;n/a;Blasco et al 2014;n/a;Blasco et al 2014;Geographic coordinates approximated;Yes;Non megalithic site
Spain;37,3629;-2,352493;1088995;4155919;South;Llano del Jauton 1;Rundgraber & calero tomb;n/a;ETH-74312;4163;20;-18,3;n/a;n/a;n/a;n/a;n/a;C3 plants and terrestrial animals;Human bone;Tomb 1;Funerary area;Aranda Jimenez et al 2017;n/a;Aranda Jimenez et al 2017;Geographic coordinates approximated;No;n/a
Spain;42,68669429;-1,908223815;1081086;4750470;Ebro basin;Aizibita;Dolmen;n/a;GrA-4889;4030;60;n/a;n/a;n/a;n/a;n/a;n/a;Mainly meat;Human bone;n/a;n/a;Beguiristain 2011;n/a;Beguiristain 2011;n/a;No;n/a
Spain;37,3629;-2,352493;1088995;4155919;South;Llano del Jauton 1;Rundgraber & calero tomb;n/a;ETH-74313;4164;20;-17,4;n/a;n/a;n/a;n/a;n/a;C3 plants and terrestrial animals;Human bone;Tomb 1;Funerary area;Aranda Jimenez et al 2017;n/a;Aranda Jimenez et al 2017;Geographic coordinates approximated;No;n/a
Spain;37,40986043;-6,059052883;760292;4144401;South;Montelirio;Tholos;n/a;OxA-32303;4164;36;-19,1;9,9;1,4;1,6;n/a;n/a;C3 plants and terrestrial animals;Human bone;n/a;n/a;Fernandez Flores, Aycart 2013/Diaz Zorita 2013/Bayliss et al 2016/Bayliss et al 2017/Fontanals-Coll et al 2016/Lozano Medina 2017/Garcia Sanjuan et al 2018;Bayliss et al 2016;Fernandez Flores, Aycart 2013/Diaz Zorita 2013/Bayliss et al 2016/Bayliss et al 2017/Fontanals-Coll et al 2016/Lozano Medina 2017/Garcia Sanjuan et al 2018;n/a;No;n/a
Spain;37,40986043;-6,059052883;760292;4144401;South;Montelirio;Tholos;n/a;Ua-40803;4165;30;-20,4;n/a;n/a;n/a;n/a;n/a;C3 plants and terrestrial animals;Human bone;n/a;n/a;Fernandez Flores, Aycart 2013/Diaz Zorita 2013/Bayliss et al 2016/Bayliss et al 2017/Fontanals-Coll et al 2016/Lozano Medina 2017/Garcia Sanjuan et al 2018;Fernandez Flores, Aycart 2013/Bayliss et al 2016;Fernandez Flores, Aycart 2013/Diaz Zorita 2013/Bayliss et al 2016/Bayliss et al 2017/Fontanals-Coll et al 2016/Lozano Medina 2017/Garcia Sanjuan et al 2018;n/a;No;n/a
Spain;38,79914294;-6,666408281;702652;4297074;South;La Pijotilla Tholos 3;Tholos;n/a;CNA-034;4168;55;n/a;n/a;n/a;n/a;n/a;n/a;n/a;Charcoal;Tomb 3;Funerary area;Hurtado Perez et al 2002;Odriozola et al 2008;Hurtado Perez et al 2002;n/a;No;n/a
Spain;37,40986043;-6,059052883;760292;4144401;South;Montelirio;Tholos;n/a;OxA-32301;4168;30;-19,1;9;1,3;1,2;n/a;n/a;C3 plants and terrestrial animals;Human bone;n/a;n/a;Fernandez Flores, Aycart 2013/Diaz Zorita 2013/Bayliss et al 2016/Bayliss et al 2017/Fontanals-Coll et al 2016/Lozano Medina 2017/Garcia Sanjuan et al 2018;Bayliss et al 2016;Fernandez Flores, Aycart 2013/Diaz Zorita 2013/Bayliss et al 2016/Bayliss et al 2017/Fontanals-Coll et al 2016/Lozano Medina 2017/Garcia Sanjuan et al 2018;n/a;No;n/a
Spain;41,74117038;1,590414644;1381174;4675587;East;Cau de la Guineu;Varia;Cistoid structure, paradolmen;UGRA-156;4040;110;n/a;n/a;n/a;n/a;n/a;n/a;n/a;Human bone;n/a;n/a;Oms et al 2016;n/a;Oms et al 2016;Geographic coordinates approximated;No;n/a
Spain;42,57457518;-2,6219053;1023531;4733330;Ebro basin;El Sotillo;Passage grave;n/a;Beta-299306;4040;30;n/a;n/a;n/a;n/a;n/a;n/a;C3 plants and terrestrial animals;Human bone;n/a;n/a;Fernandez Eraso, Mujika Alustiza 2013/Fernandez Crespo, Schulting 2017;n/a;Fernandez Eraso, Mujika Alustiza 2013/Fernandez Crespo, Schulting 2017;n/a;No;n/a
Spain;37,40986043;-6,059052883;760292;4144401;South;Montelirio;Tholos;n/a;SUERC-47686;4168;33;-19,1;9,9;1,6;1,6;n/a;n/a;C3 plants and terrestrial animals;Human bone;n/a;n/a;Fernandez Flores, Aycart 2013/Diaz Zorita 2013/Bayliss et al 2016/Bayliss et al 2017/Fontanals-Coll et al 2016/Lozano Medina 2017/Garcia Sanjuan et al 2018;Bayliss et al 2016;Fernandez Flores, Aycart 2013/Diaz Zorita 2013/Bayliss et al 2016/Bayliss et al 2017/Fontanals-Coll et al 2016/Lozano Medina 2017/Garcia Sanjuan et al 2018;n/a;No;n/a
Portugal;38,564148;-8,93863;505346;4268413;Tagus basins;Casal do Pardo;Rock-cut-tomb, artificial cave & hypogeum;n/a;GrN-10744;4040;70;n/a;n/a;n/a;n/a;n/a;n/a;n/a;Human bone;n/a;n/a;Cardoso, Soares 1990-1992;Cardoso, Soares 1990-1992;Lozano Medina 2017;Geographic coordinates approximated;No;n/a
Portugal;38,76816692;-9,264709954;477003;4291083;Tagus basins;Monte Abraão;Passage grave;n/a;Beta-228579;4040;40;-20,7;8,25;1;3;n/a;n/a;C3 plants and terrestrial animals;Human bone;Chamber;Chamber;Boaventura 2009;n/a;Boaventura 2009;n/a;No;n/a
Portugal;38,4351;-7,4419;635988;4255241;South;Santa Margarida 3;Passage grave;n/a;Beta-176896;4170;40;-20,2;n/a;n/a;n/a;n/a;n/a;n/a;Human bone;Chamber;Chamber;Gonvßalvez 2003;n/a;Gonvßalvez 2003;n/a;No;n/a
Spain;37,3629;-2,352493;1088995;4155919;South;Llano del Jauton 1;Rundgraber & calero tomb;n/a;ETH-74314;4175;20;-18,5;n/a;n/a;n/a;n/a;n/a;C3 plants and terrestrial animals;Human bone;Tomb 1;Funerary area;Aranda Jimenez et al 2017;n/a;Aranda Jimenez et al 2017;Geographic coordinates approximated;No;n/a
Spain;42,57060164;-2,566025068;1028153;4733238;Ebro basin;Dolmen de Alto de la Huesera;Passage grave;n/a;Beta-321419;4050;30;n/a;n/a;n/a;n/a;n/a;n/a;C3 plants and terrestrial animals;Human bone;n/a;n/a;Fernandez Eraso, Mujika Alustiza 2013/Fernandez Crespo, Schulting 2017;n/a;Fernandez Eraso, Mujika Alustiza 2013/Fernandez Crespo, Schulting 2017;n/a;No;n/a
Spain;37,40986043;-6,059052883;760292;4144401;South;Montelirio;Tholos;n/a;OxA-32304;4179;29;-18,6;9,7;1,1;1,2;n/a;n/a;C3 plants and terrestrial animals;Human bone;n/a;n/a;Fernandez Flores, Aycart 2013/Diaz Zorita 2013/Bayliss et al 2016/Bayliss et al 2017/Fontanals-Coll et al 2016/Lozano Medina 2017/Garcia Sanjuan et al 2018;Bayliss et al 2016;Fernandez Flores, Aycart 2013/Diaz Zorita 2013/Bayliss et al 2016/Bayliss et al 2017/Fontanals-Coll et al 2016/Lozano Medina 2017/Garcia Sanjuan et al 2018;n/a;No;n/a
Spain;37,36413066;-2,357479242;1088543;4156025;South;Las Churuletas 6;Rundgraber & calero tomb;n/a;Beta-439078;4180;30;-19,1;n/a;n/a;n/a;n/a;n/a;C3 plants and terrestrial animals;Human bone;Tomb 6;Funerary area;Aranda Jimenez et al 2017;n/a;Aranda Jimenez et al 2017;Geographic coordinates approximated;No;n/a
Spain;37,40986043;-6,059052883;760292;4144401;South;Montelirio;Tholos;n/a;Ua-40801;4180;30;-19,4;n/a;n/a;n/a;n/a;n/a;C3 plants and terrestrial animals;Human bone;n/a;n/a;Fernandez Flores, Aycart 2013/Diaz Zorita 2013/Bayliss et al 2016/Bayliss et al 2017/Fontanals-Coll et al 2016/Lozano Medina 2017/Garcia Sanjuan et al 2018;Fernandez Flores, Aycart 2013/Bayliss et al 2016;Fernandez Flores, Aycart 2013/Diaz Zorita 2013/Bayliss et al 2016/Bayliss et al 2017/Fontanals-Coll et al 2016/Lozano Medina 2017/Garcia Sanjuan et al 2018;n/a;No;n/a
Portugal;38,56423155;-8,938590014;505350;4268422;Tagus basins;Casal do Pardo 3;Rock-cut-tomb, artificial cave & hypogeum;n/a;OxA-5508;4050;60;n/a;n/a;n/a;n/a;n/a;n/a;n/a;Bone;n/a;n/a;Cardoso, Soares 1990-1992;Cardoso, Soares 1990-1992;Lozano Medina 2017;Geographic coordinates approximated;No;n/a
Spain;39,9915;-4,2092;909075;4437819;Tagus basins;El Castillejo;Tumulus;n/a;GX-29783;4050;70;n/a;n/a;n/a;n/a;n/a;n/a;C3 plants and terrestrial animals;Human bone;Burial, Individual 5;Funerary area;Bueno Ramirez et al 2010, Tab 3;Bueno Ramirez et al 2005;Bueno Ramirez et al 2010/Bueno Ramirez et al 2005;n/a;No;n/a
Portugal;38,8364;-9,39363;465836;4298695;Tagus basins;Pedras da Granja;Dolmen;n/a;Beta-225171;4050;40;-20,2;n/a;n/a;n/a;n/a;n/a;C3 plants and terrestrial animals;Human bone;Chamber;Chamber;Boaventura 2009;n/a;Boaventura 2009;n/a;No;n/a
Spain;43,0867;-2,2154;1052309;4792835;North;Larrarte;Dolmen;n/a;Ua-11139;4055;60;n/a;n/a;n/a;n/a;n/a;n/a;n/a;Human bone;Skull n. 13;n/a;n/a;n/a;n/a;n/a;No;n/a
Portugal;38,4515;-7,3989;639710;4257125;South;Olival da Pega 2b;Tholos;n/a;ICEN-956;4180;80;n/a;n/a;n/a;n/a;n/a;n/a;n/a;Human bone;Chamber/depot 7/7;Chamber;Soares 1999;n/a;Soares 1999;n/a;No;n/a
Portugal;41,4839;-7,4019;633417;4593709;Duero basins;Mamoa do Castelo 1;Passage grave;n/a;CSIC-1817;4057;33;n/a;n/a;n/a;n/a;n/a;n/a;n/a;Charcoal;Corridor;Corridor;Sanches et al 2005;n/a;Sanches et al 2005;n/a;No;n/a
Spain;42,5807056;-2,6528964;1020935;4733820;Ebro basin;Dolmen de Layaza;Passage grave;n/a;Beta-317862;4060;30;n/a;n/a;n/a;n/a;n/a;n/a;C3 plants and terrestrial animals;Human bone;n/a;n/a;Fernandez Eraso, Mujika Alustiza 2013/Fernandez Crespo, Schulting 2017;n/a;Fernandez Eraso, Mujika Alustiza 2013/Fernandez Crespo, Schulting 2017;n/a;No;n/a
Spain;37,36263292;-2,352540091;1088993;4155889;South;Llano del Jauton 6;Rundgraber & calero tomb;With corridor;SUERC-69022;4189;24;-18,8;n/a;n/a;n/a;n/a;n/a;C3 plants and terrestrial animals;Human bone;Tomb 6;Funerary area;Aranda Jimenez et al 2017;n/a;Aranda Jimenez et al 2017;Geographic coordinates approximated;No;n/a
Spain;36,84316793;-2,207241097;1106032;4099074;South;El Barranquete 8;Tholos;n/a;CNA-3231;4190;40;-19,7;9,9;n/a;n/a;n/a;n/a;C3 plants and terrestrial animals;Human bone;Chamber. Layer 2;Chamber;Aranda Jimenez et al 2018;n/a;Aranda Jimenez et al 2018;n/a;No;n/a
Spain;37,40986043;-6,059052883;760292;4144401;South;Montelirio;Tholos;n/a;SUERC-60401;4192;27;n/a;n/a;n/a;n/a;n/a;n/a;C3 plants and terrestrial animals;Human bone;Megalithic grave;Funerary area;Fernandez Flores, Aycart 2013/Diaz Zorita 2013/Bayliss et al 2016/Bayliss et al 2017/Fontanals-Coll et al 2016/Lozano Medina 2017/Garcia Sanjuan et al 2018;n/a;Fernandez Flores, Aycart 2013/Diaz Zorita 2013/Bayliss et al 2016/Bayliss et al 2017/Fontanals-Coll et al 2016/Lozano Medina 2017/Garcia Sanjuan et al 2018;n/a;No;n/a
Spain;36,96464562;-2,522645967;1076937;4110608;South;Los Millares 74;Tholos;n/a;GrM-14657;4198;17;-18,5;10;n/a;n/a;n/a;n/a;n/a;Human bone;Funerary chamber. Juvenile;Chamber;Aranda Jimenez et al. 2020;n/a;Aranda Jimenez et al. 2020;Geographic coordinates approximated;No;n/a
Portugal;39,7653492;-8,366745531;554239;4401905;Tagus basins;Rego da Murta 2;Passage grave;n/a;Beta-190008;4060;50;-19,8;n/a;n/a;n/a;n/a;n/a;n/a;Human bone;Chamber;Chamber;Figueiredo 2006;n/a;Figueiredo 2006;n/a;No;n/a
Spain;42,2188;-8,6392;529778;4674132;North;Cotogrande 5;Dolmen;n/a;GrN-19565;4065;45;n/a;n/a;n/a;n/a;n/a;n/a;n/a;Charcoal;Debris tumulus;Mound;Fabregas Valcarce, Vilaseco Vazquez 2003, 293-294;n/a;Fabregas Valcarce, Vilaseco Vazquez 2003, 293-294;n/a;No;n/a
Spain;42,62310848;-1,745485612;1095035;4744543;Ebro basin;Mina de Farangortea;Passage grave;n/a;GrA-13668;4070;40;n/a;n/a;n/a;n/a;n/a;n/a;n/a;Human bone;n/a;n/a;Alday et al 2016;Beguiristain 2011;Beguiristain 2011/Alday et al 2016;n/a;No;n/a
Spain;37,6653;-6,7097;702006;4171148;South;La Venta;Passage grave;n/a;Beta-150157;4200;70;n/a;n/a;n/a;n/a;n/a;n/a;n/a;Charcoal;n/a;n/a;Nocete 2004;Nocete 2004;Lozano Medina 2017;n/a;No;n/a
Spain;37,364;-2,357147;1088574;4156012;South;Las Churuletas 1;Rundgraber & calero tomb;n/a;Beta-439073;4200;30;-20;n/a;n/a;n/a;n/a;n/a;C3 plants and terrestrial animals;Animal bone;Tomb 1;n/a;Aranda Jimenez et al 2017;n/a;Aranda Jimenez et al 2017;Geographic coordinates approximated;No;n/a
Spain;37,36375325;-2,357546812;1088540;4155982;South;Las Churuletas 3;Rundgraber & calero tomb;n/a;Beta-439074;4200;30;-19,4;n/a;n/a;n/a;n/a;n/a;C3 plants and terrestrial animals;Human bone;Tomb 3;Funerary area;Aranda Jimenez et al 2017;n/a;Aranda Jimenez et al 2017;Geographic coordinates approximated;No;n/a
Spain;37,40986043;-6,059052883;760292;4144401;South;Montelirio;Tholos;n/a;SUERC-60405;4203;28;19,3;9,7;1,1;1,2;n/a;n/a;C3 plants and terrestrial animals;Human bone;n/a;n/a;Fernandez Flores, Aycart 2013/Diaz Zorita 2013/Bayliss et al 2016/Bayliss et al 2017/Fontanals-Coll et al 2016/Lozano Medina 2017/Garcia Sanjuan et al 2018;Diaz Zorita 2013/Bayliss et al 2016/Bayliss et al 2017/Fontanals-Coll et al 2016;Fernandez Flores, Aycart 2013/Diaz Zorita 2013/Bayliss et al 2016/Bayliss et al 2017/Fontanals-Coll et al 2016/Lozano Medina 2017/Garcia Sanjuan et al 2018;n/a;No;n/a
Spain;40,11161586;-3,851613377;938849;4452867;Tagus basins;Valdelasilla -St. 272;Grave;Oval-shaped chamber;Beta-573907;4070;30;n/a;n/a;n/a;n/a;n/a;n/a;n/a;Human bone;Cranium;Position secondary;Barroso et al. 2026;Barroso et al. 2026;Barroso et al. 2026;n/a;No;n/a
Spain;40,4608465;-3,434807241;971952;4493807;Tagus basins;Soto del Henares;Varia;n/a;Ua-43536;4075;35;n/a;n/a;n/a;n/a;n/a;n/a;n/a;Human bone;Jaw of individual X;n/a;Blasco et al 2014;n/a;Blasco et al 2014;n/a;Yes;Non megalithic site
Portugal;41,4839;-7,4019;633417;4593709;Duero basins;Mamoa do Castelo 1;Passage grave;n/a;Ua-19122;4080;70;n/a;n/a;n/a;n/a;n/a;n/a;n/a;Charcoal;Corridor;Corridor;Sanches et al 2005;n/a;Sanches et al 2005;n/a;No;n/a
Spain;42,57060164;-2,566025068;1028153;4733238;Ebro basin;Dolmen de Alto de la Huesera;Passage grave;n/a;Beta-321415;4080;30;n/a;n/a;n/a;n/a;n/a;n/a;C3 plants and terrestrial animals;Human bone;n/a;n/a;Fernandez Eraso, Mujika Alustiza 2013/Fernandez Crespo, Schulting 2017;n/a;Fernandez Eraso, Mujika Alustiza 2013/Fernandez Crespo, Schulting 2017;n/a;No;n/a
Spain;42,5937;-2,5323;1030726;4736016;Ebro basin;Los Llanos;Passage grave;n/a;I-15195;4080;170;n/a;n/a;n/a;n/a;n/a;n/a;n/a;Human bone;Chamber, upper level;Chamber;Müller 1998, 82;Cassen et al 1996, 514;Müller 1998, 82/Cassen et al 1996, 514;n/a;No;n/a
Spain;42,09985668;-1,471584857;1122690;4688373;Ebro basin;Tres Montes;Rock-cut-tomb, artificial cave & hypogeum;n/a;N.R.2a;4080;100;n/a;n/a;n/a;n/a;n/a;n/a;n/a;Human bone;n/a;n/a;Fernandez Eraso et al 2007;n/a;Fernandez Eraso et al 2007;n/a;No;n/a
Spain;37,35357;-2,36844;1087654;4154782;South;La Ruina;Varia;n/a;MAD-508;4206;351;n/a;n/a;n/a;n/a;n/a;n/a;n/a;n/a;Surface. Dated by TL;Mound;Roman et al 2000/Roman et al 2005;n/a;Roman et al 2000/Roman et al 2005/Lozano Medina 2017;Geographic coordinates approximated;No;n/a
Spain;42,68669429;-1,908223815;1081086;4750470;Ebro basin;Aizibita;Dolmen;n/a;GrA-16918;4085;45;n/a;n/a;n/a;n/a;n/a;n/a;Mainly meat;Human bone;n/a;n/a;Beguiristain 2011;n/a;Beguiristain 2011;n/a;No;n/a
Spain;37,26481871;-1,788277469;1139890;4148708;South;Almizaraque;Rock-cut-tomb, artificial cave & hypogeum;n/a;IRPA-1084;4210;60;-21,8;n/a;n/a;n/a;n/a;n/a;n/a;Charcoal;n/a;n/a;Lozano Medina 2017;n/a;Lozano Medina 2017;n/a;No;n/a
Spain;40,11161586;-3,851613377;938849;4452867;Tagus basins;Valdelasilla -St. 480;Pit;Circular pit;SUERC-110541;4088;25;n/a;n/a;n/a;n/a;n/a;n/a;n/a;Human bone;Mandible;Position secondary;Barroso et al. 2026;Barroso et al. 2026;Barroso et al. 2026;n/a;No;n/a
Portugal;41,191;-8,0348;580940;4560409;Duero basins;Outeiro de Ante 3;Dolmen;n/a;Gif-4859;4090;120;n/a;n/a;n/a;n/a;n/a;n/a;n/a;Charcoal;Debris tumulus;Mound;Cruz 1995;n/a;Cruz 1995;n/a;No;n/a
Spain;42,5937;-2,5323;1030726;4736016;Ebro basin;Los Llanos;Passage grave;n/a;I-14593;4090;120;n/a;n/a;n/a;n/a;n/a;n/a;n/a;Human bone;Chamber, upper level;Chamber;Müller 1998, 82;Cassen et al 1996;Müller 1998, 82/Cassen et al 1996, 514;n/a;No;n/a
Spain;43,1901;-8,9694;502486;4781925;North;Dombate new;Passage grave;n/a;CSIC-1066;4090;60;n/a;n/a;n/a;n/a;n/a;n/a;n/a;Charcoal;Surface tumulus;Mound;Fabregas Valcarce, Vilaseco Vazquez 2003, 293-294;n/a;Fabregas Valcarce, Vilaseco Vazquez 2003, 293-294;n/a;No;n/a
Spain;38,10186836;-1,857287244;1126630;4241290;South;Camino del Molino;Rock-cut-tomb, artificial cave & hypogeum;n/a;Beta-261529;4210;40;n/a;n/a;n/a;n/a;n/a;n/a;n/a;Human teeth;n/a;n/a;Olalde et al 2018;n/a;Olalde et al 2018;n/a;No;n/a
Spain;36,38639972;-5,732422387;793103;4031768;South;Paraje de Monte Bajo 4;Rock-cut-tomb, artificial cave & hypogeum;n/a;Beta-233955;4210;40;-24;n/a;n/a;n/a;n/a;n/a;n/a;Charcoal;Tomb 4;Funerary area;Garcia Sanjuan et al 2011;n/a;Garcia Sanjuan et al 2011;Geographic coordinates approximated;No;n/a
Portugal;38,69353452;-9,372452638;467609;4282834;Tagus basins;S. Pedro do Estoril 2;Rock-cut-tomb, artificial cave & hypogeum;n/a;Beta-178465;4090;40;-19,8;n/a;n/a;n/a;n/a;n/a;n/a;Human bone;n/a;n/a;Gonvßalves 2005;Gonvßalves 2005;Lozano Medina 2017;Geographic coordinates approximated;No;n/a
Portugal;38,69353452;-9,372452638;467609;4282834;Tagus basins;S. Pedro do Estoril 2;Rock-cut-tomb, artificial cave & hypogeum;n/a;Beta-188389;4090;40;-19,8;n/a;n/a;n/a;n/a;n/a;n/a;Human bone;n/a;n/a;Gonvßalves 2005;Gonvßalves 2005;Lozano Medina 2017;Geographic coordinates approximated;No;n/a
Spain;37,36290267;-2,352332957;1089009;4155920;South;Llano del Jauton 5b;Rundgraber & calero tomb;n/a;SUERC-69020;4219;29;-18,6;n/a;n/a;n/a;n/a;n/a;C3 plants and terrestrial animals;Human bone;Tomb 5b;Funerary area;Aranda Jimenez et al 2017;n/a;Aranda Jimenez et al 2017;Geographic coordinates approximated;No;n/a
Portugal;38,77337;-9,24386;478816;4291655;Tagus basins;Carenque 2;Rock-cut-tomb, artificial cave & hypogeum;n/a;OxTL-169j_h1;4095;390;n/a;n/a;n/a;n/a;n/a;n/a;n/a;n/a;Context n/a. Dated by TL;n/a;"Whittle, Arnaud 1975; Boaventura 2011";"Whittle, Arnaud 1975; Boaventura 2011";Whittle, Arnaud 1975/Boaventura 2011/Lozano Medina 2017;n/a;No;n/a
Spain;42,57060164;-2,566025068;1028153;4733238;Ebro basin;Dolmen de Alto de la Huesera;Passage grave;n/a;Beta-321420;4100;30;n/a;n/a;n/a;n/a;n/a;n/a;C3 plants and terrestrial animals;Human bone;n/a;n/a;Fernandez Eraso, Mujika Alustiza 2013/Fernandez Crespo, Schulting 2017;n/a;Fernandez Eraso, Mujika Alustiza 2013/Fernandez Crespo, Schulting 2017;n/a;No;n/a
Spain;38,6911;-6,41778;724584;4285663;South;Huerta Montero;Tholos;n/a;GrN-16955;4220;100;n/a;n/a;n/a;n/a;n/a;n/a;C3 plants and terrestrial animals;Human bone;Reuse of the chamber;Chamber;Garcia Sanjuan et al 2011, Tab 3;Blasco, Ortiz 1991;Garcia Sanjuan et al 2011;n/a;No;n/a
Spain;37,6722;-6,72556;700588;4171879;South;La Paloma;Dolmen;Longitudinal gallery;Beta-150153;4220;40;n/a;n/a;n/a;n/a;n/a;n/a;n/a;Human bone;n/a;n/a;Garcia Sanjuan et al 2011;Nocete et al 2004;Garcia Sanjuan et al 2011/Nocete Calvo et al 2005;n/a;No;n/a
Spain;36,38639972;-5,732422387;793103;4031768;South;Paraje de Monte Bajo 4;Rock-cut-tomb, artificial cave & hypogeum;n/a;Beta-233956;4220;40;-25,1;n/a;n/a;n/a;n/a;n/a;n/a;Charcoal;Tomb 4;Funerary area;Garcia Sanjuan et al 2011;n/a;Garcia Sanjuan et al 2011;Geographic coordinates approximated;No;n/a
Portugal;39,2916;-9,3292;471611;4349188;Tagus basins;Pai Mogo 1;Tholos;n/a;Sac-1782;4100;60;-20;n/a;n/a;n/a;n/a;n/a;C3 plants mainly;Human bone;Chamber;Chamber;Silva 2002/Waterman 2012;n/a;Silva 2002/Waterman 2012;n/a;No;n/a
Spain;40,11161586;-3,851613377;938849;4452867;Tagus basins;Valdelasilla -St. 500;Grave;Circular pit;Beta-684428;4100;30;n/a;n/a;n/a;n/a;n/a;n/a;n/a;Human bone;Premolar;Position secondary;Barroso et al. 2026;Barroso et al. 2026;Barroso et al. 2026;n/a;No;n/a
Spain;43,52;-5,78639;759723;4823580;North;Monte Areo XXII;Dolmen;n/a;UtC-7221;4103;43;n/a;n/a;n/a;n/a;n/a;n/a;n/a;Organic material;n/a;n/a;Arias Cabal et al 2000, 131;n/a;Arias Cabal et al 2000, 131;n/a;No;n/a
Spain;37,40986043;-6,059052883;760292;4144401;South;Montelirio;Tholos;n/a;OxA-32299;4222;28;n/a;n/a;n/a;n/a;n/a;n/a;C3 plants and terrestrial animals;Human bone;Megalithic grave;Funerary area;Fernandez Flores, Aycart 2013/Diaz Zorita 2013/Bayliss et al 2016/Bayliss et al 2017/Fontanals-Coll et al 2016/Lozano Medina 2017/Garcia Sanjuan et al 2018;n/a;Fernandez Flores, Aycart 2013/Diaz Zorita 2013/Bayliss et al 2016/Bayliss et al 2017/Fontanals-Coll et al 2016/Lozano Medina 2017/Garcia Sanjuan et al 2018;n/a;No;n/a
Spain;41,4977739;2,126926438;1429410;4654217;East;Carrer de Paris;Rock-cut-tomb, artificial cave & hypogeum;n/a;UBAR-817;4110;60;n/a;n/a;n/a;n/a;n/a;n/a;n/a;Charcoal;n/a;n/a;Soriano 2016;n/a;Soriano 2016;n/a;No;n/a
Portugal;38,7734;-9,28713;475057;4291670;Tagus basins;Agualva;Tholos;n/a;Beta-239754;4110;40;-19,5;8,1;12;15;n/a;n/a;C3 plants and terrestrial animals;Human bone;Chamber;Chamber;Boaventura 2009/Carvalho 2015/Guiry 2016;n/a;Boaventura 2009/Carvalho 2015/Guiry 2016;n/a;No;n/a
Portugal;38,706541;-9,377149;467207;4284279;Tagus basins;Alapraia 4;Rock-cut-tomb, artificial cave & hypogeum;n/a;Beta-178461;4110;40;-18,7;n/a;n/a;n/a;n/a;n/a;Mainly meat;Human bone;n/a;n/a;Gonvßalves 2005;Gonvßalves 2005;Lozano Medina 2017;n/a;No;n/a
Portugal;38,7696422;-9,267434851;476767;4291247;Tagus basins;Estria;Passage grave;n/a;Beta-228578;4110;40;-20;8,2;n/a;n/a;n/a;n/a;C3 plants and terrestrial animals;Human bone;Chamber;Chamber;Boaventura 2009;n/a;Boaventura 2009;n/a;No;n/a
Spain;36,96579663;-2,521828081;1077002;4110741;South;Los Millares 57;Tholos;n/a;CNA4440;4240;30;-18,9;9,8;n/a;n/a;n/a;n/a;n/a;Human bone;Funerary chamber;Chamber;Molina González et al. 2020;n/a;Molina González et al. 2020;Geographic coordinates approximated;No;n/a
Spain;37,40986043;-6,059052883;760292;4144401;South;Montelirio;Tholos;n/a;CNA-585;4250;35;-20,6;n/a;n/a;n/a;n/a;n/a;C3 plants and terrestrial animals;Human bone;n/a;n/a;Fernandez Flores, Aycart 2013/Diaz Zorita 2013/Bayliss et al 2016/Bayliss et al 2017/Fontanals-Coll et al 2016/Lozano Medina 2017/Garcia Sanjuan et al 2018;Fernandez Flores, Aycart 2013/Bayliss et al 2016;Fernandez Flores, Aycart 2013/Diaz Zorita 2013/Bayliss et al 2016/Bayliss et al 2017/Fontanals-Coll et al 2016/Lozano Medina 2017/Garcia Sanjuan et al 2018;n/a;No;n/a
Spain;38,10186836;-1,857287244;1126630;4241290;South;Camino del Molino;Rock-cut-tomb, artificial cave & hypogeum;n/a;Beta-244973;4260;60;-19,4;9,5;n/a;n/a;n/a;n/a;n/a;Human bone;n/a;n/a;Lomba et al 2009;Lomba et al 2009;Lozano Medina 2017/Lomba et al 2009;n/a;No;n/a
Spain;37,36263292;-2,352540091;1088993;4155889;South;Llano del Jauton 6;Rundgraber & calero tomb;With corridor;SUERC-69021;4264;29;-19;n/a;n/a;n/a;n/a;n/a;C3 plants and terrestrial animals;Human bone;Tomb 6;Funerary area;Aranda Jimenez et al 2017;n/a;Aranda Jimenez et al 2017;Geographic coordinates approximated;No;n/a
Portugal;38,4351;-7,4419;635988;4255241;South;Santa Margarida 3;Passage grave;n/a;Beta-166422;4270;40;-20;n/a;n/a;n/a;n/a;n/a;n/a;Human bone;Chamber;Chamber;Gonvßalvez 2003;n/a;Gonvßalvez 2003;n/a;No;n/a
Portugal;38,4351;-7,4419;635988;4255241;South;Santa Margarida 3;Passage grave;n/a;Beta-166416;4270;40;-19,8;n/a;n/a;n/a;n/a;n/a;n/a;Human bone;Chamber;Chamber;Gonvßalvez 2003;n/a;Gonvßalvez 2003;n/a;No;n/a
Portugal;41,2031;-8,009;583088;4561776;Duero basins;Chã da Parada 1;Passage grave;n/a;ICEN-409;4130;45;n/a;n/a;n/a;n/a;n/a;n/a;n/a;Charcoal;Basement layer 4 pheriphery monument;Mound soil;Boaventura 2009;Cruz 1995;Boaventura 2009/Cruz 1995;n/a;No;n/a
Spain;37,40986043;-6,059052883;760292;4144401;South;Montelirio;Tholos;n/a;CNA-1303;4277;31;n/a;n/a;n/a;n/a;n/a;n/a;C3 plants and terrestrial animals;Human bone;Megalithic grave;Funerary area;Fernandez Flores, Aycart 2013/Diaz Zorita 2013/Bayliss et al 2016/Bayliss et al 2017/Fontanals-Coll et al 2016/Lozano Medina 2017/Garcia Sanjuan et al 2018;Garcia Sanjuan et al 2013;Fernandez Flores, Aycart 2013/Diaz Zorita 2013/Bayliss et al 2016/Bayliss et al 2017/Fontanals-Coll et al 2016/Lozano Medina 2017/Garcia Sanjuan et al 2018;n/a;No;n/a
Spain;37,40986043;-6,059052883;760292;4144401;South;Montelirio;Tholos;n/a;OxA-32370;4277;30;n/a;n/a;n/a;n/a;n/a;n/a;C3 plants and terrestrial animals;Human bone;n/a;n/a;Fernandez Flores, Aycart 2013/Diaz Zorita 2013/Bayliss et al 2016/Bayliss et al 2017/Fontanals-Coll et al 2016/Lozano Medina 2017/Garcia Sanjuan et al 2018;n/a;Fernandez Flores, Aycart 2013/Diaz Zorita 2013/Bayliss et al 2016/Bayliss et al 2017/Fontanals-Coll et al 2016/Lozano Medina 2017/Garcia Sanjuan et al 2018;n/a;No;n/a
Spain;37,40943951;-6,058968675;760301;4144355;South;Montelirio_Structure 10042-10049;Tholos;n/a;CNA-1303;4277;31;n/a;n/a;n/a;n/a;n/a;n/a;n/a;Human bone;Chamber 10042;Chamber;Garcia Sanjuan et al 2008;n/a;Garcia Sanjuan et al 2008;Geographic coordinates approximated;No;n/a
Spain;37,40986043;-6,059052883;760292;4144401;South;Montelirio;Tholos;n/a;OxA-28245;4279;29;-20,2;9,2;n/a;n/a;n/a;n/a;C3 plants and terrestrial animals;Human bone;n/a;n/a;Fernandez Flores, Aycart 2013/Diaz Zorita 2013/Bayliss et al 2016/Bayliss et al 2017/Fontanals-Coll et al 2016/Lozano Medina 2017/Garcia Sanjuan et al 2018;n/a;Fernandez Flores, Aycart 2013/Diaz Zorita 2013/Bayliss et al 2016/Bayliss et al 2017/Fontanals-Coll et al 2016/Lozano Medina 2017/Garcia Sanjuan et al 2018;n/a;No;n/a
Portugal;38,88581076;-9,216643474;481210;4304127;Tagus basins;Carcavelos;Passage grave;Remains of two orthostats in the corridor;Beta-225170;4130;40;-19,92;8,14;1;2;n/a;n/a;n/a;Human bone;Chamber. Commingled bones;Chamber;Boaventura 2009;n/a;Boaventura 2009;n/a;No;n/a
Portugal;38,77337;-9,24386;478816;4291655;Tagus basins;Carenque 2;Rock-cut-tomb, artificial cave & hypogeum;n/a;OxTL-169j_h3;4130;420;n/a;n/a;n/a;n/a;n/a;n/a;n/a;n/a;Context n/a. Dated by TL;n/a;"Whittle, Arnaud 1975; Boaventura 2011";"Whittle, Arnaud 1975; Boaventura 2011";Whittle, Arnaud 1975/Boaventura 2011/Lozano Medina 2017;n/a;No;n/a
Portugal;39,2916;-9,3292;471611;4349188;Tagus basins;Pai Mogo 1;Tholos;n/a;UBAR-539;4130;90;n/a;n/a;n/a;n/a;n/a;n/a;C3 plants mainly;Human bone;Chamber;Chamber;Silva 2002/Waterman 2012;Silva 2012;Silva 2002/Silva 2012/Waterman 2012;n/a;No;n/a
Spain;36,96464562;-2,522645967;1076937;4110608;South;Los Millares 74;Tholos;n/a;SUERC-80507;4286;33;-18,2;14,8;n/a;n/a;n/a;n/a;n/a;Human teeth;Funerary chamber. Human Tooth 46 (adult);Chamber;Aranda Jimenez et al. 2020;n/a;Aranda Jimenez et al. 2020;Geographic coordinates approximated;No;n/a
Portugal;41,4839;-7,4019;633417;4593709;Duero basins;Mamoa do Castelo 1;Passage grave;n/a;CSIC-1814;4136;33;n/a;n/a;n/a;n/a;n/a;n/a;n/a;Charcoal;Entrance area;Mound soil;Sanches et al 2005;n/a;Sanches et al 2005;n/a;No;n/a
Spain;36,96464562;-2,522645967;1076937;4110608;South;Los Millares 74;Tholos;n/a;SUERC-86911;4288;35;-18;12,4;n/a;n/a;n/a;n/a;n/a;Human teeth;Funerary chamber. Human Tooth 74 (Infantile 1);Chamber;Aranda Jimenez et al. 2020;n/a;Aranda Jimenez et al. 2020;Geographic coordinates approximated;No;n/a
Portugal;41,1114;-7,10806;658850;4552848;Duero basins;Vale da Cerva;Varia;n/a;GrA-8402;4140;45;n/a;n/a;n/a;n/a;n/a;n/a;n/a;Human bone;Chamber;Chamber;Cruz et al 2003;n/a;Cruz et al 2003;n/a;Yes;Bronze age site
Spain;37,26481871;-1,788277469;1139890;4148708;South;Almizaraque;Rock-cut-tomb, artificial cave & hypogeum;n/a;IRPA-1082;4290;60;-21,8;n/a;n/a;n/a;n/a;n/a;n/a;Charcoal;n/a;n/a;Castro et al 1996;Castro et al 1996;Lozano Medina 2017;n/a;No;n/a
Spain;36,8431;-2,2072;1106036;4099066;South;El Barranquete 7;Tholos;n/a;CSIC-81_C;4290;92;n/a;n/a;n/a;n/a;n/a;n/a;C3 plants and terrestrial animals;Charcoal;Chamber;Chamber;Muller 1998, 87/Chapman 1991, 86;Almagro Gorbea 1973, Alonso et al 1978;Almagro Gorbea 1973/Alonso et al 1978/Mu¬Åller 1998, 87/Chapman 1991, 86;CSIC-82 and CSIC-81 combined;No;n/a
Spain;36,96464562;-2,522645967;1076937;4110608;South;Los Millares 74;Tholos;n/a;CNA4451;4290;30;-19;10,1;n/a;n/a;n/a;n/a;n/a;Human bone;Funerary chamber;Chamber;Molina González et al. 2020;n/a;Molina González et al. 2020;Geographic coordinates approximated;No;n/a
Portugal;38,4515;-7,3989;639710;4257125;South;Olival da Pega 2b;Tholos;n/a;ICEN-955;4290;100;n/a;n/a;n/a;n/a;n/a;n/a;n/a;Human bone;Chamber/depot 6/7;Chamber;Soares 1999;n/a;Soares 1999;n/a;No;n/a
Spain;41,8844;1,114722;1339654;4686696;Ebro basin;Reguers de Sero;Cist;n/a;Beta-230406;4150;40;n/a;n/a;n/a;n/a;n/a;n/a;n/a;Human bone;RGS07-125;n/a;Telearchaeology.com;n/a;Telearchaeology.com;n/a;Yes;Bronze age cist
Portugal;38,4351;-7,4419;635988;4255241;South;Santa Margarida 3;Passage grave;n/a;Beta-176897;4290;40;-19,7;n/a;n/a;n/a;n/a;n/a;n/a;Human bone;Chamber;Chamber;Gonvßalvez 2003;n/a;Gonvßalvez 2003;n/a;No;n/a
Portugal;38,8821;-9,17056;485206;4303707;Tagus basins;Casainhos;Passage grave;Chamber with corridor and side burial;Beta-225168;4150;40;-20,2;n/a;n/a;n/a;n/a;n/a;n/a;Human bone;Chamber;Chamber;Boaventura 2009;n/a;Boaventura 2009;n/a;No;n/a
Spain;40,11161586;-3,851613377;938849;4452867;Tagus basins;Valdelasilla -St. 272;Grave;Oval-shaped chamber;Beta-573906;4150;30;n/a;n/a;n/a;n/a;n/a;n/a;n/a;Human bone;Cranium;Position secondary;Barroso et al. 2026;Barroso et al. 2026;Barroso et al. 2026;n/a;No;n/a
Spain;37,26481871;-1,788277469;1139890;4148708;South;Almizaraque;Rock-cut-tomb, artificial cave & hypogeum;n/a;UGRA-170;4300;90;n/a;n/a;n/a;n/a;n/a;n/a;n/a;Charcoal;n/a;n/a;Gonzalez-Gomez et al 1986;Gonzalez-Gomez et al 1986;Lozano Medina 2017;n/a;No;n/a
Portugal;38,4482;-7,4432;635850;4256693;South;Poço da Gateira 1;Passage grave;Short corridor;OxTL169a_b2;4305;400;n/a;n/a;n/a;n/a;n/a;n/a;n/a;n/a;Chamber. Dated by TL;Chamber;"Whittle, Arnaud 1975; Boaventura 2011";"Whittle, Arnaud 1975; Boaventura 2011";Whittle, Arnaud 1975/Boaventura 2011/Lozano Medina 2017;n/a;No;n/a
Spain;37,13723504;-1,852835214;1135229;4134087;South;Loma del Campo 2;Tholos;n/a;SUERC-86812;4316;35;-19,1;9,8;n/a;n/a;n/a;n/a;n/a;Human teeth;Human Tooth 47 (adult);Funerary area;Aranda Jimenez et al. 2021;n/a;Aranda Jimenez et al. 2021;Geographic coordinates approximated;No;n/a
Spain;37,13723504;-1,852835214;1135229;4134087;South;Loma del Campo 2;Tholos;n/a;SUERC-86822;4325;34;-19,4;10,3;n/a;n/a;n/a;n/a;n/a;Human teeth;Human Tooth 47 (juvenile);Funerary area;Aranda Jimenez et al. 2021;n/a;Aranda Jimenez et al. 2021;Geographic coordinates approximated;No;n/a
Portugal;40,5107;-8,0045;584339;4484918;Duero basins;Arquinha da Moura;Passage grave;n/a;GrA-9573;4160;50;n/a;n/a;n/a;n/a;n/a;n/a;n/a;Charcoal;Basement chamber;Mound soil;Cruz et al 2003;n/a;Cruz et al 2003;n/a;No;n/a
Spain;41,33436702;1,916277067;1414110;4633763;East;Coveta del Marge del Moro;Rock-cut-tomb, artificial cave & hypogeum;n/a;Beta-125440;4160;90;n/a;n/a;n/a;n/a;n/a;n/a;n/a;Human bone;Level IV;n/a;Oms et al 2016;n/a;Oms et al 2016;Geographic coordinates approximated;No;n/a
Spain;42,68669429;-1,908223815;1081086;4750470;Ebro basin;Aizibita;Dolmen;n/a;GrN-25699;4160;45;n/a;n/a;n/a;n/a;n/a;n/a;Mainly meat;Human bone;n/a;n/a;Beguiristain 2011;n/a;Beguiristain 2011;n/a;No;n/a
Spain;36,83798865;-2,207230234;1106074;4098498;South;El Barranquete 10;Tholos;n/a;Beta-436483;4330;30;-18,5;11;n/a;n/a;n/a;n/a;C3 plants and terrestrial animals;Human bone;Chamber;Chamber;Aranda Jimenez et al 2018;n/a;Aranda Jimenez et al 2018;n/a;No;n/a
Spain;37,13723504;-1,852835214;1135229;4134087;South;Loma del Campo 2;Tholos;n/a;SUERC-86809;4332;35;-19;10,8;n/a;n/a;n/a;n/a;n/a;Human teeth;Human Tooth 84 (5-7 years);Funerary area;Aranda Jimenez et al. 2021;n/a;Aranda Jimenez et al. 2021;Geographic coordinates approximated;No;n/a
Spain;37,13723504;-1,852835214;1135229;4134087;South;Loma del Campo 2;Tholos;n/a;SUERC-86810;4348;35;-19,4;9,6;n/a;n/a;n/a;n/a;n/a;Human teeth;Human Tooth 47 (adult);Funerary area;Aranda Jimenez et al. 2021;n/a;Aranda Jimenez et al. 2021;Geographic coordinates approximated;No;n/a
Spain;37,14110374;-1,852472269;1135229;4134519;South;Loma de Belmonte;Tholos;n/a;SUERC-86831;4351;33;-18,7;10;n/a;n/a;n/a;n/a;n/a;Human teeth;Funerary chamber. Human Tooth 25 (10,5 years);Chamber;Aranda Jimenez et al. 2021;n/a;Aranda Jimenez et al. 2021;Geographic coordinates approximated;No;n/a
Spain;37,14110374;-1,852472269;1135229;4134519;South;Loma de Belmonte;Tholos;n/a;SUERC-86848;4352;35;-18,1;10,8;n/a;n/a;n/a;n/a;n/a;Human teeth;Funerary chamber. Human Tooth 36 (adult);Chamber;Aranda Jimenez et al. 2021;n/a;Aranda Jimenez et al. 2021;Geographic coordinates approximated;No;n/a
Spain;37,36603949;-3,297507176;1005163;4150765;South;Panoria 6;Varia;Cistoid structure with corridor;ETH-69960;4353;25;-19,8;9,7;n/a;n/a;n/a;n/a;C3 plants and terrestrial animals;Human bone;Tomb 6. Funerary chamber. Femur from an adult;Chamber;Aranda Jimenez et al 2017, Tab 2;n/a;n/a;n/a;No;n/a
Spain;37,36603377;-3,297615053;1005154;4150764;South;Panoria 8;Varia;Cistoid structure;SUERC-72323;4365;30;n/a;9,4;n/a;n/a;n/a;n/a;C3 plants and terrestrial animals;Human bone;Tomb 8. Funerary chamber (Phase I). Right femur from an adult;Chamber;Aranda Jimenez et al 2017, Tab 7;n/a;n/a;n/a;No;n/a
Spain;37,35357;-2,36844;1087654;4154782;South;La Ruina;Varia;n/a;MAD-507;4368;377;n/a;n/a;n/a;n/a;n/a;n/a;n/a;n/a;Surface. Dated by TL;Mound;Roman et al 2000/Roman et al 2005;n/a;Roman et al 2000/Roman et al 2005/Lozano Medina 2017;Geographic coordinates approximated;No;n/a
Spain;36,96464562;-2,522645967;1076937;4110608;South;Los Millares 74;Tholos;n/a;SUERC-86903;4370;35;-18,5;13,1;n/a;n/a;n/a;n/a;n/a;Human teeth;Funerary chamber. Human Tooth 23 (adult);Chamber;Aranda Jimenez et al. 2020;n/a;Aranda Jimenez et al. 2020;Geographic coordinates approximated;No;n/a
Portugal;37,20637;-8,593535;536067;4117843;South;Monte Canelas 1;Rock-cut-tomb, artificial cave & hypogeum;n/a;OxA-5514;4370;60;-19,1;n/a;n/a;n/a;n/a;n/a;C3 plants and terrestrial animals;Human bone;Chamber;Chamber;Moran, Parreira 2007;Silva 1997;Lozano Medina 2017;n/a;No;n/a
Spain;37,13723504;-1,852835214;1135229;4134087;South;Loma del Campo 2;Tholos;n/a;SUERC-86821;4380;32;-19,8;11,4;n/a;n/a;n/a;n/a;n/a;Human teeth;Human Tooth 47 (adult);Funerary area;Aranda Jimenez et al. 2021;n/a;Aranda Jimenez et al. 2021;Geographic coordinates approximated;No;n/a
Portugal;38,834273;-9,337743;470686;4298440;Tagus basins;Folha de Barradas;Rock-cut-tomb, artificial cave & hypogeum;n/a;Beta-234135;4170;40;-19,8;8,2;n/a;n/a;n/a;n/a;C3 plants mainly;Human bone;n/a;n/a;Boaventura 2009;Boaventura 2009;Lozano Medina 2017;n/a;No;n/a
Spain;36,96612597;-2,519133355;1077239;4110794;South;Los Millares 19;Tholos;n/a;KN-72;4380;120;n/a;n/a;n/a;n/a;n/a;n/a;n/a;Charcoal;Funerary chamber;Chamber;Lozano Medina, Aranda Jimenez 2017;Schwabedissen, Freundlich 1966;Schwabedissen, Freundlich 1966/Lozano Medina, Aranda Jimenez 2017;Geographic coordinates approximated;No;n/a
Spain;37,14110374;-1,852472269;1135229;4134519;South;Loma de Belmonte;Tholos;n/a;SUERC-86849;4381;35;-18,8;10,8;n/a;n/a;n/a;n/a;n/a;Human teeth;Funerary chamber. Human Tooth 36 (adult);Chamber;Aranda Jimenez et al. 2021;n/a;Aranda Jimenez et al. 2021;Geographic coordinates approximated;No;n/a
Portugal;41,2031;-8,009;583088;4561776;Duero basins;Chã da Parada 1;Passage grave;n/a;ICEN-408;4180;110;n/a;n/a;n/a;n/a;n/a;n/a;n/a;Charcoal;Basement layer 5, mixed layer with ancient soil;Mound soil;Boaventura 2009;Cruz 1995;Boaventura 2009/Cruz 1995;n/a;No;n/a
Spain;37,13723504;-1,852835214;1135229;4134087;South;Loma del Campo 2;Tholos;n/a;SUERC-86818;4388;35;-19,3;8,4;n/a;n/a;n/a;n/a;n/a;Human teeth;Human Tooth 47 (adult);Funerary area;Aranda Jimenez et al. 2021;n/a;Aranda Jimenez et al. 2021;Geographic coordinates approximated;No;n/a
Spain;37,14110374;-1,852472269;1135229;4134519;South;Loma de Belmonte;Tholos;n/a;SUERC-86839;4391;35;-18,4;10,4;n/a;n/a;n/a;n/a;n/a;Human teeth;Funerary chamber. Human Tooth 36 (adult);Chamber;Aranda Jimenez et al. 2021;n/a;Aranda Jimenez et al. 2021;Geographic coordinates approximated;No;n/a
Spain;37,14110374;-1,852472269;1135229;4134519;South;Loma de Belmonte;Tholos;n/a;SUERC-86840;4391;35;-18,4;11,7;n/a;n/a;n/a;n/a;n/a;Human teeth;Funerary chamber. Human Tooth 36 (adult);Chamber;Aranda Jimenez et al. 2021;n/a;Aranda Jimenez et al. 2021;Geographic coordinates approximated;No;n/a
Spain;39,9915;-4,2092;909075;4437819;Tagus basins;El Castillejo;Tumulus;n/a;GX-29784;4180;50;n/a;n/a;n/a;n/a;n/a;n/a;C3 plants and terrestrial animals;Human bone;Burial, Individual 15;Funerary area;Bueno Ramirez et al 2010, Tab 3;Bueno Ramirez et al 2005;Bueno Ramirez et al 2010/Bueno Ramirez et al 2005;n/a;No;n/a
Portugal;38,7696422;-9,267434851;476767;4291247;Tagus basins;Estria;Passage grave;n/a;Beta-208950;4180;50;-20;8,2;n/a;n/a;n/a;n/a;C3 plants and terrestrial animals;Human bone;Chamber;Chamber;Boaventura 2009;n/a;Boaventura 2009;n/a;No;n/a
Portugal;38,76816692;-9,264709954;477003;4291083;Tagus basins;Monte Abraão;Passage grave;n/a;Beta-228580;4180;40;-19,96;7,9;1;3;n/a;n/a;C3 plants and terrestrial animals;Human bone;Chamber;Chamber;Boaventura 2009;n/a;Boaventura 2009;n/a;No;n/a
Portugal;38,7641;-8,19525;569916;4290906;Tagus basins;Anta do Estanque;Passage grave;Short corridor;Wk-17091;4182;39;-20,1;n/a;n/a;n/a;n/a;n/a;n/a;Human bone;Chamber;Chamber;Boaventura 2009;Boaventura 2009;Boaventura 2009;n/a;No;n/a
Spain;37,13723504;-1,852835214;1135229;4134087;South;Loma del Campo 2;Tholos;n/a;SUERC-86829;4392;35;-19,7;10,5;n/a;n/a;n/a;n/a;n/a;Human teeth;Human Tooth 47 (adult);Funerary area;Aranda Jimenez et al. 2021;n/a;Aranda Jimenez et al. 2021;Geographic coordinates approximated;No;n/a
Spain;37,13723504;-1,852835214;1135229;4134087;South;Loma del Campo 2;Tholos;n/a;SUERC-86827;4395;35;-19,1;10,7;n/a;n/a;n/a;n/a;n/a;Human teeth;Human Tooth 47 (adult);Funerary area;Aranda Jimenez et al. 2021;n/a;Aranda Jimenez et al. 2021;Geographic coordinates approximated;No;n/a
Portugal;39,2242;-7,6795;613984;4342487;Tagus basins;Anta da Horta;Passage grave;n/a;Beta-194312;4190;50;n/a;n/a;n/a;n/a;n/a;n/a;n/a;Human bone;n/a;n/a;Oliveira 2006;n/a;Oliveira 2006;n/a;No;n/a
Portugal;39,7653492;-8,366745531;554239;4401905;Tagus basins;Rego da Murta 2;Passage grave;n/a;Beta-190007;4190;40;-19,8;n/a;n/a;n/a;n/a;n/a;n/a;Human bone;Chamber;Chamber;Figueiredo 2006;n/a;Figueiredo 2006;n/a;No;n/a
Spain;37,40986043;-6,059052883;760292;4144401;South;Montelirio;Tholos;n/a;CNA-589;4400;60;n/a;n/a;n/a;n/a;n/a;n/a;C3 plants and terrestrial animals;Human bone;n/a;n/a;Fernandez Flores, Aycart 2013/Diaz Zorita 2013/Bayliss et al 2016/Bayliss et al 2017/Fontanals-Coll et al 2016/Lozano Medina 2017/Garcia Sanjuan et al 2018;n/a;Fernandez Flores, Aycart 2013/Diaz Zorita 2013/Bayliss et al 2016/Bayliss et al 2017/Fontanals-Coll et al 2016/Lozano Medina 2017/Garcia Sanjuan et al 2018;n/a;No;n/a
Spain;37,14110374;-1,852472269;1135229;4134519;South;Loma de Belmonte;Tholos;n/a;SUERC-86838;4404;35;-19,3;9,4;n/a;n/a;n/a;n/a;n/a;Human teeth;Funerary chamber. Human Tooth 36 (adult);Chamber;Aranda Jimenez et al. 2021;n/a;Aranda Jimenez et al. 2021;Geographic coordinates approximated;No;n/a
Spain;43,1901;-8,9694;502486;4781925;North;Dombate new;Passage grave;n/a;CSIC-948;4200;30;n/a;n/a;n/a;n/a;n/a;n/a;n/a;Charcoal;Surface tumulus;Mound;Fabregas Valcarce, Vilaseco Vazquez 2003, 293-294;n/a;Fabregas Valcarce, Vilaseco Vazquez 2003, 293-294;n/a;No;n/a
Spain;37,5933;-6,515;719393;4163595;South;Casullo;Gallery sepulchre;Rectilinear gallery;CNA-346;4410;50;n/a;n/a;n/a;n/a;n/a;n/a;n/a;Charcoal;Funerary deposit;Funerary area;Linares, Garcia Sanjuan 2010;n/a;n/a;n/a;No;n/a
Portugal;38,4343;-7,43523;636572;4255162;South;Santa Margarida 2;Passage grave;n/a;Beta-153911;4410;60;-26,1;n/a;n/a;n/a;n/a;n/a;n/a;Charcoal;Chamber;Chamber;Gonvßalvez 2001;n/a;Gonvßalvez 2001;n/a;No;n/a
Portugal;37,20637;-8,593535;536067;4117843;South;Monte Canelas 1;Rock-cut-tomb, artificial cave & hypogeum;n/a;OxA-5515;4420;60;-19,7;n/a;n/a;n/a;n/a;n/a;C3 plants and terrestrial animals;Human bone;Chamber;Chamber;Moran, Parreira 2007;Silva 1997;Lozano Medina 2017;n/a;No;n/a
Portugal;39,70854;-7,98336;587148;4395902;Tagus basins;Anta de Lajinha;Passage grave;n/a;ITNLUM-202;4200;300;n/a;n/a;n/a;n/a;n/a;n/a;n/a;Regolith (quartz);Mound base. Dated by OSL;Mound soil;Burbidge et al 2014;n/a;Burbidge et al 2014/Lozano Medina 2017;n/a;No;n/a
Spain;37,13723504;-1,852835214;1135229;4134087;South;Loma del Campo 2;Tholos;n/a;SUERC-87315;4421;25;-18,6;10,9;n/a;n/a;n/a;n/a;n/a;Human teeth;Human Tooth 47 (adult);Funerary area;Aranda Jimenez et al. 2021;n/a;Aranda Jimenez et al. 2021;Geographic coordinates approximated;No;n/a
Spain;36,96464562;-2,522645967;1076937;4110608;South;Los Millares 74;Tholos;n/a;SUERC-86908;4424;32;-19,3;10,1;n/a;n/a;n/a;n/a;n/a;Human teeth;Funerary chamber. Human Tooth 23 (adult);Chamber;Aranda Jimenez et al. 2020;n/a;Aranda Jimenez et al. 2020;Geographic coordinates approximated;No;n/a
Spain;37,13723504;-1,852835214;1135229;4134087;South;Loma del Campo 2;Tholos;n/a;SUERC-86823;4433;35;-18,9;9,8;n/a;n/a;n/a;n/a;n/a;Human teeth;Human Tooth 47 (adult);Funerary area;Aranda Jimenez et al. 2021;n/a;Aranda Jimenez et al. 2021;Geographic coordinates approximated;No;n/a
Portugal;40,6077;-8,21356;566531;4495506;Duero basins;Pedra dos Mouros;Varia;Simple chamber without mound;Beta-228582;4210;50;-19,7;7,74;n/a;n/a;n/a;n/a;C3 plants and terrestrial animals;Human bone;Chamber;Chamber;Boaventura 2009;n/a;Boaventura 2009;n/a;No;n/a
Spain;42,6821784;-1,86197133;1084920;4750289;Ebro basin;Morea;Passage grave;n/a;GrA-18888;4210;70;n/a;n/a;n/a;n/a;n/a;n/a;n/a;Human bone;n/a;n/a;Alday et al 2016;Beguiristain 2004;Beguiristain 2004/Alday et al 2016;n/a;No;n/a
Spain;37,13723504;-1,852835214;1135229;4134087;South;Loma del Campo 2;Tholos;n/a;SUERC-86813;4438;35;-19,3;9,3;n/a;n/a;n/a;n/a;n/a;Human teeth;Human Tooth 47 (adult);Funerary area;Aranda Jimenez et al. 2021;n/a;Aranda Jimenez et al. 2021;Geographic coordinates approximated;No;n/a
Spain;37,13723504;-1,852835214;1135229;4134087;South;Loma del Campo 2;Tholos;n/a;SUERC-86828;4444;35;-19,3;9,8;n/a;n/a;n/a;n/a;n/a;Human teeth;Human Tooth 47 (adult);Funerary area;Aranda Jimenez et al. 2021;n/a;Aranda Jimenez et al. 2021;Geographic coordinates approximated;No;n/a
Spain;37,13723504;-1,852835214;1135229;4134087;South;Loma del Campo 2;Tholos;n/a;SUERC-86820;4448;33;-19,9;8,7;n/a;n/a;n/a;n/a;n/a;Human teeth;Human Tooth 47 (adult);Funerary area;Aranda Jimenez et al. 2021;n/a;Aranda Jimenez et al. 2021;Geographic coordinates approximated;No;n/a
Spain;36,7036;-4,84139;871541;4070059;South;Cuesta de los Almendrillos;Gallery sepulchre;n/a;GrN-25302;4450;20;n/a;n/a;n/a;n/a;n/a;n/a;n/a;Human bone;n/a;n/a;Garcia Sanjuan et al 2011;n/a;Garcia Sanjuan et al 2011;n/a;No;n/a
Portugal;41,2045;-8,0187;582273;4561923;Duero basins;Meninas do Crasto 4;Dolmen;Chamber destroyed. Cairn with lithic ring;GaK-10943;4220;140;n/a;n/a;n/a;n/a;n/a;n/a;n/a;Charcoal;Ancient soil;Paleosol;Cruz 1995;n/a;Cruz 1995;n/a;No;n/a
Portugal;37,20637;-8,593535;536067;4117843;South;Monte Canelas 1;Rock-cut-tomb, artificial cave & hypogeum;n/a;Beta-290368;4450;40;n/a;n/a;n/a;n/a;n/a;n/a;n/a;Charcoal;Inferior levels;n/a;Moran Hernandez 2014;n/a;Moran Hernandez 2014;n/a;No;n/a
Spain;36,3861;-5,7325;793097;4031734;South;Paraje de Monte Bajo 2;Rock-cut-tomb, artificial cave & hypogeum;n/a;Beta-233952;4450;40;n/a;n/a;n/a;n/a;n/a;n/a;n/a;Charcoal;Tomb 2. Centre of the chamber;Funerary area;Garcia Sanjuan et al 2011;n/a;Garcia Sanjuan et al 2011;n/a;No;n/a
Portugal;37,20637;-8,59354;536067;4117843;South;Monte Canelas 1;Rock-cut-tomb, artificial cave & hypogeum;n/a;ICEN-1159;4460;110;n/a;n/a;n/a;n/a;n/a;n/a;n/a;Charcoal;Below funerary level;Mound soil;Boaventura 2009/Silva et al 2010;n/a;Boaventura 2009/Silva et al 2010;n/a;No;n/a
Portugal;37,20637;-8,593535;536067;4117843;South;Monte Canelas 1;Rock-cut-tomb, artificial cave & hypogeum;n/a;PSUAMS-3902;4465;25;-19,2;9,9;n/a;n/a;n/a;n/a;C3 plants and terrestrial animals;Human bone;n/a;n/a;Olalde et al 2019;n/a;Olalde et al 2019;n/a;No;n/a
Spain;42,09985668;-1,471584857;1122690;4688373;Ebro basin;Tres Montes;Rock-cut-tomb, artificial cave & hypogeum;n/a;N.R.2c;4225;65;n/a;n/a;n/a;n/a;n/a;n/a;n/a;Human bone;n/a;n/a;Fernandez Eraso et al 2007;n/a;Fernandez Eraso et al 2007;n/a;No;n/a
Spain;42,57060164;-2,566025068;1028153;4733238;Ebro basin;Dolmen de Alto de la Huesera;Passage grave;n/a;Beta-391716;4230;30;n/a;n/a;n/a;n/a;n/a;n/a;n/a;Human bone;ALTH8;n/a;Fernandez Eraso et al. 2019;n/a;Fernandez Eraso et al. 2019;n/a;No;n/a
Spain;43,1901;-8,9694;502486;4781925;North;Dombate new;Passage grave;n/a;CSIC-892;4230;70;n/a;n/a;n/a;n/a;n/a;n/a;n/a;Charcoal;Entrance area;Mound soil;Fabregas Valcarce, Vilaseco Vazquez 2003, 293-294;n/a;Fabregas Valcarce, Vilaseco Vazquez 2003, 293-294;n/a;No;n/a
Spain;36,96464562;-2,522645967;1076937;4110608;South;Los Millares 74;Tholos;n/a;SUERC-86907;4466;35;-19,2;9,5;n/a;n/a;n/a;n/a;n/a;Human teeth;Funerary chamber. Human Tooth 23 (adult);Chamber;Aranda Jimenez et al. 2020;n/a;Aranda Jimenez et al. 2020;Geographic coordinates approximated;No;n/a
Portugal;39,1206;-9,0901;492211;4330163;Tagus basins;Cabeço de Arruda 2;Tholos;n/a;UBAR-538;4230;100;n/a;n/a;n/a;n/a;n/a;n/a;n/a;Human bone;Chamber;Chamber;Silva 2002;n/a;Silva 2002;n/a;No;n/a
Spain;37,364;-2,357147;1088574;4156012;South;Las Churuletas 4;Passage grave;n/a;Beta-421157;4470;30;-19,5;n/a;n/a;n/a;n/a;n/a;C3 plants and terrestrial animals;Human bone;Tomb 4;Funerary area;Aranda Jimenez et al 2017;n/a;Aranda Jimenez et al 2017;Geographic coordinates approximated;No;n/a
Portugal;39,1206;-9,1011;491260;4330164;Tagus basins;Cabeço de Arruda 1;Rock-cut-tomb, artificial cave & hypogeum;n/a;Beta-132975;4240;50;n/a;n/a;n/a;n/a;n/a;n/a;C3 plants mainly;Human bone;Funerary deposity. Hipogeum;Funerary area;Waterman 2012/Pardo-Gordo, Carvalho 2020;Umbelino 2006;Waterman 2012/Pardo-Gordo, Carvalho 2020;n/a;No;n/a
Portugal;39,4448699;-7,472152519;631469;4367259;Tagus basins;Coureleiros 4;Passage grave;n/a;ICEN-976;4240;150;n/a;n/a;n/a;n/a;n/a;n/a;n/a;Charcoal;Corridor;Corridor;Oliveira 1997;Oliveira 1997;Oliveira 1997;n/a;No;n/a
Spain;37,13723504;-1,852835214;1135229;4134087;South;Loma del Campo 2;Tholos;n/a;SUERC-86817;4473;33;-18,8;10,4;n/a;n/a;n/a;n/a;n/a;Human teeth;Human Tooth 47 (adult);Funerary area;Aranda Jimenez et al. 2021;n/a;Aranda Jimenez et al. 2021;Geographic coordinates approximated;No;n/a
Spain;40,64354128;-4,020146878;921142;4511125;Tagus basins;Entretérminos;Passage grave;n/a;Beta-16229;4250;50;n/a;n/a;n/a;n/a;n/a;n/a;n/a;n/a;n/a;n/a;Jimenez Guijarro 2010;n/a;Jimenez Guijarro 2010;Practically destroyed. It could be a gallery grave;No;n/a
Portugal;39,2916;-9,3292;471611;4349188;Tagus basins;Pai Mogo 1;Tholos;n/a;Sac-1556;4250;90;-20,4;n/a;n/a;n/a;n/a;n/a;C3 plants mainly;Human bone;Chamber;Chamber;Boaventura 2009/Waterman 2012;n/a;Boaventura 2009/Waterman 2012;n/a;No;n/a
Spain;36,3861;-5,7325;793097;4031734;South;Paraje de Monte Bajo 2;Rock-cut-tomb, artificial cave & hypogeum;n/a;Beta-233951;4480;40;n/a;n/a;n/a;n/a;n/a;n/a;n/a;Charcoal;Tomb 2. Centre of the chamber;Funerary area;Garcia Sanjuan et al 2011;n/a;Garcia Sanjuan et al 2011;n/a;No;n/a
Portugal;38,8263;-9,4663;459523;4297604;Tagus basins;Praia das Maçãs;Tholos;n/a;H-2049;4260;60;n/a;n/a;n/a;n/a;n/a;n/a;n/a;Charcoal;Chamber;Chamber;Soares, Cabral 1984;n/a;Soares, Cabral 1984;n/a;No;n/a
Spain;37,36375325;-2,357546812;1088540;4155982;South;Las Churuletas 3;Rundgraber & calero tomb;n/a;Beta-421156;4490;30;-19,1;n/a;n/a;n/a;n/a;n/a;C3 plants and terrestrial animals;Human bone;Tomb 3;Funerary area;Aranda Jimenez et al 2017;n/a;Aranda Jimenez et al 2017;Geographic coordinates approximated;No;n/a
Spain;42,6521;-8,1295;571352;4722549;North;Monte da Romea;Varia;Polygonal chamber;Ua-20003;4265;50;n/a;n/a;n/a;n/a;n/a;n/a;n/a;Charcoal;Debris tumulus, entrance area;Mound;Mav±ana Borrazas 2003;n/a;Mav±ana Borrazas 2003;n/a;No;n/a
Spain;42,2692;-2,5239;1034177;4700017;Ebro basin;Collado Palomero 1;Dolmen;Intratumular corridor;CSIC-1065;4270;60;n/a;n/a;n/a;n/a;n/a;n/a;n/a;Human bone;Layer B2;n/a;Boaventura 2009;Lopez de Calle, Llarraza 1997;Boaventura 2009/Lopez de Calle, Llarraza 1997;n/a;No;n/a
Portugal;38,1723;-7,6333;619714;4225814;South;Sobreira de Cima 1;Rock-cut-tomb, artificial cave & hypogeum;n/a;Sac-2261;4500;50;-18,77;n/a;n/a;n/a;65;20;Relative high percentages of estuarine/riverine food;Human bone;Chamber;Chamber;Valera et al 2008/Valera 2013/Carvalho, Rocha 2016;n/a;Valera et al 2008/Valera 2013/Carvalho, Rocha 2016/Lozano Medina 2017;DeltaR values from Monge Soares, Matos Martins 2010;No;n/a
Spain;37,13723504;-1,852835214;1135229;4134087;South;Loma del Campo 2;Tholos;n/a;SUERC-86811;4505;35;-19;10,4;n/a;n/a;n/a;n/a;n/a;Human teeth;Human Tooth 47 (adult);Funerary area;Aranda Jimenez et al. 2021;n/a;Aranda Jimenez et al. 2021;Geographic coordinates approximated;No;n/a
Portugal;38,88581076;-9,216643474;481210;4304127;Tagus basins;Carcavelos;Passage grave;Remains of two orthostats in the corridor;Beta-208518;4270;40;-20,2;n/a;n/a;n/a;n/a;n/a;n/a;Human bone;Chamber. Commingled bones;Chamber;Boaventura 2009;n/a;Boaventura 2009;n/a;No;n/a
Portugal;38,693395;-9,372155;467635;4282818;Tagus basins;S. Pedro do Estoril 1;Rock-cut-tomb, artificial cave & hypogeum;n/a;Beta-188390;4270;40;-19;n/a;n/a;n/a;n/a;n/a;n/a;Human bone;n/a;n/a;Gonvßalves 2005;Gonvßalves 2005;Lozano Medina 2017;n/a;No;n/a
Portugal;37,20637;-8,593535;536067;4117843;South;Monte Canelas 1;Rock-cut-tomb, artificial cave & hypogeum;n/a;Beta-290366;4520;40;n/a;n/a;n/a;n/a;n/a;n/a;C3 plants and terrestrial animals;n/a;n/a;n/a;Moran Hernandez 2014;n/a;Moran Hernandez 2014;n/a;No;n/a
Portugal;38,187758;-7,501426;631238;4227708;South;Sobreira de Cima 4;Rock-cut-tomb, artificial cave & hypogeum;n/a;Sac-2256;4520;35;-19,26;n/a;n/a;n/a;n/a;n/a;n/a;Human bone;n/a;n/a;Valera 2013;Valera 2013;Lozano Medina 2017;n/a;No;n/a
Portugal;37,2238;-7,44825;637667;4120827;South;Castro Marim;Tholos;n/a;OxA-5441;4525;60;n/a;n/a;n/a;n/a;n/a;n/a;n/a;Human bone;Chamber;Chamber;Gomes et al 1994;n/a;Gomes et al 1994;n/a;No;n/a
Spain;37,36376283;-2,357147;1088576;4155986;South;Las Churuletas 5;Rundgraber & calero tomb;n/a;Beta-421158;4530;30;-19,5;n/a;n/a;n/a;n/a;n/a;C3 plants and terrestrial animals;Human bone;Tomb 5;Funerary area;Aranda Jimenez et al 2017;n/a;Aranda Jimenez et al 2017;Geographic coordinates approximated;No;n/a
Portugal;38,8884;-9,0788;493165;4304395;Tagus basins;Casal do Penedo;Passage grave;Site highly damaged. Indeterminated corridor;Beta-234134;4280;40;-19,89;7,19;1;0;n/a;n/a;n/a;Human bone;Chamber;Chamber;Boaventura 2009;n/a;Boaventura 2009;n/a;No;n/a
Portugal;38,8884;-9,0788;493165;4304395;Tagus basins;Casal do Penedo;Passage grave;Site highly damaged. Indeterminated corridor;Beta-229585;4280;40;-20,02;8,17;0;2;n/a;n/a;n/a;Human bone;Chamber;Chamber;Boaventura 2009;n/a;Boaventura 2009;n/a;No;n/a
Portugal;38,1723;-7,6333;619714;4225814;South;Sobreira de Cima 1;Rock-cut-tomb, artificial cave & hypogeum;n/a;Sac-2260;4530;50;-18,68;n/a;n/a;n/a;65;20;Relative high percentages of estuarine/riverine food;Human bone;Chamber;Chamber;Valera et al 2008/Valera 2013/Carvalho, Rocha 2016;n/a;Valera et al 2008/Valera 2013/Carvalho, Rocha 2016/Lozano Medina 2017;DeltaR values from Monge Soares, Matos Martins 2010;No;n/a
Spain;37,0233;-4,5489;896030;4106730;South;Dolmen de Viera;Passage grave;n/a;GrN-16067;4550;140;n/a;n/a;n/a;n/a;n/a;n/a;n/a;Charcoal;Ancient soil;Paleosol;Aranda Jimenez et al 2013, Tab 2;n/a;Aranda Jimenez et al 2013;n/a;No;n/a
Spain;42,4164;-4,39111;879236;4706310;Duero basins;Velilla;Dolmen;n/a;Beta-303956;4290;30;n/a;n/a;n/a;n/a;n/a;n/a;n/a;Human bone;Superior sepulchral level. Skeleton 12;;Zapatero Magdaleno 2015;n/a;Zapatero Magdaleno 2015;n/a;No;n/a
Spain;42,57060164;-2,566025068;1028153;4733238;Ebro basin;Dolmen de Alto de la Huesera;Passage grave;n/a;Beta-301226;4290;30;n/a;n/a;n/a;n/a;n/a;n/a;C3 plants and terrestrial animals;Human bone;n/a;n/a;Fernandez Eraso, Mujika Alustiza 2013/Fernandez Crespo, Schulting 2017;n/a;Fernandez Eraso, Mujika Alustiza 2013/Fernandez Crespo, Schulting 2017;n/a;No;n/a
Spain;43,3949116;-2,7152219;1009026;4823890;North;Katillotxu V;Dolmen;Possibly cistoid structure, cuadrangular shaped of 2.20 x 0.80 m;Beta-259127;4290;40;n/a;n/a;n/a;n/a;n/a;n/a;n/a;Charcoal;n/a;n/a;Lopez Quintana, Guenaga Lizasu 2009;n/a;Lopez Quintana, Guenaga Lizasu 2009;n/a;No;n/a
Portugal;37,20637;-8,593535;536067;4117843;South;Monte Canelas 1;Rock-cut-tomb, artificial cave & hypogeum;n/a;Beta-305583;4550;40;n/a;n/a;n/a;n/a;n/a;n/a;C3 plants and terrestrial animals;Human bone;Inferior levels;n/a;Moran Hernandez 2014;n/a;Moran Hernandez 2014;n/a;No;n/a
Spain;37,36603124;-3,297747516;1005142;4150763;South;Panoria 7;Varia;Cistoid structure with corridor;Beta-448208;4550;30;n/a;10,2;n/a;n/a;n/a;n/a;C3 plants and terrestrial animals;Human bone;Tomb 7 funerary chamber;Chamber;Aranda Jimenez et al 2017, Tab 4;n/a;n/a;n/a;No;n/a
Portugal;38,1723;-7,6333;619714;4225814;South;Sobreira de Cima 1;Rock-cut-tomb, artificial cave & hypogeum;n/a;Wk-36005;4566;30;-19,46;8,78;7;9;65;20;Relative high percentages of estuarine/riverine food;Human bone;n/a;n/a;Valera 2013/Carvalho, Rocha 2016;Valera 2013;Valera et al 2008/Valera 2013/Carvalho, Rocha 2016/Lozano Medina 2017;DeltaR values from Monge Soares, Matos Martins 2010;No;n/a
Spain;36,96464562;-2,522645967;1076937;4110608;South;Los Millares 74;Tholos;n/a;SUERC-86912;4569;35;-19;n/a;n/a;n/a;n/a;n/a;n/a;Human teeth;Funerary chamber. Human Tooth 72 (Infantile 2);Chamber;Aranda Jimenez et al. 2020;n/a;Aranda Jimenez et al. 2020;Geographic coordinates approximated;No;n/a
Spain;37,35725713;-2,363637427;1088051;4155222;South;La Atalaya 9;Rundgraber & calero tomb;n/a;SUERC-69019;4578;29;-19,3;n/a;n/a;n/a;n/a;n/a;C3 plants and terrestrial animals;Human bone;Tomb 9;Funerary area;Aranda Jimenez et al 2017;n/a;Aranda Jimenez et al 2017;Geographic coordinates approximated;No;n/a
Portugal;39,7653492;-8,366745531;554239;4401905;Tagus basins;Rego da Murta 2;Passage grave;n/a;Beta-190004;4290;40;n/a;n/a;n/a;n/a;n/a;n/a;n/a;Human bone;Chamber;Chamber;Figueiredo 2006;n/a;Figueiredo 2006;n/a;No;n/a
Spain;42,57060164;-2,566025068;1028153;4733238;Ebro basin;Dolmen de Alto de la Huesera;Passage grave;n/a;Beta-301224;4300;30;n/a;n/a;n/a;n/a;n/a;n/a;C3 plants and terrestrial animals;Human bone;n/a;n/a;Fernandez Eraso, Mujika Alustiza 2013/Fernandez Crespo, Schulting 2017;n/a;Fernandez Eraso, Mujika Alustiza 2013/Fernandez Crespo, Schulting 2017;n/a;No;n/a
Spain;43,08532619;-2,249403485;1049552;4792457;North;Mandubi Zelaia;Dolmen;Cistoid structure with cuadrangular shape of 1.80 x 1.14 m;GrA-18785;4300;50;n/a;n/a;n/a;n/a;n/a;n/a;C3 plants and terrestrial animals;Charcoal;n/a;n/a;Mujika Alustiza 2017, 95;n/a;Mujika Alustiza 2017, 95;n/a;No;n/a
Spain;42,6786;-8,77139;518730;4725150;North;Os Campiños 6;Passage grave;n/a;GrN-14328;4300;60;n/a;n/a;n/a;n/a;n/a;n/a;n/a;Charcoal;n/a;n/a;Boaventura 2009;n/a;Boaventura 2009;n/a;No;n/a
Spain;37,35723212;-2,363376553;1088074;4155221;South;La Atalaya 8;Rundgraber & calero tomb;n/a;SUERC-69018;4582;29;-17,6;n/a;n/a;n/a;n/a;n/a;C3 plants and terrestrial animals;Human bone;Tomb 8;Funerary area;Aranda Jimenez et al 2017;n/a;Aranda Jimenez et al 2017;Geographic coordinates approximated;No;n/a
Portugal;39,70854;-7,98336;587148;4395902;Tagus basins;Anta de Lajinha;Passage grave;n/a;ITNLUM-273;4300;300;n/a;n/a;n/a;n/a;n/a;n/a;n/a;Regolith (quartz);Corridor. Dated by OSL;Corridor;Burbidge et al 2014;n/a;Burbidge et al 2014/Lozano Medina 2017;n/a;No;n/a
Portugal;38,404;-7,5073;630336;4251696;South;Gorginos 2;Passage grave;Short corridor?;OxTL-169b_c3;4595;420;n/a;n/a;n/a;n/a;n/a;n/a;n/a;Ceramic shard;Chamber. Dated by TL;Chamber;Whittle, Arnaud 1975/Boaventura 2011;Whittle, Arnaud 1975/Boaventura 2011;Whittle, Arnaud 1975/Boaventura 2011/Lozano Medina 2017;n/a;No;n/a
Spain;42,4164;-4,39111;879236;4706310;Duero basins;Velilla;Dolmen;n/a;Beta-303961;4310;30;n/a;n/a;n/a;n/a;n/a;n/a;n/a;Human bone;Superior sepulchral level;;Zapatero Magdaleno 2015;n/a;Zapatero Magdaleno 2015;n/a;No;n/a
Spain;42,9642;-2,21806;1053197;4779207;North;Praalata;Tumulus;n/a;I-17195;4310;110;n/a;n/a;n/a;n/a;n/a;n/a;n/a;Charcoal;n/a;n/a;Cabal et al 2000, 131;n/a;Cabal et al 2000, 131;n/a;No;n/a
Portugal;38,1723;-7,6333;619714;4225814;South;Sobreira de Cima 1;Rock-cut-tomb, artificial cave & hypogeum;n/a;Wk-36003;4601;26;-19,45;9,43;7;16;65;20;Relative high percentages of estuarine/riverine food;Human bone;n/a;n/a;Valera 2013/Carvalho, Rocha 2016;Valera 2013;Valera et al 2008/Valera 2013/Carvalho, Rocha 2016/Lozano Medina 2017;DeltaR values from Monge Soares, Matos Martins 2010;No;n/a
Portugal;40,4979;-8,0252;582601;4483477;Duero basins;Orca 1 da Penela;Passage grave;n/a;GrA-9256;4320;50;n/a;n/a;n/a;n/a;n/a;n/a;n/a;Human bone;Ground level chamber;Paleosol;Cruz et al 2003;n/a;Cruz et al 2003;n/a;No;n/a
Spain;42,57060164;-2,566025068;1028153;4733238;Ebro basin;Dolmen de Alto de la Huesera;Passage grave;n/a;Beta-301221;4320;30;n/a;n/a;n/a;n/a;n/a;n/a;C3 plants and terrestrial animals;Human bone;n/a;n/a;Fernandez Eraso, Mujika Alustiza 2013/Fernandez Crespo, Schulting 2017;n/a;Fernandez Eraso, Mujika Alustiza 2013/Fernandez Crespo, Schulting 2017;n/a;No;n/a
Spain;42,57060164;-2,566025068;1028153;4733238;Ebro basin;Dolmen de Alto de la Huesera;Passage grave;n/a;Beta-301223;4320;30;n/a;n/a;n/a;n/a;n/a;n/a;C3 plants and terrestrial animals;Human bone;n/a;n/a;Fernandez Eraso, Mujika Alustiza 2013/Fernandez Crespo, Schulting 2017;n/a;Fernandez Eraso, Mujika Alustiza 2013/Fernandez Crespo, Schulting 2017;n/a;No;n/a
Spain;42,57060164;-2,566025068;1028153;4733238;Ebro basin;Dolmen de Alto de la Huesera;Passage grave;n/a;Beta-321416;4320;30;n/a;n/a;n/a;n/a;n/a;n/a;C3 plants and terrestrial animals;Human bone;n/a;n/a;Fernandez Eraso, Mujika Alustiza 2013/Fernandez Crespo, Schulting 2017;n/a;Fernandez Eraso, Mujika Alustiza 2013/Fernandez Crespo, Schulting 2017;n/a;No;n/a
Spain;37,36603124;-3,297747516;1005142;4150763;South;Panoria 7;Varia;Cistoid structure with corridor;ETH-69961;4608;25;-18,2;9,3;n/a;n/a;n/a;n/a;C3 plants and terrestrial animals;Human bone;Tomb 7 funerary chamber. Right humerus from an adult;Chamber;Aranda Jimenez et al 2017, Tab 3;n/a;n/a;n/a;No;n/a
Spain;42,09985668;-1,471584857;1122690;4688373;Ebro basin;Tres Montes;Rock-cut-tomb, artificial cave & hypogeum;n/a;N.R.2b;4330;110;n/a;n/a;n/a;n/a;n/a;n/a;n/a;Charcoal;n/a;n/a;Andres et al 2007;n/a;Andres et al 2007;n/a;No;n/a
Portugal;38,4482;-7,4432;635850;4256693;South;Poço da Gateira 1;Passage grave;Short corridor;OxTL169a_b3;4615;450;n/a;n/a;n/a;n/a;n/a;n/a;n/a;n/a;Chamber. Dated by TL;Chamber;"Whittle, Arnaud 1975; Boaventura 2011";"Whittle, Arnaud 1975; Boaventura 2011";Whittle, Arnaud 1975/Boaventura 2011/Lozano Medina 2017;n/a;No;n/a
Portugal;38,1129;-8,7242;524177;4218377;South;Pedra Branca;Passage grave;n/a;ICEN-1040;4620;60;n/a;n/a;n/a;n/a;n/a;n/a;n/a;Human bone;Chamber;Chamber;Pardo-Gordo, Carvalho 2020;Soares 2010;Pardo-Gordo, Carvalho 2020/Soares 2010;n/a;No;n/a
Spain;42,57060164;-2,566025068;1028153;4733238;Ebro basin;Dolmen de Alto de la Huesera;Passage grave;n/a;Beta-301220;4340;30;n/a;n/a;n/a;n/a;n/a;n/a;C3 plants and terrestrial animals;Human bone;n/a;n/a;Fernandez Eraso, Mujika Alustiza 2013/Fernandez Crespo, Schulting 2017;n/a;Fernandez Eraso, Mujika Alustiza 2013/Fernandez Crespo, Schulting 2017;n/a;No;n/a
Portugal;38,8067;-9,20524;482179;4295346;Tagus basins;Trigache 2;Passage grave;n/a;Beta-239755;4340;40;-19,7;8,4;n/a;n/a;n/a;n/a;n/a;Human bone;Chamber;Chamber;Boaventura 2009/Guiry 2016;n/a;Boaventura 2009/Guiry 2016;n/a;No;n/a
Spain;43,08532619;-2,249403485;1049552;4792457;North;Mandubi Zelaia;Dolmen;Cistoid structure with cuadrangular shape of 1.80 x 1.14 m;GrA-16943;4345;45;n/a;n/a;n/a;n/a;n/a;n/a;C3 plants and terrestrial animals;Charcoal;n/a;n/a;Mujika Alustiza 2017, 95;n/a;Mujika Alustiza 2017, 95;n/a;No;n/a
Portugal;38,1129;-8,7242;524177;4218377;South;Pedra Branca;Passage grave;n/a;ICEN-1041;4620;60;n/a;n/a;n/a;n/a;n/a;n/a;n/a;Human bone;Passage;Corridor;Pardo-Gordo, Carvalho 2020;Soares 2010;Pardo-Gordo, Carvalho 2020/Soares 2010;n/a;No;n/a
Spain;42,57060164;-2,566025068;1028153;4733238;Ebro basin;Dolmen de Alto de la Huesera;Passage grave;n/a;Beta-301222;4350;30;n/a;n/a;n/a;n/a;n/a;n/a;C3 plants and terrestrial animals;Human bone;n/a;n/a;Fernandez Eraso, Mujika Alustiza 2013/Fernandez Crespo, Schulting 2017;n/a;Fernandez Eraso, Mujika Alustiza 2013/Fernandez Crespo, Schulting 2017;n/a;No;n/a
Spain;42,57457518;-2,6219053;1023531;4733330;Ebro basin;El Sotillo;Passage grave;n/a;Beta-299305;4350;30;n/a;n/a;n/a;n/a;n/a;n/a;C3 plants and terrestrial animals;Human bone;n/a;n/a;Fernandez Eraso, Mujika Alustiza 2013/Fernandez Crespo, Schulting 2017;n/a;Fernandez Eraso, Mujika Alustiza 2013/Fernandez Crespo, Schulting 2017;n/a;No;n/a
Portugal;37,123015;-7,857398;601502;4109129;South;Monte do Castelo;Rock-cut-tomb, artificial cave & hypogeum;n/a;ICEN-738;4630;45;n/a;n/a;n/a;n/a;n/a;n/a;n/a;Bone;n/a;n/a;Rocha 2016;Cardoso et al 1991;Cardoso et al 1991/rocha 2016;n/a;No;n/a
Portugal;38,4482;-7,4432;635850;4256693;South;Poço da Gateira 1;Passage grave;Short corridor;OxTL169a_b1;4640;430;n/a;n/a;n/a;n/a;n/a;n/a;n/a;n/a;Chamber (pot 9). Dated by TL;Chamber;"Whittle, Arnaud 1975; Boaventura 2011";"Whittle, Arnaud 1975; Boaventura 2011";Whittle, Arnaud 1975/Boaventura 2011/Lozano Medina 2017;n/a;No;n/a
Spain;37,26481871;-1,788277469;1139890;4148708;South;Almizaraque;Rock-cut-tomb, artificial cave & hypogeum;n/a;SUA-1169;4650;90;n/a;n/a;n/a;n/a;-170;70;n/a;Shell;n/a;n/a;Walker 1985;Walker 1985;Lozano Medina 2017;DeltaR values from Monge Soares, Matos Martins 2010;No;n/a
Spain;42,5807056;-2,6528964;1020935;4733820;Ebro basin;Dolmen de Layaza;Passage grave;n/a;Beta-317863;4360;30;n/a;n/a;n/a;n/a;n/a;n/a;C3 plants and terrestrial animals;Human bone;n/a;n/a;Fernandez Eraso, Mujika Alustiza 2013/Fernandez Crespo, Schulting 2017;n/a;Fernandez Eraso, Mujika Alustiza 2013/Fernandez Crespo, Schulting 2017;n/a;No;n/a
Portugal;39,4472;-7,31726;644793;4367755;Tagus basins;Bola da Cera;Passage grave;n/a;ICEN-66;4360;50;n/a;n/a;n/a;n/a;n/a;n/a;n/a;Human bone;n/a;n/a;Oliveira 1997;Soares, Cabral 1993;Oliveira 1997/Soares, Cabral 1993;n/a;No;n/a
Portugal;40,8348;-7,7555;604926;4521163;Duero basins;Orca das Castenairas;Passage grave;n/a;OxA-7435;4365;50;n/a;n/a;n/a;n/a;n/a;n/a;n/a;Charcoal;Atrium;Funerary area;Senna-Martinez, Ventura 2008;n/a;Senna-Martinez, Ventura 2008;n/a;No;n/a
Spain;42,95178832;-2,22810741;1052488;4777762;North;Etxegarate;Dolmen;n/a;Ua-35429;4365;40;n/a;n/a;n/a;n/a;n/a;n/a;n/a;Bone;n/a;n/a;Mujika Alustiza 2017, 95;n/a;Mujika Alustiza 2017, 95;n/a;No;n/a
Spain;38,6911;-6,41778;724584;4285663;South;Huerta Montero;Tholos;n/a;GrN-17628;4650;250;n/a;n/a;n/a;n/a;n/a;n/a;n/a;Human bone;n/a;n/a;Boaventura 2009;Blasco, Ortiz 1991;Boaventura 2009/Blasco, Ortiz 1991;n/a;No;n/a
Portugal;38,186349;-7,500651;631308;4227553;South;Sobreira de Cima 3;Rock-cut-tomb, artificial cave & hypogeum;n/a;Beta-231071;4670;50;n/a;n/a;n/a;n/a;n/a;n/a;n/a;Human bone;n/a;n/a;Valera 2013;Valera 2013;Lozano Medina 2017;n/a;No;n/a
Spain;37,364;-2,357147;1088574;4156012;South;Las Churuletas 2;Rundgraber & calero tomb;n/a;Beta-421155;4680;30;-19,2;n/a;n/a;n/a;n/a;n/a;C3 plants and terrestrial animals;Human bone;Tomb 2;Funerary area;Aranda Jimenez et al 2017;n/a;Aranda Jimenez et al 2017;Geographic coordinates approximated;No;n/a
Spain;42,4164;-4,39111;879236;4706310;Duero basins;Velilla;Dolmen;n/a;Beta-303958;4370;30;n/a;n/a;n/a;n/a;n/a;n/a;n/a;Human bone;Superior sepulchral level. Skeleton 13;n/a;Zapatero Magdaleno 2015;n/a;Zapatero Magdaleno 2015;n/a;No;n/a
Spain;42,4164;-4,39111;879236;4706310;Duero basins;Velilla;Dolmen;n/a;Beta-303957;4370;30;n/a;n/a;n/a;n/a;n/a;n/a;n/a;Human bone;Superior sepulchral level. Skeleton 3;n/a;Zapatero Magdaleno 2015;n/a;Zapatero Magdaleno 2015;n/a;No;n/a
Spain;42,68548193;-1,163543262;1142145;4755758;Ebro basin;La Pieza de Luis;Dolmen;Possibly cistoid structure;GrA-13682;4370;40;n/a;n/a;n/a;n/a;n/a;n/a;n/a;Human bone;n/a;n/a;Alday et al 2016;Beguiristain 2004;Beguiristain 2004/Alday et al 2016;n/a;No;n/a
Spain;37,0239;-4,5481;896098;4106800;South;Dolmen de Menga;Gallery sepulchre;n/a;Ua-36216;4760;30;n/a;n/a;n/a;n/a;n/a;n/a;n/a;Charcoal;Basement tumulus;Mound soil;Aranda Jimenez et al 2013, Tab 2;n/a;Aranda Jimenez et al 2013;n/a;No;n/a
Portugal;38,1961;-7,60694;621983;4228490;South;Sobreira 1;Passage grave;n/a;Beta-233283;4770;40;-19,6;9,2;n/a;n/a;n/a;n/a;n/a;Human bone;Corridor;Corridor;Boaventura 2009;n/a;Boaventura 2009;n/a;No;n/a
Portugal;39,1206;-9,1011;491260;4330164;Tagus basins;Cabeço de Arruda 1;Rock-cut-tomb, artificial cave & hypogeum;n/a;Beta-123363;4370;70;n/a;n/a;n/a;n/a;n/a;n/a;C3 plants mainly;Human bone;Funerary deposity. Hipogeum;Funerary area;Waterman 2012/Pardo-Gordo, Carvalho 2020;Umbelino 2006;Waterman 2012/Pardo-Gordo, Carvalho 2020;n/a;No;n/a
Portugal;39,76162612;-8,369410169;554013;4401490;Tagus basins;Rego da Murta 1;Passage grave;n/a;Beta-190002;4370;40;-19,5;n/a;n/a;n/a;n/a;n/a;n/a;Human bone;Chamber;Chamber;Figueiredo 2006;n/a;Figueiredo 2006;n/a;No;n/a
Portugal;40,8348;-7,7555;604926;4521163;Duero basins;Orca das Castenairas;Passage grave;n/a;GrA-9313;4380;50;n/a;n/a;n/a;n/a;n/a;n/a;n/a;Charcoal;Atrium;Funerary area;Senna-Martinez, Ventura 2008;n/a;Senna-Martinez, Ventura 2008;n/a;No;n/a
Spain;42,4164;-4,39111;879236;4706310;Duero basins;Velilla;Dolmen;n/a;Beta-303959;4380;30;n/a;n/a;n/a;n/a;n/a;n/a;n/a;Human bone;Superior sepulchral level. Skeleton 13;n/a;Zapatero Magdaleno 2015;n/a;Zapatero Magdaleno 2015;n/a;No;n/a
Spain;42,56760266;-2,553544662;1029208;4733058;Ebro basin;Chabola de la Hechicera;Passage grave;n/a;Beta-288933;4380;40;n/a;n/a;n/a;n/a;n/a;n/a;C3 plants and terrestrial animals;Human bone;n/a;n/a;Fernandez Eraso, Mujika Alustiza 2013;n/a;Fernandez Eraso, Mujika Alustiza 2013;n/a;No;n/a
Spain;43,1901;-8,9694;502486;4781925;North;Dombate new;Passage grave;n/a;CSIC-963;4380;35;n/a;n/a;n/a;n/a;n/a;n/a;n/a;Charcoal;Surface tumulus;Mound;Fabregas Valcarce, Vilaseco Vazquez 2003, 293-294;n/a;Fabregas Valcarce, Vilaseco Vazquez 2003, 293-294;n/a;No;n/a
Spain;37,36375325;-2,357546812;1088540;4155982;South;Las Churuletas 3;Rundgraber & calero tomb;n/a;Beta-439075;4790;30;-18,8;n/a;n/a;n/a;n/a;n/a;C3 plants and terrestrial animals;Human bone;Tomb 3;Funerary area;Aranda Jimenez et al 2017;n/a;Aranda Jimenez et al 2017;Geographic coordinates approximated;No;n/a
Portugal;38,404;-7,5073;630336;4251696;South;Gorginos 2;Passage grave;Short corridor?;OxTL-169b_c2;4805;400;n/a;n/a;n/a;n/a;n/a;n/a;n/a;Ceramic shard;Chamber. Dated by TL;Chamber;Whittle, Arnaud 1975/Boaventura 2011;Whittle, Arnaud 1975/Boaventura 2011;Whittle, Arnaud 1975/Boaventura 2011/Lozano Medina 2017;n/a;No;n/a
Spain;37,0239;-4,5481;896098;4106800;South;Dolmen de Menga;Gallery sepulchre;n/a;Ua-24583;4865;40;n/a;n/a;n/a;n/a;n/a;n/a;n/a;Charcoal;Depression atrium;Mound soil;Garcia Sanjuan 2009, 19;n/a;Garcia Sanjuan 2009, 19;n/a;No;n/a
Spain;37,35732427;-2,363350286;1088076;4155231;South;La Atalaya 7;Rundgraber & calero tomb;With corridor;SUERC-69017;4883;29;-19,6;n/a;n/a;n/a;n/a;n/a;C3 plants and terrestrial animals;Human bone;Tomb 7;Funerary area;Aranda Jimenez et al 2017;n/a;Aranda Jimenez et al 2017;Geographic coordinates approximated;No;n/a
Spain;42,57060164;-2,566025068;1028153;4733238;Ebro basin;Dolmen de Alto de la Huesera;Passage grave;n/a;Beta-301225;4390;30;n/a;n/a;n/a;n/a;n/a;n/a;C3 plants and terrestrial animals;Human bone;n/a;n/a;Fernandez Eraso, Mujika Alustiza 2013/Fernandez Crespo, Schulting 2017;n/a;Fernandez Eraso, Mujika Alustiza 2013/Fernandez Crespo, Schulting 2017;n/a;No;n/a
Spain;42,57457518;-2,6219053;1023531;4733330;Ebro basin;El Sotillo;Passage grave;n/a;Beta-299304;4390;30;n/a;n/a;n/a;n/a;n/a;n/a;C3 plants and terrestrial animals;Human bone;n/a;n/a;Fernandez Eraso, Mujika Alustiza 2013/Fernandez Crespo, Schulting 2017;n/a;Fernandez Eraso, Mujika Alustiza 2013/Fernandez Crespo, Schulting 2017;n/a;No;n/a
Spain;42,2188;-8,6392;529778;4674132;North;Cotogrande 5;Dolmen;n/a;GrN-19566;4390;50;n/a;n/a;n/a;n/a;n/a;n/a;n/a;Charcoal;Debris tumulus;Mound;Fabregas Valcarce, Vilaseco Vazquez 2003, 293-294;Abad 1992-1993;Fabregas Valcarce, Vilaseco Vazquez 2003, 293-294/Abad 1992/93;n/a;No;n/a
Spain;43,66992356;-7,743251244;601316;4835980;North;Forno dos Mouros 5;Passage grave;n/a;Ua-21688;4390;45;n/a;n/a;n/a;n/a;n/a;n/a;n/a;Charcoal;Corridor base;Mound soil;Carrero-Pazos 2017;n/a;Carrero-Pazos 2017;n/a;No;n/a
Portugal;39,2242;-7,6795;613984;4342487;Tagus basins;Anta da Horta;Passage grave;n/a;Beta-194313;4390;50;n/a;n/a;n/a;n/a;n/a;n/a;n/a;Human bone;n/a;n/a;Oliveira 2006;n/a;Oliveira 2006;n/a;No;n/a
Portugal;38,4958;-8,0609;581893;4261245;South;Vale de Rodrigo 2;Passage grave;n/a;Ua-10830;4905;70;n/a;n/a;n/a;n/a;n/a;n/a;n/a;Charcoal;Settlement layer under grave;Mound soil;Larsson 2000, 450;n/a;Larsson 2000, 450;n/a;No;n/a
Spain;37,16036386;-5,719410372;791323;4117703;South;El Palomar;Passage grave;n/a;Beta-75067;4930;70;n/a;n/a;n/a;n/a;n/a;n/a;n/a;Human bone;n/a;n/a;Garcia Sanjuan 2006, 152;n/a;Garcia Sanjuan 2006, 152;Geographic coordinates approximated;No;n/a
Spain;37,0239;-4,5481;896098;4106800;South;Dolmen de Menga;Gallery sepulchre;n/a;Ua-24582;4935;40;n/a;n/a;n/a;n/a;n/a;n/a;n/a;Charcoal;Depression atrium;Mound soil;Garcia Sanjuan 2009, 19;n/a;Garcia Sanjuan 2009, 19;n/a;No;n/a
Portugal;37,20637;-8,593535;536067;4117843;South;Monte Canelas 1;Rock-cut-tomb, artificial cave & hypogeum;n/a;Beta-290365;4970;40;n/a;n/a;n/a;n/a;n/a;n/a;C3 plants and terrestrial animals;Human bone;Inferior levels;n/a;Moran Hernandez 2014;n/a;Moran Hernandez 2014;n/a;No;n/a
Portugal;38,8263;-9,4663;459523;4297604;Tagus basins;Praia das Maçãs;Rock-cut-tomb, artificial cave & hypogeum;n/a;OxA-5510;4395;60;-21,9;n/a;n/a;n/a;n/a;n/a;n/a;Animal bone;Chamber, bone needle associated to schiffer plate;Chamber;Cardoso, Soares 1995;Gonvßalves 2002;Cardoso, Soares 1995;n/a;No;n/a
Portugal;40,4979;-8,0252;582601;4483477;Duero basins;Orca 1 da Penela;Passage grave;n/a;GrN-9578;4400;50;n/a;n/a;n/a;n/a;n/a;n/a;n/a;Human bone;Ground level chamber;Paleosol;Cruz et al 2003;n/a;Cruz et al 2003;n/a;No;n/a
Portugal;38,5034;-8,06282;581717;4262086;South;Vale de Rodrigo 3;Passage grave;n/a;KIA-31381;4996;29;-26,86;n/a;n/a;n/a;n/a;n/a;n/a;Charcoal;Layer under tumulus;Paleosol;Armbruester 2007;n/a;Armbruester 2007;n/a;No;n/a
Portugal;39,76162612;-8,369410169;554013;4401490;Tagus basins;Rego da Murta 1;Passage grave;n/a;Beta-190003;4400;40;-19,3;n/a;n/a;n/a;n/a;n/a;n/a;Human bone;Chamber;Chamber;Figueiredo 2006;n/a;Figueiredo 2006;n/a;No;n/a
Spain;36,8158;-5,6336;800299;4079728;South;Alberite;Gallery sepulchre;n/a;Beta-80598;5020;70;-25;n/a;n/a;n/a;n/a;n/a;n/a;Charcoal;n/a;n/a;Garcia Sanjuan et al 2011, Tab 2;Ramos Muv±oz, Giles Pacheco 1996;Garcia Sanjuan et al 2011;n/a;No;n/a
Spain;41,6068693;-4,818778489;848438;4614579;Duero basins;Los Zumacales;Dolmen;Intratumular corridor;Poz-93612;4410;35;n/a;n/a;n/a;n/a;n/a;n/a;C3 plants and terrestrial animals;Human bone;Sample ZUM17-5;n/a;Santa Cruz del Barrio et al 2020;n/a;Santa Cruz del Barrio et al 2020;n/a;No;n/a
Spain;42,4164;-4,39111;879236;4706310;Duero basins;Velilla;Dolmen;n/a;Poz-25980;4410;35;n/a;n/a;n/a;n/a;n/a;n/a;n/a;Human bone;Superior sepulchral level. Skeleton 4;n/a;Zapatero Magdaleno 2015;n/a;Zapatero Magdaleno 2015;n/a;No;n/a
Spain;42,68669429;-1,908223815;1081086;4750470;Ebro basin;Aizibita;Dolmen;n/a;GrA-6088;4410;50;n/a;n/a;n/a;n/a;n/a;n/a;Mainly meat;Human bone;n/a;n/a;Beguiristain 2011;n/a;Beguiristain 2011;n/a;No;n/a
Spain;42,57060164;-2,566025068;1028153;4733238;Ebro basin;Dolmen de Alto de la Huesera;Passage grave;n/a;Beta-391717;4410;30;n/a;n/a;n/a;n/a;n/a;n/a;n/a;Human bone;ALTH17;n/a;Fernandez Eraso et al. 2019;n/a;Fernandez Eraso et al. 2019;n/a;No;n/a
Spain;43,1901;-8,9694;502486;4781925;North;Dombate new;Passage grave;n/a;CSIC-939;4410;25;n/a;n/a;n/a;n/a;n/a;n/a;n/a;Charcoal;Surface tumulus;Mound;Fabregas Valcarce, Vilaseco Vazquez 2003, 293-294;n/a;Fabregas Valcarce, Vilaseco Vazquez 2003, 293-294;n/a;No;n/a
Spain;36,8158;-5,6336;800299;4079728;South;Alberite;Gallery sepulchre;n/a;Beta-80600;5110;140;-25;n/a;n/a;n/a;n/a;n/a;n/a;Charcoal;n/a;n/a;Garcia Sanjuan et al 2011, Tab 2;Ramos Muv±oz, Giles Pacheco 1996;Garcia Sanjuan et al 2011;n/a;No;n/a
Spain;37,0439287;-4,6033826;891074;4108794;South;Arroyo Saladillo;Varia;Protomegalithic structure;CNA-3336;5137;32;-19,9;n/a;n/a;n/a;n/a;n/a;n/a;Human bone;Structure 94;Chamber;Garcia Sanjuan et al. 2020;Garcia Sanjuan et al. 2020;Garcia Sanjuan et al. 2020;Geographic coordinates approximated;No;n/a
Spain;36,4456;-6,21;750063;4036992;South;Campo de Hockey;Varia;Protomegalithic structure;Beta-569324;5250;30;n/a;n/a;n/a;n/a;n/a;n/a;n/a;Human bone;Structure VI;Funerary area;Vijante Vila et al. 2022;Vijante Vila et al. 2022;Vijante Vila et al. 2022;n/a;No;n/a
Portugal;38,9819;-9,04639;495981;4314769;Tagus basins;Arruda;Passage grave;n/a;Beta-229584;4410;40;-19,7;n/a;n/a;n/a;n/a;n/a;n/a;Human bone;Chamber;Chamber;Boaventura 2009;n/a;Boaventura 2009;n/a;No;n/a
Portugal;38,8263;-9,4663;459523;4297604;Tagus basins;Praia das Maçãs;Rock-cut-tomb, artificial cave & hypogeum;n/a;OxA-5509;4410;75;-20,9;n/a;n/a;n/a;n/a;n/a;n/a;Animal bone;Chamber, bone needle associated to schiffer plate;Chamber;Cardoso, Soares 1995;Gonvßalves 2002;Cardoso, Soares 1995;n/a;No;n/a
Spain;40,11161586;-3,851613377;938849;4452867;Tagus basins;Valdelasilla -St. 520;Grave;Circular chamber;Beta-606800;4410;30;n/a;n/a;n/a;n/a;n/a;n/a;n/a;Human bone;Clavicle;Position primary;Barroso et al. 2026;Barroso et al. 2026;Barroso et al. 2026;n/a;No;n/a
Portugal;41,29858712;-7,60981323;616421;4572960;Duero basins;Madorras I;Passage grave;n/a;GrA-855;4420;40;n/a;n/a;n/a;n/a;n/a;n/a;n/a;Charcoal;Entrance area, floor atrium;Mound soil;Cruz 1995;n/a;Cruz 1995;n/a;No;n/a
Spain;42,56760266;-2,553544662;1029208;4733058;Ebro basin;Chabola de la Hechicera;Passage grave;n/a;Beta-307797;4420;30;n/a;n/a;n/a;n/a;n/a;n/a;C3 plants and terrestrial animals;Human bone;n/a;n/a;Fernandez Eraso, Mujika Alustiza 2013;n/a;Fernandez Eraso, Mujika Alustiza 2013;n/a;No;n/a
Spain;37,2678;-1,7958;1139196;4148988;South;Cerro Virtud;Rock-cut-tomb, artificial cave & hypogeum;n/a;Beta-110875;5300;120;n/a;n/a;n/a;n/a;n/a;n/a;n/a;Charcoal;n/a;n/a;IDEArq.org;n/a;n/a;n/a;No;n/a
Portugal;39,0674;-9,272;476469;4324291;Tagus basins;Borracheira;Tholos;n/a;UGAMS-8455;4420;25;n/a;n/a;n/a;n/a;n/a;n/a;C3 plants mainly;Human bone;n/a;n/a;Waterman 2012;Waterman 2012;Lozano Medina 2017;n/a;No;n/a
Spain;36,8158;-5,6336;800299;4079728;South;Alberite;Gallery sepulchre;n/a;Beta-80602;5320;70;-25;n/a;n/a;n/a;n/a;n/a;n/a;Charcoal;n/a;n/a;Garcia Sanjuan et al 2011, Tab 2;Ramos Muv±oz, Giles Pacheco 1996;Garcia Sanjuan et al 2011;n/a;No;n/a
Spain;36,4456;-6,21;750063;4036992;South;Campo de Hockey;Varia;Protomegalithic structure;ETH-88972;5364;24;n/a;n/a;n/a;n/a;n/a;n/a;n/a;Human bone;Structure VIII;Funerary area;Vijante Vila et al. 2022;Vijante Vila et al. 2022;Vijante Vila et al. 2022;n/a;No;n/a
Spain;42,68669429;-1,908223815;1081086;4750470;Ebro basin;Aizibita;Dolmen;n/a;GrA-16919;4430;50;n/a;n/a;n/a;n/a;n/a;n/a;Mainly meat;Human bone;n/a;n/a;Beguiristain 2011;n/a;Beguiristain 2011;n/a;No;n/a
Spain;42,56760266;-2,553544662;1029208;4733058;Ebro basin;Chabola de la Hechicera;Passage grave;n/a;Beta-288939;4430;40;n/a;n/a;n/a;n/a;n/a;n/a;C3 plants and terrestrial animals;Human bone;n/a;n/a;Fernandez Eraso, Mujika Alustiza 2013;n/a;Fernandez Eraso, Mujika Alustiza 2013;n/a;No;n/a
Spain;42,3064;-2,4477;1040145;4704633;Ebro basin;Collado del Mallo;Passage grave;n/a;Beta-89987;4430;70;n/a;n/a;n/a;n/a;n/a;n/a;n/a;Human bone;Layer C corridor;Corridor;IDEArq.org;n/a;n/a;n/a;No;Beta-89387 in Santa Cruz del Barrio 2020
Spain;42,57060164;-2,566025068;1028153;4733238;Ebro basin;Dolmen de Alto de la Huesera;Passage grave;n/a;Beta-382978;4430;30;n/a;n/a;n/a;n/a;n/a;n/a;n/a;Human bone;ALTH18;n/a;Fernandez Eraso et al. 2019;n/a;Fernandez Eraso et al. 2019;n/a;No;n/a
Spain;43,1901;-8,9694;502486;4781925;North;Dombate new;Passage grave;n/a;UtC-3202;4430;50;n/a;n/a;n/a;n/a;n/a;n/a;n/a;Charcoal;Chamber;Chamber;Fabregas Valcarce, Vilaseco Vazquez 2003, 293-294;n/a;Fabregas Valcarce, Vilaseco Vazquez 2003, 293-294;n/a;No;n/a
Spain;43,1901;-8,9694;502486;4781925;North;Dombate new;Passage grave;n/a;CSIC-941;4430;25;n/a;n/a;n/a;n/a;n/a;n/a;n/a;Charcoal;Surface tumulus;Mound;Fabregas Valcarce, Vilaseco Vazquez 2003, 293-294;n/a;Fabregas Valcarce, Vilaseco Vazquez 2003, 293-294;n/a;No;n/a
Spain;36,4456;-6,21;750063;4036992;South;Campo de Hockey;Varia;Protomegalithic structure;Beta-564528;5410;30;n/a;n/a;n/a;n/a;n/a;n/a;n/a;Human bone;Structure VIII;Funerary area;Vijante Vila et al. 2022;Vijante Vila et al. 2022;Vijante Vila et al. 2022;n/a;No;n/a
Portugal;37,1991;-8,588;536562;4117039;South;Alcalar 7;Tholos;n/a;Sac-1794;5640;100;n/a;n/a;n/a;n/a;n/a;n/a;n/a;Charcoal;Under tumulus, layer 1;Mound soil;Moran, Parreira 2004;n/a;Carvalho 2008;n/a;No;n/a
Portugal;40,8348;-7,7555;604926;4521163;Duero basins;Orca das Castenairas;Passage grave;n/a;GrA-9308;4440;50;n/a;n/a;n/a;n/a;n/a;n/a;n/a;Charcoal;Corridor;Corridor;Senna-Martinez, Ventura 2008;n/a;Senna-Martinez, Ventura 2008;n/a;No;n/a
Spain;42,4164;-4,39111;879236;4706310;Duero basins;Velilla;Dolmen;n/a;Beta-303960;4440;40;n/a;n/a;n/a;n/a;n/a;n/a;n/a;Human bone;Superior sepulchral level;n/a;Zapatero Magdaleno 2015;n/a;Zapatero Magdaleno 2015;n/a;No;n/a
Spain;42,56760266;-2,553544662;1029208;4733058;Ebro basin;Chabola de la Hechicera;Passage grave;n/a;Beta-288937;4440;40;n/a;n/a;n/a;n/a;n/a;n/a;C3 plants and terrestrial animals;Human bone;n/a;n/a;Fernandez Eraso, Mujika Alustiza 2013;n/a;Fernandez Eraso, Mujika Alustiza 2013;n/a;No;n/a
Spain;36,4456;-6,21;750063;4036992;South;Campo de Hockey;Varia;Protomegalithic structure;CNA-664;5650;40;n/a;n/a;n/a;n/a;-135;20;n/a;Shell;Structure VIII;Funerary area;Garcia Sanjuan et al 2011, 126, 129;Vijande Vila 2009, 273-274;Garcia Sanjuan et al 2011/Vijante Vila et al. 2022;DeltaR values from Monge Soares, Matos Martins 2010;No;n/a
Spain;42,57746477;-2,39341812;1042268;4735096;Ebro basin;El Longar;Rock-cut-tomb, artificial cave & hypogeum;n/a;N.R.U.3b;4445;70;n/a;n/a;n/a;n/a;n/a;n/a;C3 plants and terrestrial animals;Human bone;n/a;n/a;Armendariz Martija, Irigaray Soto 1991-1993;n/a;Armendariz Martija, Irigaray Soto 1991-1993;n/a;No;n/a
Spain;42,9336;-2,75167;1009912;4772419;Ebro basin;Kurtzebide;Tumulus;n/a;I-10823;4445;95;n/a;n/a;n/a;n/a;n/a;n/a;n/a;Human bone;n/a;n/a;Muller 1998;n/a;Muller 1998, 82/Bueno Ramirez 1991, 113;n/a;No;n/a
Spain;37,2678;-1,7958;1139196;4148988;South;Cerro Virtud;Rock-cut-tomb, artificial cave & hypogeum;n/a;Beta-90884;5660;80;n/a;n/a;n/a;n/a;n/a;n/a;n/a;Human bone;Burials;Funerary area;Garcia Sanjuan et al 2011;n/a;Garcia Sanjuan et al 2011;Charcoal according http://www.idearqueologia.org/c14/?ln=es#fila-tabla ;No;n/a
Spain;42,57060164;-2,566025068;1028153;4733238;Ebro basin;Dolmen de Alto de la Huesera;Passage grave;n/a;Beta-382979;4450;30;n/a;n/a;n/a;n/a;n/a;n/a;n/a;Human bone;ALTH19;n/a;Fernandez Eraso et al. 2019;n/a;Fernandez Eraso et al. 2019;n/a;No;n/a
Spain;43,1901;-8,9694;502486;4781925;North;Dombate new;Passage grave;n/a;CSIC-893;4450;70;n/a;n/a;n/a;n/a;n/a;n/a;n/a;Charcoal;Surface tumulus;Mound;Fabregas Valcarce, Vilaseco Vazquez 2003, 293-294;n/a;Fabregas Valcarce, Vilaseco Vazquez 2003, 293-294;n/a;No;n/a
Spain;43,1901;-8,9694;502486;4781925;North;Dombate new;Passage grave;n/a;CSIC-940;4450;70;n/a;n/a;n/a;n/a;n/a;n/a;n/a;Charcoal;Surface tumulus;Mound;Fabregas Valcarce, Vilaseco Vazquez 2003, 293-294;n/a;Fabregas Valcarce, Vilaseco Vazquez 2003, 293-294;n/a;No;n/a
Spain;36,4456;-6,21;750063;4036992;South;Campo de Hockey;Varia;Protomegalithic structure;CNA-833;5665;50;n/a;n/a;n/a;n/a;-135;20;n/a;Shell;Structure V;Funerary area;Vijante Vila et al. 2022;Vijante Vila et al. 2022;Vijante Vila et al. 2022;n/a;No;n/a
Portugal;37,1991;-8,588;536562;4117039;South;Alcalar 7;Tholos;n/a;Beta-180981;5690;40;n/a;n/a;n/a;n/a;n/a;n/a;n/a;Charcoal;Under tumulus. layer 2;Mound soil;Moran, Parreira 2004;n/a;Carvalho 2008;n/a;No;n/a
Spain;37,2678;-1,7958;1139196;4148988;South;Cerro Virtud;Rock-cut-tomb, artificial cave & hypogeum;n/a;OxA-6713;5765;55;-17,7;n/a;n/a;n/a;n/a;n/a;n/a;Human bone;Burials;Funerary area;Garcia Sanjuan et al 2011;n/a;Garcia Sanjuan et al 2011;n/a;No;n/a
Portugal;38,8094;-9,20954;481806;4295646;Tagus basins;Trigache 4;Passage grave;n/a;Beta-228583;4450;40;-19,9;n/a;n/a;n/a;n/a;n/a;n/a;Human bone;Chamber;Chamber;Boaventura 2009;n/a;Boaventura 2009;n/a;No;n/a
Spain;42,4164;-4,39111;879236;4706310;Duero basins;Velilla;Dolmen;n/a;Poz-42094;4455;35;n/a;n/a;n/a;n/a;n/a;n/a;n/a;Human bone;Superior sepulchral level;n/a;Zapatero Magdaleno 2015;n/a;Zapatero Magdaleno 2015;n/a;No;n/a
Spain;43,08532619;-2,249403485;1049552;4792457;North;Mandubi Zelaia;Dolmen;Cistoid structure with cuadrangular shape of 1.80 x 1.14 m;GrN-26173;4460;50;n/a;n/a;n/a;n/a;n/a;n/a;C3 plants and terrestrial animals;Bone;n/a;n/a;Mujika Alustiza 2017, 95;n/a;Mujika Alustiza 2017, 95;n/a;No;n/a
Spain;37,40986043;-6,059052883;760292;4144401;South;Montelirio;Tholos;n/a;OxA-X-2535-32;5802;34;-18,7;9,6;n/a;n/a;n/a;n/a;C3 plants and terrestrial animals;Human bone;Megalithic grave. Maybe pre-dating the construction of the corridor;Funerary area;Fernandez Flores, Aycart 2013/Diaz Zorita 2013/Bayliss et al 2016/Bayliss et al 2017/Fontanals-Coll et al 2016/Lozano Medina 2017/Garcia Sanjuan et al 2018;n/a;Fernandez Flores, Aycart 2013/Diaz Zorita 2013/Bayliss et al 2016/Bayliss et al 2017/Fontanals-Coll et al 2016/Lozano Medina 2017/Garcia Sanjuan et al 2018;n/a;No;n/a
Portugal;39,1206;-9,0901;492211;4330163;Tagus basins;Cabeço de Arruda 2;Tholos;n/a;Sac-1784;4460;45;-13,69;n/a;n/a;n/a;n/a;n/a;n/a;Human bone;Chamber;Chamber;Boaventura 2009;n/a;Boaventura 2009;n/a;No;n/a
Portugal;37,1991;-8,588;536562;4117039;South;Alcalar 7;Tholos;n/a;Beta-180978;5810;40;n/a;n/a;n/a;n/a;n/a;n/a;n/a;Charcoal;Hearth under tumulus;Mound soil;Moran, Parreira 2004;n/a;Carvalho 2008;n/a;No;n/a
Spain;37,2678;-1,7958;1139196;4148988;South;Cerro Virtud;Rock-cut-tomb, artificial cave & hypogeum;n/a;Beta-118936;5830;30;-20,8;n/a;n/a;n/a;n/a;n/a;n/a;Organic material;Organic material;n/a;IDEArq.org;n/a;n/a;n/a;No;n/a
Portugal;40,8348;-7,7555;604926;4521163;Duero basins;Orca das Castenairas;Passage grave;n/a;OxA-7434;4470;45;n/a;n/a;n/a;n/a;n/a;n/a;n/a;Charcoal;Corridor;Corridor;Senna-Martinez, Ventura 2008;n/a;Senna-Martinez, Ventura 2008;n/a;No;n/a
Spain;42,68669429;-1,908223815;1081086;4750470;Ebro basin;Aizibita;Dolmen;n/a;GrA-16921;4470;45;n/a;n/a;n/a;n/a;n/a;n/a;Mainly meat;Human bone;n/a;n/a;Beguiristain 2011;n/a;Beguiristain 2011;n/a;No;n/a
Spain;42,57060164;-2,566025068;1028153;4733238;Ebro basin;Dolmen de Alto de la Huesera;Passage grave;n/a;Beta-382980;4470;30;n/a;n/a;n/a;n/a;n/a;n/a;n/a;Human bone;ALTH20;n/a;Fernandez Eraso et al. 2019;n/a;Fernandez Eraso et al. 2019;n/a;No;n/a
Spain;43,1901;-8,9694;502486;4781925;North;Dombate new;Passage grave;n/a;CSIC-964;4470;30;n/a;n/a;n/a;n/a;n/a;n/a;n/a;Charcoal;Surface tumulus;Mound;Fabregas Valcarce, Vilaseco Vazquez 2003, 293-294;n/a;Fabregas Valcarce, Vilaseco Vazquez 2003, 293-294;n/a;No;n/a
Spain;42,9642;-2,21806;1053197;4779207;North;Praalata;Tumulus;n/a;GrA-18291;4470;70;n/a;n/a;n/a;n/a;n/a;n/a;n/a;Charcoal;n/a;n/a;Mujika Alustiza 2017, 95;n/a;Mujika Alustiza 2017, 95;n/a;No;n/a
Spain;37,2678;-1,7958;1139196;4148988;South;Cerro Virtud;Rock-cut-tomb, artificial cave & hypogeum;n/a;OxA-6580;5850;80;-19,6;n/a;n/a;n/a;n/a;n/a;n/a;Human bone;Burials;Funerary area;Garcia Sanjuan et al 2011, Tab 2;n/a;Garcia Sanjuan et al 2011;n/a;No;n/a
Spain;39,9869;-4,20278;909651;4437337;Tagus basins;Valle de las Higueras TVH;Rock-cut-tomb, artificial cave & hypogeum;n/a;Beta-194602;4470;40;n/a;n/a;n/a;n/a;n/a;n/a;C3 plants mainly;Human bone;n/a;n/a;Bueno Ramirez et al 2010, Tab 3/Bueno Ramirez et al. 2010;n/a;Bueno Ramirez et al 2010, Tab 3/Bueno Ramirez et al. 2010;n/a;No;n/a
Spain;37,2678;-1,7958;1139196;4148988;South;Cerro Virtud;Rock-cut-tomb, artificial cave & hypogeum;n/a;Beta-101425;5860;70;n/a;n/a;n/a;n/a;n/a;n/a;n/a;Human bone;Burials;Funerary area;Garcia Sanjuan et al 2011, Tab 2;n/a;Garcia Sanjuan et al 2011;Charcoal according http://www.idearqueologia.org/c14/?ln=es#fila-tabla ;No;n/a
Portugal;40,9198;-7,7212;607680;4530641;Duero basins;Orca de Merouços;Passage grave;n/a;GrN-13687;4480;40;n/a;n/a;n/a;n/a;n/a;n/a;n/a;Charcoal;Atrium;Funerary area;Cruz et al 2003;n/a;Cruz et al 2003;n/a;No;n/a
Spain;42,4164;-4,39111;879236;4706310;Duero basins;Velilla;Dolmen;n/a;Poz-42093;4480;35;n/a;n/a;n/a;n/a;n/a;n/a;n/a;Human bone;Superior stratigraphic level, A concentration;n/a;Zapatero Magdaleno 1990;n/a;Zapatero Magdaleno 1990;n/a;No;n/a
Spain;42,56760266;-2,553544662;1029208;4733058;Ebro basin;Chabola de la Hechicera;Passage grave;n/a;Beta-288934;4480;40;n/a;n/a;n/a;n/a;n/a;n/a;C3 plants and terrestrial animals;Human bone;n/a;n/a;Fernandez Eraso, Mujika Alustiza 2013;n/a;Fernandez Eraso, Mujika Alustiza 2013;n/a;No;n/a
Spain;42,57746477;-2,39341812;1042268;4735096;Ebro basin;El Longar;Rock-cut-tomb, artificial cave & hypogeum;n/a;N.R.Gr.3c;4480;50;n/a;n/a;n/a;n/a;n/a;n/a;C3 plants and terrestrial animals;Human bone;n/a;n/a;Armendariz Martija, Irigaray Soto 1991-1993;n/a;Armendariz Martija, Irigaray Soto 1991-1993;n/a;No;n/a
Spain;43,1901;-8,9694;502486;4781925;North;Dombate new;Passage grave;n/a;CSIC-942;4480;25;n/a;n/a;n/a;n/a;n/a;n/a;n/a;Charcoal;Surface tumulus;Mound;Fabregas Valcarce, Vilaseco Vazquez 2003, 293-294;n/a;Fabregas Valcarce, Vilaseco Vazquez 2003, 293-294;n/a;No;n/a
Spain;37,2678;-1,7958;1139196;4148988;South;Cerro Virtud;Rock-cut-tomb, artificial cave & hypogeum;n/a;Beta-101435;5860;70;n/a;n/a;n/a;n/a;n/a;n/a;n/a;Charcoal;n/a;n/a;Montero et al 1999/Ruiz-Taboada, Montero 1999;Montero et al 1999/Ruiz-Taboada, Montero 1999;Lozano Medina 2017;n/a;No;n/a
Portugal;39,46133526;-7,544374173;625225;4368984;Tagus basins;Anta dos Currais do Galhordas;Passage grave;n/a;S4.16C/0308;4480;30;n/a;n/a;n/a;n/a;n/a;n/a;n/a;Charcoal;Socket from the main slab;Mound soil;Monteiro-Rodrigues, Oliveira 2018, 453;Monteiro-Rodrigues, Oliveira 2018, 453;Monteiro-Rodrigues, Oliveira 2018, 453;n/a;No;n/a
Spain;41,7653;-5,7653;768888;4628776;Duero basins;El Miradero;Rundgraber & calero tomb;n/a;GrN-N.R.1;4490;20;n/a;n/a;n/a;n/a;n/a;n/a;n/a;Chalky crust;Burial;Funerary area;IDEArq.org;n/a;n/a;Geographic coordinates approximated;No;n/a
Spain;42,68669429;-1,908223815;1081086;4750470;Ebro basin;Aizibita;Dolmen;n/a;GrA-6087;4490;50;n/a;n/a;n/a;n/a;n/a;n/a;Mainly meat;Human bone;n/a;n/a;Beguiristain 2011;n/a;Beguiristain 2011;n/a;No;n/a
Spain;37,2678;-1,7958;1139196;4148988;South;Cerro Virtud;Rock-cut-tomb, artificial cave & hypogeum;n/a;OxA-6715;5895;55;-23,1;n/a;n/a;n/a;n/a;n/a;n/a;Human bone;Burials;Funerary area;"Garcia Sanjuan et al 2011, Tab 2; Bronk Ramsey et al 2002";n/a;Garcia Sanjuan et al 2011/Ruiz Taboada,Montero Ruiz 1999;Charcoal according http://www.idearqueologia.org/c14/?ln=es#fila-tabla ;No;n/a
Portugal;39,76162612;-8,369410169;554013;4401490;Tagus basins;Rego da Murta 1;Passage grave;n/a;Beta-189998;4490;60;-19,9;n/a;n/a;n/a;n/a;n/a;n/a;Human bone;Chamber;Chamber;Figueiredo 2006;n/a;Figueiredo 2006;n/a;No;n/a
Spain;42,57746477;-2,39341812;1042268;4735096;Ebro basin;El Longar;Rock-cut-tomb, artificial cave & hypogeum;n/a;N.R.Gr.3f;4500;60;n/a;n/a;n/a;n/a;n/a;n/a;C3 plants and terrestrial animals;Human bone;n/a;n/a;Armendariz Martija, Irigaray Soto 1991-1993;n/a;Armendariz Martija, Irigaray Soto 1991-1993;n/a;No;n/a
Spain;37,2678;-1,7958;1139196;4148988;South;Cerro Virtud;Rock-cut-tomb, artificial cave & hypogeum;n/a;Beta-90885;5920;70;n/a;n/a;n/a;n/a;n/a;n/a;n/a;Human bone;Burials;Funerary area;Garcia Sanjuan et al 2011;n/a;Ruiz Taboada/Montero Ruiz 1999;Charcoal according http://www.idearqueologia.org/c14/?ln=es#fila-tabla ;No;n/a
Spain;42,662237;-1,918005;1080513;4747685;Ebro basin;Charracadia;Passage grave;n/a;GrA-16929;4504;45;n/a;n/a;n/a;n/a;n/a;n/a;n/a;Human bone;n/a;n/a;Alday et al 2016;Beguiristain 2004;Beguiristain 2004/Alday et al 2016;Geographic coordinates approximated;No;n/a
Spain;42,6821784;-1,86197133;1084920;4750289;Ebro basin;Morea;Passage grave;n/a;GrA-16922;4505;45;n/a;n/a;n/a;n/a;n/a;n/a;n/a;Human bone;n/a;n/a;Alday et al 2016;Beguiristain 2004;Beguiristain 2004/Alday et al 2016;n/a;No;n/a
Spain;37,2678;-1,7958;1139196;4148988;South;Cerro Virtud;Rock-cut-tomb, artificial cave & hypogeum;n/a;OxA-6714;6030;55;-18,8;n/a;n/a;n/a;n/a;n/a;n/a;Human bone;B3 Phase 2;Funerary area;Bronk Ramsey et al 2002;Ruiz Taboada, Montero Ruiz 1999;n/a;n/a;No;n/a
Portugal;40,8348;-7,7555;604926;4521163;Duero basins;Orca das Castenairas;Passage grave;n/a;OxA-7432;4510;45;n/a;n/a;n/a;n/a;n/a;n/a;n/a;Charcoal;Corridor;Corridor;Senna-Martinez, Ventura 2008;n/a;Senna-Martinez, Ventura 2008;n/a;No;n/a
Portugal;40,8348;-7,7555;604926;4521163;Duero basins;Orca das Castenairas;Passage grave;n/a;GrA-9312;4520;50;n/a;n/a;n/a;n/a;n/a;n/a;n/a;Charcoal;Atrium;Funerary area;Senna-Martinez, Ventura 2008;n/a;Senna-Martinez, Ventura 2008;n/a;No;n/a
Spain;42,57060164;-2,566025068;1028153;4733238;Ebro basin;Dolmen de Alto de la Huesera;Passage grave;n/a;Beta-301219;4520;30;n/a;n/a;n/a;n/a;n/a;n/a;C3 plants and terrestrial animals;Human bone;n/a;n/a;Fernandez Eraso, Mujika Alustiza 2013/Fernandez Crespo, Schulting 2017;n/a;Fernandez Eraso, Mujika Alustiza 2013/Fernandez Crespo, Schulting 2017;n/a;No;n/a
Spain;42,6521;-8,1295;571352;4722549;North;Monte da Romea;Varia;Polygonal chamber;Ua-20004;4520;50;n/a;n/a;n/a;n/a;n/a;n/a;n/a;Charcoal;By last stone deposit, blocking the entrance;Funerary area;Mav±ana Borrazas 2003;n/a;Mav±ana Borrazas 2003;n/a;No;n/a
Spain;37,7278;-5,4822;810040;4181442;South;Setefilla;Tumulus;n/a;UBA-27604;2180;27;n/a;n/a;n/a;n/a;n/a;n/a;n/a;Human bone;Mound B, Tomb 8;Funerary area;Brandherm/Krueger, 2017;n/a;n/a;n/a;Yes;Non megalithic site
Portugal;38,3799111;-7,520246424;629248;4249004;South;Farisoa 1;Dolmen;n/a;OxTL-169i_i2;2185;260;n/a;n/a;n/a;n/a;n/a;n/a;n/a;Ceramic shard;Context n/a. Dated by TL;n/a;"Whittle, Arnaud 1975; Boaventura 2011";"Whittle, Arnaud 1975; Boaventura 2011";Whittle, Arnaud 1975/Boaventura 2011/Lozano Medina 2017;Geographic coordinates approximated;Yes;Outlier
Portugal;39,76162612;-8,369410169;554013;4401490;Tagus basins;Rego da Murta 1;Passage grave;n/a;Beta-190001;4520;40;-20;n/a;n/a;n/a;n/a;n/a;n/a;Human bone;Chamber;Chamber;Figueiredo 2006;n/a;Figueiredo 2006;n/a;No;n/a
Spain;37,40986043;-6,059052883;760292;4144401;South;Montelirio;Tholos;n/a;Erl-17927;2299;68;n/a;n/a;n/a;n/a;n/a;n/a;C3 plants and terrestrial animals;Ivory;Megalithic grave;Funerary area;Garcia Sanjuan et al 2008;n/a;Garcia Sanjuan et al 2008;n/a;Yes;Not neolithic or chalcholitic period
Spain;42,662237;-1,918005;1080513;4747685;Ebro basin;Charracadia;Passage grave;n/a;GrA-16931;4530;45;n/a;n/a;n/a;n/a;n/a;n/a;n/a;Human bone;n/a;n/a;Alday et al 2016;Beguiristain 2004;Beguiristain 2004/Alday et al 2016;Geographic coordinates approximated;No;n/a
Spain;42,57746477;-2,39341812;1042268;4735096;Ebro basin;El Longar;Rock-cut-tomb, artificial cave & hypogeum;n/a;N.R.Gr.3e;4530;60;n/a;n/a;n/a;n/a;n/a;n/a;C3 plants and terrestrial animals;Human bone;n/a;n/a;Armendariz Martija, Irigaray Soto 1991-1993;n/a;Armendariz Martija, Irigaray Soto 1991-1993;n/a;No;n/a
Spain;37,2478;-1,84306;1135166;4146444;South;Loma de la Gorriquia;Rundgraber & calero tomb;n/a;Beta-184196;2300;40;n/a;n/a;n/a;n/a;n/a;n/a;n/a;Bone;Tomb 1 ;Funerary area;Lorrio Alvarado, Montero Ruiz 2004;n/a;Lorrio Alvarado, Montero Ruiz 2004;n/a;Yes;Outlier
Portugal;38,37991;-7,52025;629248;4249004;South;Tholos de Farisoa 1b;Tholos;n/a;OxTL-169j_j3;2335;310;n/a;n/a;n/a;n/a;n/a;n/a;n/a;Ceramic shard;Context n/a. Dated by TL;n/a;"Whittle, Arnaud 1975; Boaventura 2011";"Whittle, Arnaud 1975; Boaventura 2011";Whittle, Arnaud 1975/Boaventura 2011/Lozano Medina 2017;Geographic coordinates approximated;Yes;Outlier
Portugal;38,8067;-9,2186;481019;4295348;Tagus basins;Pedras Grandes;Passage grave;Short corridor;Beta-234136;4530;40;-19,57;8,58;5;6;n/a;n/a;C3 plants and terrestrial animals;Human bone;Chamber;Chamber;Boaventura 2009;n/a;Boaventura 2009/Carvalho, Petchey 2013;n/a;No;n/a
Spain;41,98127304;1,339813779;1357047;4699723;Ebro basin;Costa dels Garrics de Caballol II;Cist;n/a;LYON-10589;4535;30;n/a;n/a;n/a;n/a;n/a;n/a;n/a;Human bone;n/a;n/a;Morell et al 2018;n/a;Morell et al 2018;n/a;No;n/a
Portugal;41,29858712;-7,60981323;616421;4572960;Duero basins;Madorras I;Passage grave;n/a;OxA-5199;4540;65;n/a;n/a;n/a;n/a;n/a;n/a;n/a;Charcoal;Ancient soil;Paleosol;Cruz 1995;n/a;Cruz 1995;n/a;No;n/a
Portugal;40,8348;-7,7555;604926;4521163;Duero basins;Orca das Castenairas;Passage grave;n/a;GrA-9307;4540;50;n/a;n/a;n/a;n/a;n/a;n/a;n/a;Charcoal;Corridor;Corridor;Senna-Martinez, Ventura 2008;n/a;Senna-Martinez, Ventura 2008;n/a;No;n/a
Spain;42,57746477;-2,39341812;1042268;4735096;Ebro basin;El Longar;Rock-cut-tomb, artificial cave & hypogeum;n/a;N.R.Gr.3d;4540;70;n/a;n/a;n/a;n/a;n/a;n/a;C3 plants and terrestrial animals;Human bone;n/a;n/a;Armendariz Martija, Irigaray Soto 1991-1993;n/a;Armendariz Martija, Irigaray Soto 1991-1993;n/a;No;n/a
Spain;42,95178832;-2,22810741;1052488;4777762;North;Etxegarate;Dolmen;n/a;Ua-35430;4540;40;n/a;n/a;n/a;n/a;n/a;n/a;n/a;Bone;n/a;n/a;Mujika Alustiza 2017, 95;n/a;Mujika Alustiza 2017, 95;n/a;No;n/a
Spain;37,7278;-5,4822;810040;4181442;South;Setefilla;Tumulus;n/a;UBA-27584;2396;42;n/a;n/a;n/a;n/a;n/a;n/a;n/a;Human bone;Mound A, Tomb 31;Funerary area;Brandherm/Krueger, 2017;n/a;n/a;n/a;Yes;Non megalithic site
Spain;36,7419;-4,11833;935966;4077366;South;Jardín;Cist;n/a;GrN-6830;2415;30;n/a;n/a;n/a;n/a;n/a;n/a;n/a;Charcoal;Layer under cist 8;Mound soil;Castro, Lull, Mico 1996;n/a;Castro, Lull, Mico 1996;n/a;Yes;Outlier
Spain;37,7278;-5,4822;810040;4181442;South;Setefilla;Tumulus;n/a;UBA-27576;2427;33;n/a;n/a;n/a;n/a;n/a;n/a;n/a;Human bone;Mound A, Tomb 17;Funerary area;Brandherm/Krueger, 2017;n/a;n/a;n/a;Yes;Non megalithic site
Portugal;41,4839;-7,4019;633417;4593709;Duero basins;Mamoa do Castelo 1;Passage grave;n/a;Ua-19121;4560;65;n/a;n/a;n/a;n/a;n/a;n/a;n/a;Charcoal;Entrance area;Mound soil;Sanches et al 2005;n/a;Sanches et al 2005;n/a;No;n/a
Spain;43,08532619;-2,249403485;1049552;4792457;North;Mandubi Zelaia;Dolmen;Cistoid structure with cuadrangular shape of 1.80 x 1.14 m;GrN-26174;4560;50;n/a;n/a;n/a;n/a;n/a;n/a;C3 plants and terrestrial animals;Bone;n/a;n/a;Mujika Alustiza 2017, 95;n/a;Mujika Alustiza 2017, 95;n/a;No;n/a
Spain;37,7278;-5,4822;810040;4181442;South;Setefilla;Tumulus;n/a;UBA-29077;2431;33;n/a;n/a;n/a;n/a;n/a;n/a;n/a;Human bone;Mound B, Tomb 23;Funerary area;Brandherm/Krueger, 2017;n/a;n/a;n/a;Yes;Non megalithic site
Spain;37,7278;-5,4822;810040;4181442;South;Setefilla;Tumulus;n/a;UBA-27586;2438;24;n/a;n/a;n/a;n/a;n/a;n/a;n/a;Human bone;Mound A, Tomb 43;Funerary area;Brandherm/Krueger, 2017;n/a;n/a;n/a;Yes;Non megalithic site
Spain;42,7158;-3,6792;935733;4743001;Ebro basin;Arnillas;Passage grave;n/a;GrN-12124;4575;40;n/a;n/a;n/a;n/a;n/a;n/a;n/a;Human bone;Entrance chamber layer 6;Mound soil;Boaventura 2009;Alonso, Rojo 1987;Boaventura 2009/Alonso, Rojo 1987;n/a;No;n/a
Spain;37,7278;-5,4822;810040;4181442;South;Setefilla;Tumulus;n/a;UBA-27578;2441;29;n/a;n/a;n/a;n/a;n/a;n/a;n/a;Human bone;Mound A, Tomb 20;Funerary area;Brandherm/Krueger, 2017;n/a;n/a;n/a;Yes;Non megalithic site
Spain;42,57746477;-2,39341812;1042268;4735096;Ebro basin;El Longar;Rock-cut-tomb, artificial cave & hypogeum;n/a;N.R.Gr.3a;4580;90;n/a;n/a;n/a;n/a;n/a;n/a;C3 plants and terrestrial animals;Human bone;n/a;n/a;Armendariz Martija, Irigaray Soto 1991-1993;n/a;Armendariz Martija, Irigaray Soto 1991-1993;n/a;No;n/a
Spain;37,7278;-5,4822;810040;4181442;South;Setefilla;Tumulus;n/a;UBA-27577;2442;35;n/a;n/a;n/a;n/a;n/a;n/a;n/a;Human bone;Mound A, Tomb 19;Funerary area;Brandherm/Krueger, 2017;n/a;n/a;n/a;Yes;Non megalithic site
Spain;43,08532619;-2,249403485;1049552;4792457;North;Mandubi Zelaia;Dolmen;Cistoid structure with cuadrangular shape of 1.80 x 1.14 m;GrA-28313;4585;40;n/a;n/a;n/a;n/a;n/a;n/a;C3 plants and terrestrial animals;Bone;n/a;n/a;Mujika Alustiza 2017, 95;n/a;Mujika Alustiza 2017, 95;n/a;No;n/a
Portugal;41,1933;-8,03925;580564;4560660;Duero basins;Abogalheira 1;Dolmen;n/a;KN-2955;4590;85;n/a;n/a;n/a;n/a;n/a;n/a;n/a;Charcoal;Basement tumulus;Mound soil;Cruz 1995;n/a;Cruz 1995;n/a;No;n/a
Portugal;40,7667;-7,4705;629088;4513984;Duero basins;Carapito 1;Passage grave;n/a;Hv-1783;4590;65;n/a;n/a;n/a;n/a;n/a;n/a;n/a;Charcoal;Ash bag between the stones that form the chamber;Funerary area;"Kunst 1992; Leisner, Ribeiro, 1968";Bueno Ramirez et al 2007;n/a;n/a;No;n/a
Portugal;40,4979;-8,0252;582601;4483477;Duero basins;Orca 1 da Penela;Passage grave;n/a;GrN-23064;4590;60;n/a;n/a;n/a;n/a;n/a;n/a;n/a;Human bone;Ground level chamber;Paleosol;Cruz et al 2003;n/a;Cruz et al 2003;n/a;No;n/a
Spain;43,0867;-2,2154;1052309;4792835;North;Larrarte;Dolmen;n/a;GrA-20304;4590;50;n/a;n/a;n/a;n/a;n/a;n/a;n/a;Human bone;n/a;n/a;n/a;n/a;n/a;n/a;No;n/a
Spain;39,7806;-5,1484;829866;4410506;Tagus basins;Azután;Passage grave;n/a;Ly-4500;4590;90;n/a;n/a;n/a;n/a;n/a;n/a;C3 plants mainly;Human bone;Chamber;Chamber;Mu¬Åller 1998, 82;Bueno Ramirez 1991, 57;Mu¬Åller 1998, 82/Bueno Ram¬°rez 1991, 57;n/a;No;n/a
Portugal;38,8067;-9,2186;481019;4295348;Tagus basins;Pedras Grandes;Passage grave;Short corridor;Beta-205946;4590;40;-19,86;8,37;3,5;5;n/a;n/a;C3 plants and terrestrial animals;Human bone;Chamber;Chamber;Boaventura 2009;n/a;Boaventura 2009/Carvalho, Petchey 2013;n/a;No;n/a
Spain;37,7278;-5,4822;810040;4181442;South;Setefilla;Tumulus;n/a;UBA-29076;2446;28;n/a;n/a;n/a;n/a;n/a;n/a;n/a;Human bone;Mound B, Tomb 11;Funerary area;Brandherm/Krueger, 2017;n/a;n/a;n/a;Yes;Non megalithic site
Spain;40,11161586;-3,851613377;938849;4452867;Tagus basins;Valdelasilla -St. 26;Grave;Pit;Beta-688938;4600;30;n/a;n/a;n/a;n/a;n/a;n/a;n/a;Human bone;Cranium;Position secondary;Barroso et al. 2026;Barroso et al. 2026;Barroso et al. 2026;n/a;No;n/a
Spain;37,7278;-5,4822;810040;4181442;South;Setefilla;Tumulus;n/a;UBA-27574;2451;39;n/a;n/a;n/a;n/a;n/a;n/a;n/a;Human bone;Mound A, Tomb 14;Funerary area;Brandherm/Krueger, 2017;n/a;n/a;n/a;Yes;Non megalithic site
Spain;37,7278;-5,4822;810040;4181442;South;Setefilla;Tumulus;n/a;UBA-27590;2466;33;n/a;n/a;n/a;n/a;n/a;n/a;n/a;Human bone;Mound A, Tomb 51;Funerary area;Brandherm/Krueger, 2017;n/a;n/a;n/a;Yes;Non megalithic site
Portugal;41,2031;-8,009;583088;4561776;Duero basins;Chã da Parada 1;Passage grave;n/a;ICEN-173;4610;45;n/a;n/a;n/a;n/a;n/a;n/a;n/a;Charcoal;Ancient soil;Paleosol;Boaventura 2009;Cassen 1993, 515;Boaventura 2009/Cassen 1993, 515;n/a;No;n/a
Portugal;41,2031;-8,009;583088;4561776;Duero basins;Chã da Parada 1;Passage grave;n/a;Gif-7873;4610;45;n/a;n/a;n/a;n/a;n/a;n/a;n/a;Charcoal;Surface ancient soil;Paleosol;Boaventura 2009;Cruz 1995;Boaventura 2009/Cruz 1995;n/a;No;n/a
Portugal;40,8348;-7,7555;604926;4521163;Duero basins;Orca das Castenairas;Passage grave;n/a;GrN-4925;4610;50;n/a;n/a;n/a;n/a;n/a;n/a;n/a;Charcoal;Chamber;Chamber;Senna-Martinez, Ventura 2008;Bueno Ramirez 1991, 113;Senna-Martinez, Ventura 2008/Bueno Ramirez 1991, 113;n/a;No;n/a
Spain;37,7278;-5,4822;810040;4181442;South;Setefilla;Tumulus;n/a;UBA-27607;2481;25;n/a;n/a;n/a;n/a;n/a;n/a;n/a;Human bone;Mound B, Tomb 12;Funerary area;Brandherm/Krueger, 2017;n/a;n/a;n/a;Yes;Non megalithic site
Portugal;40,8144;-7,733;606856;4518926;Duero basins;Orquinha dos Juncais;Dolmen;Possibly simple polygonal chamber;GrA-17167;4620;60;n/a;n/a;n/a;n/a;n/a;n/a;n/a;Charcoal;Surface ancient soil;Paleosol;Cruz et al 2003;n/a;Cruz et al 2003;n/a;No;n/a
Spain;37,7278;-5,4822;810040;4181442;South;Setefilla;Tumulus;n/a;UBA-27580;2484;48;n/a;n/a;n/a;n/a;n/a;n/a;n/a;Human bone;Mound A, Tomb 22;Funerary area;Brandherm/Krueger, 2017;n/a;n/a;n/a;Yes;Non megalithic site
Spain;37,7278;-5,4822;810040;4181442;South;Setefilla;Tumulus;n/a;I-11067;2490;90;n/a;n/a;n/a;n/a;n/a;n/a;n/a;Charcoal;Settlement, level 9;n/a;Aubet Semmler et al 1983;n/a;n/a;n/a;Yes;Non megalithic site
Spain;39,7806;-5,1484;829866;4410506;Tagus basins;Azután;Passage grave;n/a;Beta-145277;4620;40;n/a;n/a;n/a;n/a;n/a;n/a;C3 plants mainly;Human bone;Chamber;Chamber;Garcia Sanjuan et al 2011;n/a;Garcia Sanjuan et al 2011;n/a;No;n/a
Spain;42,3253;-2,4536;1039496;4706695;Ebro basin;Peña Guerra 2;Passage grave;Maybe polygonal chamber;CSIC-626A;4630;90;n/a;n/a;n/a;n/a;n/a;n/a;C3 plants and terrestrial animals;Human bone;Central chamber, level I;Chamber;IDEArq.org;n/a;n/a;n/a;No;n/a
Spain;36,7419;-4,11833;935966;4077366;South;Jardín;Cist;n/a;GrN-6831;2500;35;n/a;n/a;n/a;n/a;n/a;n/a;n/a;Charcoal;Tomb 22;Funerary area;Castro, Lull, Mico 1996;n/a;Castro, Lull, Mico 1996;n/a;Yes;Outlier
Spain;42,4164;-4,39111;879236;4706310;Duero basins;Velilla;Dolmen;n/a;Poz-25979;4640;40;n/a;n/a;n/a;n/a;n/a;n/a;n/a;Human bone;Superior sepulchral level. Skeleton 11;n/a;Zapatero Magdaleno 2015/Zapatero Magdaleno, Esparza 2018;n/a;Zapatero 2015/Zapatero, Esparza 2018;n/a;No;n/a
Spain;42,3253;-2,4536;1039496;4706695;Ebro basin;Peña Guerra 2;Passage grave;Maybe polygonal chamber;CSIC-626B;4640;60;n/a;n/a;n/a;n/a;n/a;n/a;C3 plants and terrestrial animals;Human bone;Chamber, level I;Chamber;Boaventura 2009;Lopez de Calle, Llarraza 1997;Boaventura 2009/Lopez de Calle, Llarraza 1997;n/a;No;n/a
Spain;37,7278;-5,4822;810040;4181442;South;Setefilla;Tumulus;n/a;UBA-27571;2509;31;n/a;n/a;n/a;n/a;n/a;n/a;n/a;Human bone;Mound A, Tomb 11;Funerary area;Brandherm/Krueger, 2017;n/a;n/a;n/a;Yes;Non megalithic site
Portugal;39,9189;-8,44028;547834;4418905;Tagus basins;Ansião;Varia;Badly preserved. Probably a dolmen;Sac-1559;4640;90;-20,22;n/a;n/a;n/a;n/a;n/a;C3 plants mainly;Human bone;Chamber;Chamber;Boaventura 2009;Silva 2002, 13;Boaventura 2009;n/a;No;n/a
Portugal;38,66681849;-8,07275293;580667;4280211;Tagus basins;Carrascal;Passage grave;n/a;Beta-225167;4640;40;-20,1;n/a;n/a;n/a;n/a;n/a;C3 plants and terrestrial animals;Human bone;Chamber;Chamber;Boaventura 2009/Silva et al 2019;Boaventura 2009;Lozano Medina 2017/Silva et al 2019;n/a;No;n/a
Spain;42,56760266;-2,553544662;1029208;4733058;Ebro basin;Chabola de la Hechicera;Passage grave;n/a;Beta-288938;4650;40;n/a;n/a;n/a;n/a;n/a;n/a;C3 plants and terrestrial animals;Human bone;n/a;n/a;Fernandez Eraso, Mujika Alustiza 2013;n/a;Fernandez Eraso, Mujika Alustiza 2013;n/a;No;n/a
Spain;42,56283144;-2,594060968;1025917;4732199;Ebro basin;San Martin;Passage grave;n/a;Beta-339342;4650;30;n/a;n/a;n/a;n/a;n/a;n/a;C3 plants and terrestrial animals;Human bone;Ritual punch;n/a;Fernandez Eraso, Mujika Alustiza 2015;n/a;Fernandez Eraso, Mujika Alustiza 2015;n/a;No;n/a
Spain;37,7278;-5,4822;810040;4181442;South;Setefilla;Tumulus;n/a;UBA-27583;2517;27;n/a;n/a;n/a;n/a;n/a;n/a;n/a;Human bone;Mound A, Tomb 30;Funerary area;Brandherm/Krueger, 2017;n/a;n/a;n/a;Yes;Non megalithic site
Spain;37,7278;-5,4822;810040;4181442;South;Setefilla;Tumulus;n/a;UBA-27585;2535;31;n/a;n/a;n/a;n/a;n/a;n/a;n/a;Human bone;Mound A, Tomb 32;Funerary area;Brandherm/Krueger, 2017;n/a;n/a;n/a;Yes;Non megalithic site
Portugal;38,8136;-8,23833;566127;4296367;Tagus basins;Cabeço da Areia;Cist;Closed small cistoid structure;Beta-196091;4650;40;n/a;n/a;n/a;n/a;n/a;n/a;n/a;Human bone;Chamber;Chamber;Rocha 2005, 207;n/a;Rocha 2005, 207;n/a;No;n/a
Portugal;39,0931;-7,42027;636615;4328295;Tagus basins;Rabuje 5;Passage grave;n/a;Beta-191133;4650;50;-23,5;n/a;n/a;n/a;n/a;n/a;n/a;Charcoal;Chamber, under fallen stone slabs;Chamber;Boaventura 2009;n/a;Boaventura 2009;n/a;No;n/a
Spain;40,11161586;-3,851613377;938849;4452867;Tagus basins;Valdelasilla -St. 52;Grave;Oval pit;Beta-602435;4650;30;n/a;n/a;n/a;n/a;n/a;n/a;n/a;Human bone;Cranium;Position secondary;Barroso et al. 2026;Barroso et al. 2026;Barroso et al. 2026;n/a;No;n/a
Portugal;40,7125;-8,2439;563864;4507117;Duero basins;Antelas;Passage grave;n/a;OxA-5433;4655;60;n/a;n/a;n/a;n/a;n/a;n/a;n/a;Charcoal;Painting with black charcoal;Painting;Senna-Martinez, Ventura 2008;n/a;Senna-Martinez, Ventura 2008;n/a;No;n/a
Spain;42,5937;-2,5323;1030726;4736016;Ebro basin;Los Llanos;Passage grave;n/a;I-14788;4660;200;n/a;n/a;n/a;n/a;n/a;n/a;n/a;Human bone;Ground level corridor;Paleosol;Müller 1998, 82;Cassen et al 1996, 514;Müller 1998, 82/Cassen et al 1996, 514;n/a;No;n/a
Portugal;40,9016;-7,8092;600297;4528516;Duero basins;Picoto do Vasco;Passage grave;n/a;GrN-22815;4670;150;n/a;n/a;n/a;n/a;n/a;n/a;n/a;Charcoal;Corridor;Corridor;Cruz et al 2003;n/a;Cruz et al 2003;n/a;No;n/a
Spain;42,56760266;-2,553544662;1029208;4733058;Ebro basin;Chabola de la Hechicera;Passage grave;n/a;Beta-288935;4670;40;n/a;n/a;n/a;n/a;n/a;n/a;C3 plants and terrestrial animals;Human bone;n/a;n/a;Fernandez Eraso, Mujika Alustiza 2013;n/a;Fernandez Eraso, Mujika Alustiza 2013;n/a;No;n/a
Spain;37,7278;-5,4822;810040;4181442;South;Setefilla;Tumulus;n/a;UBA-27469;2542;33;n/a;n/a;n/a;n/a;n/a;n/a;n/a;Human bone;Mound A, Tomb 8;Funerary area;Brandherm/Krueger, 2017;n/a;n/a;n/a;Yes;Non megalithic site
Spain;41,6068693;-4,818778489;848438;4614579;Duero basins;Los Zumacales;Dolmen;Intratumular corridor;Poz-93539;4680;40;n/a;n/a;n/a;n/a;n/a;n/a;C3 plants and terrestrial animals;Human bone;Sample ZUM17-9;n/a;Santa Cruz del Barrio et al 2020;n/a;Santa Cruz del Barrio et al 2020;n/a;No;n/a
Spain;37,7278;-5,4822;810040;4181442;South;Setefilla;Tumulus;n/a;UBA-27618;2555;28;n/a;n/a;n/a;n/a;n/a;n/a;n/a;Human bone;Mound B, Tomb 27;Funerary area;Brandherm/Krueger, 2017;n/a;n/a;n/a;Yes;Non megalithic site
Spain;42,4164;-4,39111;879236;4706310;Duero basins;Velilla;Dolmen;n/a;Poz-42095;4700;40;n/a;n/a;n/a;n/a;n/a;n/a;n/a;Animal bone;Superior sepulchral level;n/a;Zapatero Magdaleno 2015/Zapatero Magdaleno, Esparza 2018;n/a;Zapatero 2015/Zapatero, Esparza 2018;n/a;No;n/a
Spain;42,3064;-2,4477;1040145;4704633;Ebro basin;Collado del Mallo;Passage grave;n/a;Beta-89986;4700;90;n/a;n/a;n/a;n/a;n/a;n/a;n/a;Human bone;Layer C corridor;Corridor;Boaventura 2009;Lopez de Calle, Llarraza 1997;Boaventura 2009/Lopez de Calle, Llarraza 1997;n/a;No;n/a
Spain;42,2772;-2,52778;1033789;4700881;Ebro basin;Fuente Morena;Varia;Highly damaged, maybe polygonal chamber;CSIC-968;4700;25;n/a;n/a;n/a;n/a;n/a;n/a;n/a;Human bone;Layer 1;n/a;Boaventura 2009/Lopez de Calle, Llarraza 1997;n/a;Boaventura 2009/Lopez de Calle, Llarraza 1997;n/a;No;n/a
Portugal;39,1206;-9,0901;492211;4330163;Tagus basins;Cabeço de Arruda 2;Tholos;n/a;Sac-1613;4700;80;-19,39;n/a;n/a;n/a;n/a;n/a;n/a;Human bone;Chamber;Chamber;Silva 2002;n/a;Silva 2002;n/a;No;n/a
Spain;42,75035477;-8,00729121;581241;4733570;North;Muiños;Passage grave;Short corridor;Ua-33808;4710;40;n/a;n/a;n/a;n/a;n/a;n/a;n/a;Charcoal;Painting with black charcoal;Painting;Carrera Ramirez, Fabregas Valcarce 2008;n/a;Carrera Ramirez, Fabregas Valcarce 2008;n/a;No;n/a
Spain;41,8742;-8,29639;558386;4636048;North;San Bieito 2;Tumulus;n/a;ICEN-762;4717;270;n/a;n/a;n/a;n/a;n/a;n/a;n/a;Charcoal;Surface ancient soil;Paleosol;Fabregas Valcarce/Vilaseco Vazquez 2003, 293-294;Eguileta 1999;Fabregas Valcarce/Vilaseco Vazquez 2003, 293-294/Eguileta 1999;n/a;No;n/a
Portugal;40,2358;-8,04472;581261;4454366;Duero basins;Moinhos de Vento;Passage grave;Short corridor;ICEN-196;4720;40;n/a;n/a;n/a;n/a;n/a;n/a;n/a;Charcoal;Charcoal from the peripheral grave;Funerary area;Senna-Martinez, Ventura 2008;n/a;Senna-Martinez, Ventura 2008;n/a;No;n/a
Portugal;40,8348;-7,7555;604926;4521163;Duero basins;Orca das Castenairas;Passage grave;n/a;OxA-7433;4720;40;n/a;n/a;n/a;n/a;n/a;n/a;n/a;Charcoal;Corridor;Corridor;Senna-Martinez, Ventura 2008;n/a;Senna-Martinez, Ventura 2008;n/a;No;n/a
Spain;42,4164;-4,39111;879236;4706310;Duero basins;Velilla;Dolmen;n/a;Poz-42092 ;4720;40;n/a;n/a;n/a;n/a;n/a;n/a;n/a;Human bone;Lower layer;Sample VEL-1;Zapatero Magdaleno 2015/Zapatero Magdaleno, Esparza 2018;n/a;Zapatero 2015/Zapatero, Esparza 2018;n/a;No;n/a
Spain;42,7158;-3,6792;935733;4743001;Ebro basin;Arnillas;Passage grave;n/a;GrN-18671;4720;150;n/a;n/a;n/a;n/a;n/a;n/a;n/a;Charcoal;Layer 3;n/a;Boaventura 2009;Delibes de Castro, Rojo Guerra 1997 ;Boaventura 2009/Delibes de Castro, Rojo Guerra 1997 ;n/a;No;n/a
Spain;41,98127304;1,339813779;1357047;4699723;Ebro basin;Costa dels Garrics de Caballol II;Cist;n/a;CNA-2461.1.1;4720;35;n/a;n/a;n/a;n/a;n/a;n/a;n/a;Human bone;n/a;n/a;Morell et al 2018;n/a;Morell et al 2018;n/a;No;n/a
Spain;41,98127304;1,339813779;1357047;4699723;Ebro basin;Costa dels Garrics de Caballol II;Cist;n/a;CNA-2462.1.1;4725;35;n/a;n/a;n/a;n/a;n/a;n/a;n/a;Human bone;n/a;n/a;Morell et al 2018;n/a;Morell et al 2018;n/a;No;n/a
Spain;42,2692;-2,5239;1034177;4700017;Ebro basin;Collado Palomero 1;Dolmen;Intratumular corridor;CSIC-952;4730;30;n/a;n/a;n/a;n/a;n/a;n/a;n/a;Charcoal;Layer B1;n/a;Boaventura 2009;Lopez de Calle, Llarraza 1997;Boaventura 2009/Lopez de Calle, Llarraza 1997;n/a;No;n/a
Spain;40,11161586;-3,851613377;938849;4452867;Tagus basins;Valdelasilla -St. 455;Grave;n/a;SUERC-110544;4731;25;n/a;n/a;n/a;n/a;n/a;n/a;n/a;Human bone;Mandible;Position secondary;Barroso et al. 2026;Barroso et al. 2026;Barroso et al. 2026;n/a;No;n/a
Spain;42,7044;-8,715;523340;4728029;North;Casota do Paramo;Passage grave;n/a;CAMS-77427;4740;120;n/a;n/a;n/a;n/a;n/a;n/a;n/a;Charcoal;Painting with black charcoal;Painting;Steelman et al 2005;n/a;Steelman et al 2005;n/a;No;n/a
Portugal;38,8537;-8,1282;575646;4300902;Tagus basins;Cabeceira 4;Dolmen;No evidence of corridor;Wk-41086;4742;20;-19,38;10,1;8;23;n/a;n/a;n/a;Human bone;Funerary deposit. Burial 1;Funerary area;Carvalho, Rocha 2016/Pardo-Gordo, Carvalho 2020;n/a;Carvalho, Rocha 2016/Pardo-Gordo, Carvalho 2020;n/a;No;n/a
Spain;42,3253;-2,4536;1039496;4706695;Ebro basin;Peña Guerra 2;Passage grave;Maybe polygonal chamber;CSIC-969;4750;30;n/a;n/a;n/a;n/a;n/a;n/a;C3 plants and terrestrial animals;Human bone;Chamber;Chamber;Boaventura 2009;Lopez de Calle, Llarraza 1997;Boaventura 2009/Lopez de Calle, Llarraza 1997;n/a;No;n/a
Portugal;38,66681849;-8,07275293;580667;4280211;Tagus basins;Carrascal;Passage grave;n/a;OxA-35901;4752;31;n/a;n/a;n/a;n/a;n/a;n/a;C3 plants and terrestrial animals;Human bone;Chamber;Chamber;Silva et al 2019;Silva et al 2019;Silva et al 2019;n/a;No;n/a
Portugal;38,8537;-8,1282;575646;4300902;Tagus basins;Cabeceira 4;Dolmen;No evidence of corridor;Wk-17084;4759;41;-19,11;10,06;11;23;n/a;n/a;n/a;Human bone;Chamber. Burial 2;Chamber;Boaventura 2009/Carvalho, Rocha 2016;n/a;Boaventura 2009/Carvalho, Rocha 2016;n/a;No;n/a
Spain;43,3949038;-2,7153926;1009012;4823888;North;Katillotxu 1;Dolmen;n/a;Beta-259125;4760;40;n/a;n/a;n/a;n/a;n/a;n/a;n/a;Charcoal;n/a;n/a;Lopez Quintana, Guenaga Lizasu 2009;n/a;Lopez Quintana, Guenaga Lizasu 2009;n/a;No;n/a
Spain;37,7278;-5,4822;810040;4181442;South;Setefilla;Tumulus;n/a;UBA-27570;2557;45;n/a;n/a;n/a;n/a;n/a;n/a;n/a;Human bone;Mound A, Tomb 10;Funerary area;Brandherm/Krueger, 2017;n/a;n/a;n/a;Yes;Non megalithic site
Spain;40,11161586;-3,851613377;938849;4452867;Tagus basins;Valdelasilla -St. 452;Grave;Circular chamber;Beta-680073;4760;30;n/a;n/a;n/a;n/a;n/a;n/a;n/a;Human bone;Fibula;Position secondary;Barroso et al. 2026;Barroso et al. 2026;Barroso et al. 2026;n/a;No;n/a
Portugal;38,66681849;-8,07275293;580667;4280211;Tagus basins;Carrascal;Passage grave;n/a;OxA-35900;4766;30;-19,3;8,8;n/a;n/a;n/a;n/a;C3 plants and terrestrial animals;Human bone;Chamber;Chamber;Silva et al 2019;Silva et al 2019;Silva et al 2019;n/a;No;n/a
Spain;37,7278;-5,4822;810040;4181442;South;Setefilla;Tumulus;n/a;I-11068;2560;125;n/a;n/a;n/a;n/a;n/a;n/a;n/a;Charcoal;Settlement, level 12;n/a;Aubet Semmler et al 1983;n/a;n/a;n/a;Yes;Non megalithic site
Portugal;38,66681849;-8,07275293;580667;4280211;Tagus basins;Carrascal;Passage grave;n/a;Beta-228577;4770;40;-19;9,4;12;15;n/a;n/a;C3 plants and terrestrial animals;Human bone;Chamber;Chamber;Boaventura 2009/Silva et al 2019;Boaventura 2009;Lozano Medina 2017/Silva et al 2019;n/a;No;n/a
Spain;41,16792868;-2,510618272;1044535;4577744;Duero basins;Peña de la Abuela;Rundgraber & calero tomb;n/a;Bln-5056;4773;29;n/a;n/a;n/a;n/a;n/a;n/a;n/a;Charcoal;n/a;n/a;Zapatero 2015;n/a;Zapatero 2015;n/a;No;n/a
Portugal;41,1856;-8,0407;580452;4559804;Duero basins;Outeiro de Gregos 5;Tumulus;n/a;CSIC-659;4780;60;n/a;n/a;n/a;n/a;n/a;n/a;n/a;Charcoal;Debris tumulus;Mound;Cruz 1995;n/a;Cruz 1995;n/a;No;n/a
Spain;42,56283144;-2,594060968;1025917;4732199;Ebro basin;San Martin;Passage grave;n/a;OxA-X-2627-36;4780;31;n/a;n/a;n/a;n/a;n/a;n/a;C3 plants and terrestrial animals;Human bone;n/a;n/a;Fernandez Eraso, Mujika Alustiza 2015;n/a;Fernandez Eraso, Mujika Alustiza 2015;n/a;No;n/a
Spain;43,1901;-8,9694;502486;4781925;North;Dombate new;Passage grave;n/a;UtC-3200;4780;60;n/a;n/a;n/a;n/a;n/a;n/a;n/a;Charcoal;Floor of the corridor;Mound soil;Fabregas Valcarce, Vilaseco Vazquez 2003, 293-294;Bello 1995;Fabregas Valcarce, Vilaseco Vazquez 2003, 293-294/Bello 1995;n/a;No;n/a
Portugal;38,8537;-8,1282;575646;4300902;Tagus basins;Cabeceira 4;Dolmen;No evidence of corridor;Beta-196094;4780;40;n/a;n/a;n/a;n/a;n/a;n/a;n/a;Human bone;Chamber. Burial 3;Chamber;Rocha 2005, 197/Carvalho, Rocha 2016;n/a;Rocha 2005, 197/Carvalho, Rocha 2016;n/a;No;n/a
Spain;43,44849299;-6,286382255;719571;4814198;North;La Cobertoria;Passage grave;n/a;Ua-57657;4785;34;n/a;n/a;n/a;n/a;n/a;n/a;n/a;Charcoal;Use of the corridor;Corridor;Rodriguez del Cueto, Busto Zapico 2020;Rodriguez del Cueto, Busto Zapico 2020;Rodriguez del Cueto, Busto Zapico 2020;n/a;No;n/a
Portugal;41,29858712;-7,60981323;616421;4572960;Duero basins;Madorras I;Passage grave;n/a;GrN-21066;4790;60;n/a;n/a;n/a;n/a;n/a;n/a;n/a;Charcoal;On side stone;n/a;Cruz 1995;n/a;Cruz 1995;n/a;No;n/a
Spain;43,0867;-2,2154;1052309;4792835;North;Larrarte;Dolmen;n/a;GrA-22140;4790;170;n/a;n/a;n/a;n/a;n/a;n/a;n/a;Human bone;n/a;n/a;n/a;n/a;n/a;n/a;No;n/a
Spain;37,7278;-5,4822;810040;4181442;South;Setefilla;Tumulus;n/a;UBA-27615;2564;49;n/a;n/a;n/a;n/a;n/a;n/a;n/a;Human bone;Mound B, Tomb 23;Funerary area;Brandherm/Krueger, 2017;n/a;n/a;n/a;Yes;Non megalithic site
Portugal;41,191;-8,0348;580940;4560409;Duero basins;Outeiro de Ante 3;Dolmen;n/a;Gif-4856;4800;80;n/a;n/a;n/a;n/a;n/a;n/a;n/a;Charcoal;Debris tumulus;Mound;Cruz 1995;n/a;Cruz 1995;n/a;No;n/a
Spain;42,56283144;-2,594060968;1025917;4732199;Ebro basin;San Martin;Passage grave;n/a;Beta-273269;4800;40;n/a;n/a;n/a;n/a;n/a;n/a;C3 plants and terrestrial animals;Human bone;n/a;n/a;Fernandez Eraso, Mujika Alustiza 2015;n/a;Fernandez Eraso, Mujika Alustiza 2015;n/a;No;n/a
Spain;37,7278;-5,4822;810040;4181442;South;Setefilla;Tumulus;n/a;UBA-27617;2579;38;n/a;n/a;n/a;n/a;n/a;n/a;n/a;Human bone;Mound B, Tomb 26;Funerary area;Brandherm/Krueger, 2017;n/a;n/a;n/a;Yes;Non megalithic site
Spain;42,56283144;-2,594060968;1025917;4732199;Ebro basin;San Martin;Passage grave;n/a;OxA-X-2627-25;4806;34;n/a;n/a;n/a;n/a;n/a;n/a;C3 plants and terrestrial animals;Human bone;n/a;n/a;Fernandez Eraso, Mujika Alustiza 2015;n/a;Fernandez Eraso, Mujika Alustiza 2015;n/a;No;n/a
Spain;42,4164;-4,39111;879236;4706310;Duero basins;Velilla;Dolmen;n/a;GrN-16295;4810;200;n/a;n/a;n/a;n/a;n/a;n/a;n/a;Charcoal;Bone deposit;Funerary area;Cassen et al. 1993, Tab. 2, 513;n/a;Cassen et al. 1993, Tab. 2, 513;n/a;No;n/a
Portugal;41,2031;-8,009;583088;4561776;Duero basins;Chã da Parada 1;Passage grave;n/a;CSIC-954;4820;40;n/a;n/a;n/a;n/a;n/a;n/a;n/a;Charcoal;Surface ancient soil;Paleosol;Boaventura 2009;Cruz 1995;Boaventura 2009/Cruz 1995;n/a;No;n/a
Spain;41,6068693;-4,818778489;848438;4614579;Duero basins;Los Zumacales;Dolmen;Intratumular corridor;Poz-112689;4820;35;n/a;n/a;n/a;n/a;n/a;n/a;C3 plants and terrestrial animals;Human bone;Sample ZUM19-1;n/a;Santa Cruz del Barrio et al 2020;n/a;Santa Cruz del Barrio et al 2020;n/a;No;n/a
Spain;42,6664;-8,80944;515615;4723787;North;Monte da Dorna;Varia;n/a;CSIC-1037;4820;50;n/a;n/a;n/a;n/a;n/a;n/a;n/a;Charcoal;n/a;n/a;Boaventura 2009;n/a;Boaventura 2009;n/a;Yes;Lack of contextual data
Spain;43,15442589;-4,741739909;846234;4786772;North;Peña Oviedo 2;Dolmen;n/a;GrN-19048;4820;50;n/a;n/a;n/a;n/a;n/a;n/a;n/a;Charcoal;n/a;n/a;Cabal et al 2000, 131;n/a;Cabal et al 2000, 131;Geographic coordinates approximated;No;n/a
Spain;41,17695193;-2,540366302;1041962;4578560;Duero basins;Tumulo de la Sima II;Tholos;n/a;KIA-21550;4839;27;n/a;n/a;n/a;n/a;n/a;n/a;n/a;Human bone;n/a;n/a;Rojo et al 2008;n/a;Rojo et al 2008;n/a;No;n/a
Portugal;41,0465;-7,4713;628477;4545044;Duero basins;Areita 1;Passage grave;n/a;GrA-18497;4840;60;n/a;n/a;n/a;n/a;n/a;n/a;n/a;Human bone;Ground level chamber;Paleosol;Cruz et al 2003;n/a;Cruz et al 2003;n/a;No;n/a
Spain;42,0839;-3,41778;961773;4674193;Duero basins;La Vega 1;Passage grave;n/a;Grn-17559;4840;25;n/a;n/a;n/a;n/a;n/a;n/a;n/a;Charcoal;Bone deposit;Funerary area;Cassen et al 1993, Tab 2, 513;n/a;Cassen et al 1993, Tab 2, 513;n/a;No;n/a
Portugal;40,7667;-7,4705;629088;4513984;Duero basins;Carapito 1;Passage grave;n/a;GrN-5110;4850;40;n/a;n/a;n/a;n/a;n/a;n/a;n/a;Charcoal;Socket from slab E. Dating the building moment;Mound soil;Senna-Martinez, Ventura 2008;n/a;Senna-Martinez, Ventura 2008;n/a;No;n/a
Spain;42,175;-8,66694;527507;4669260;North;As Pereiras;Tumulus;n/a;GaK-11821;4850;210;n/a;n/a;n/a;n/a;n/a;n/a;n/a;Charcoal;From the tumulus;Mound;Fabregas Valcarce/Vilaseco Vazquez 2003, 293-294;Fabregas Valcarce 1988;Fabregas Valcarce/Vilaseco Vazquez 2003, 293-294/Fabregas Valcarce 1988;n/a;Yes;Lack of contextual data
Spain;43,5251;-5,7891;759482;4824138;North;Monte Areo XV;Passage grave;n/a;GrN-22025;4850;40;n/a;n/a;n/a;n/a;n/a;n/a;n/a;Charcoal;n/a;n/a;Arias Cabal et al 2000, 131;de Blas 1999;Arias Cabal et al 2000, 131/De Blas 1999;n/a;No;n/a
Spain;40,11161586;-3,851613377;938849;4452867;Tagus basins;Valdelasilla -St. 453;Grave;n/a;Beta-684427;4850;30;n/a;n/a;n/a;n/a;n/a;n/a;n/a;Human bone;Mandible;Position secondary;Barroso et al. 2026;Barroso et al. 2026;Barroso et al. 2026;n/a;No;n/a
Spain;42,43668934;-3,47553358;954445;4713070;Ebro basin;Alto del Reinoso;Tumulus;n/a;MAMS-14326;4854;26;n/a;n/a;n/a;n/a;n/a;n/a;C3 plants and terrestrial animals;Human bone;n/a;n/a;Santa Cruz del Barrio et al 2020;Rojo et al 2015;Santa Cruz del Barrio et al 2020/Rojo et al 2015/Alt et al 2016;Geographic coordinates approximated;No;n/a
Spain;41,98127304;1,339813779;1357047;4699723;Ebro basin;Costa dels Garrics de Caballol II;Cist;n/a;UBAR-129;4860;90;n/a;n/a;n/a;n/a;n/a;n/a;n/a;Human bone;Cist 2;n/a;Remolins et al. 2016;n/a;Remolins et al. 2016;n/a;No;n/a
Spain;40,08129363;-6,376684273;723673;4440078;Tagus basins;Tremedal (Montehermoso);Passage grave;n/a;GrA-15941;4860;60;n/a;n/a;n/a;n/a;n/a;n/a;n/a;Charcoal;Basement tumulus;Mound soil;Ruiz-Galvez Priego 2000;n/a;Ruiz-Galvez Priego 2000;n/a;No;n/a
Spain;41,17695193;-2,540366302;1041962;4578560;Duero basins;Tumulo de la Sima II;Tholos;n/a;KIA-21552;4862;27;n/a;n/a;n/a;n/a;n/a;n/a;n/a;Human bone;n/a;n/a;Rojo et al 2008;n/a;Rojo et al 2008;n/a;No;n/a
Spain;41,17695193;-2,540366302;1041962;4578560;Duero basins;Tumulo de la Sima II;Tholos;n/a;KIA-21553;4865;23;n/a;n/a;n/a;n/a;n/a;n/a;n/a;Human bone;n/a;n/a;Rojo et al 2008;n/a;Rojo et al 2008;n/a;No;n/a
Spain;43,2631;-2,87111;997476;4808303;North;Hirumugarrieta 2;Dolmen;Possibly cistoid structure, cuadrangular shaped of 1 m approximately;Ua-3126;4865;90;n/a;n/a;n/a;n/a;n/a;n/a;n/a;Charcoal;n/a;n/a;Cabal et al 2000, 131;n/a;Cabal et al 2000, 131;n/a;No;n/a
Spain;37,7278;-5,4822;810040;4181442;South;Setefilla;Tumulus;n/a;UBA-27591;2584;35;n/a;n/a;n/a;n/a;n/a;n/a;n/a;Human bone;Mound A, Tomb 52;Funerary area;Brandherm/Krueger, 2017;n/a;n/a;n/a;Yes;Non megalithic site
Spain;41,6068693;-4,818778489;848438;4614579;Duero basins;Los Zumacales;Dolmen;Chamber;GrN-17696;4870;60;n/a;n/a;n/a;n/a;n/a;n/a;n/a;Human bone;Sample ZUM-1C;Chamber;Santa Cruz del Barrio et al 2020;n/a;Santa Cruz del Barrio et al 2020;n/a;No;n/a
Spain;42,2225;-8,63139;530420;4674546;North;Cotogrande 2;Dolmen;n/a;GrN-19374;4875;40;n/a;n/a;n/a;n/a;n/a;n/a;n/a;Charcoal;Surface soil;Mound soil;Fabregas Valcarce, Vilaseco Vazquez 2003, 293-294;n/a;Fabregas Valcarce, Vilaseco Vazquez 2003, 293-294;n/a;No;n/a
Portugal;41,2031;-8,009;583088;4561776;Duero basins;Chã da Parada 1;Passage grave;n/a;ICEN-407;4880;50;n/a;n/a;n/a;n/a;n/a;n/a;n/a;Charcoal;Surface ancient soil;Paleosol;Boaventura 2009;Cruz 1995;Boaventura 2009/Cruz 1995;n/a;No;n/a
Spain;37,7278;-5,4822;810040;4181442;South;Setefilla;Tumulus;n/a;UBA-27573;2592;50;n/a;n/a;n/a;n/a;n/a;n/a;n/a;Human bone;Mound A, Tomb 13;Funerary area;Brandherm/Krueger, 2017;n/a;n/a;n/a;Yes;Non megalithic site
Spain;43,1902;-8,9693;502494;4781936;North;Dombate old;Dolmen;n/a;CAMS- 101904;4890;30;n/a;n/a;n/a;n/a;n/a;n/a;n/a;Organic material;Fragment of pottery;n/a;Steelman, Carrera et al 2005;n/a;n/a;n/a;No;n/a
Spain;41,16531108;-2,505072663;1045022;4577489;Ebro basin;La Tarayuela;Tumulus;n/a;Bln-5540;4892;36;n/a;n/a;n/a;n/a;n/a;n/a;n/a;Charcoal;n/a;n/a;Rojo et al 2005;n/a;Rojo et al 2005;n/a;No;n/a
Spain;41,6068693;-4,818778489;848438;4614579;Duero basins;Los Zumacales;Dolmen;Intratumular corridor;Poz-93610;4895;35;n/a;n/a;n/a;n/a;n/a;n/a;C3 plants and terrestrial animals;Human bone;Sample ZUM17-3;n/a;Santa Cruz del Barrio et al 2020;n/a;Santa Cruz del Barrio et al 2020;n/a;No;n/a
Spain;43,1902;-8,9693;502494;4781936;North;Dombate old;Dolmen;n/a;CAMS- 101903;4895;30;n/a;n/a;n/a;n/a;n/a;n/a;n/a;Organic material;Fragment of pottery;n/a;Steelman, Carrera et al 2005;n/a;n/a;n/a;No;n/a
Spain;42,56283144;-2,594060968;1025917;4732199;Ebro basin;San Martin;Passage grave;n/a;OxA-X-2627-24;4896;32;n/a;n/a;n/a;n/a;n/a;n/a;C3 plants and terrestrial animals;Human bone;n/a;n/a;Fernandez Eraso, Mujika Alustiza 2015;n/a;Fernandez Eraso, Mujika Alustiza 2015;n/a;No;n/a
Spain;37,7278;-5,4822;810040;4181442;South;Setefilla;Tumulus;n/a;UBA-27599;2597;39;n/a;n/a;n/a;n/a;n/a;n/a;n/a;Human bone;Mound B, Tomb 2;Funerary area;Brandherm/Krueger, 2017;n/a;n/a;n/a;Yes;Non megalithic site
Portugal;41,2031;-8,009;583088;4561776;Duero basins;Chã da Parada 1;Passage grave;n/a;ICEN-172;4900;260;n/a;n/a;n/a;n/a;n/a;n/a;n/a;Charcoal;Ancient soil;Paleosol;Cassen 1993, 515.;n/a;Cassen 1993, 515;n/a;No;n/a
Portugal;40,9455;-7,6864;610568;4533537;Duero basins;Orca de Seixas;Passage grave;n/a;GrN-5734;4900;40;n/a;n/a;n/a;n/a;n/a;n/a;n/a;Charcoal;Chamber;Chamber;Mu¬Åller 1998, 88;Kalb 1981, 73;Mu¬Åller 1998, 88/Kalb 1981, 73;n/a;No;n/a
Spain;42,2686;-2,53472;1033289;4699882;Ebro basin;Collado Palomero 2;Dolmen;n/a;CSIC-897;4900;100;n/a;n/a;n/a;n/a;n/a;n/a;n/a;Human bone;Burial;Funerary area;Boaventura 2009;Lopez de Calle, Llarraza 1997;Boaventura 2009/Lopez de Calle, Llarraza 1997;n/a;No;n/a
Spain;43,0118981;-7,97589748;583457;4762644;North;Forno dos Mouros;Passage grave;n/a;CAMS-80501;4900;60;n/a;n/a;n/a;n/a;n/a;n/a;n/a;Charcoal;Painting with black charcoal;Painting;Steelman et al 2005;Steelman et al 1995;Steelman et al 2005;n/a;No;n/a
Portugal;39,70854;-7,98336;587148;4395902;Tagus basins;Anta de Lajinha;Passage grave;n/a;ITNLUM-439;4900;300;n/a;n/a;n/a;n/a;n/a;n/a;n/a;Regolith (quartz);Fill of the corridor. Dated by OSL;Mound soil;Burbidge et al 2014;n/a;Burbidge et al 2014/Lozano Medina 2017;n/a;No;n/a
Spain;37,7278;-5,4822;810040;4181442;South;Setefilla;Tumulus;n/a;UBA-27620;2658;38;n/a;n/a;n/a;n/a;n/a;n/a;n/a;Human bone;Mound B, Tomb 29;Funerary area;Brandherm/Krueger, 2017;n/a;n/a;n/a;Yes;Non megalithic site
Portugal;41,2014;-8,0079;583183;4561589;Duero basins;Chã da Parada 4;Dolmen;n/a;ICEN-823;4910;50;n/a;n/a;n/a;n/a;n/a;n/a;n/a;Charcoal;Basement tumulus;Mound soil;Boaventura 2009;Cruz 1995;Boaventura 2009/Cruz 1995;n/a;No;n/a
Portugal;40,9198;-7,7212;607680;4530641;Duero basins;Orca de Merouços;Passage grave;n/a;GrN-14770;4910;40;n/a;n/a;n/a;n/a;n/a;n/a;n/a;Charcoal;Atrium;Funerary area;Cruz et al 2003;n/a;Cruz et al 2003;n/a;No;n/a
Spain;43,1901;-8,9694;502486;4781925;North;Dombate new;Passage grave;n/a;CSIC-891;4910;60;n/a;n/a;n/a;n/a;n/a;n/a;n/a;Charcoal;Surface ancient soil;Paleosol;Fabregas Valcarce, Vilaseco Vazquez 2003, 293-294;n/a;Fabregas Valcarce, Vilaseco Vazquez 2003, 293-294;n/a;No;n/a
Spain;42,43668934;-3,47553358;954445;4713070;Ebro basin;Alto del Reinoso;Tumulus;n/a;MAMS-14325;4911;25;n/a;n/a;n/a;n/a;n/a;n/a;C3 plants and terrestrial animals;Human bone;n/a;n/a;Santa Cruz del Barrio et al 2020;Rojo et al 2015;Santa Cruz del Barrio et al 2020/Rojo et al 2015/Alt et al 2016;Geographic coordinates approximated;No;n/a
Spain;41,17695193;-2,540366302;1041962;4578560;Duero basins;Tumulo de la Sima II;Tholos;n/a;KIA-21551;4919;28;n/a;n/a;n/a;n/a;n/a;n/a;n/a;Human bone;n/a;n/a;Rojo et al 2008;n/a;Rojo et al 2008;n/a;No;n/a
Portugal;41,2031;-8,009;583088;4561776;Duero basins;Chã da Parada 1;Passage grave;n/a;CSIC-953;4920;40;n/a;n/a;n/a;n/a;n/a;n/a;n/a;Charcoal;Surface ancient soil;Paleosol;Boaventura 2009;Cruz 1995;Boaventura 2009/Cruz 1995;n/a;No;n/a
Spain;42,7134;-7,9119;589100;4729563;North;Mamoa do Monte dos Marxos;Passage grave;n/a;CAMS-77925;4920;60;n/a;n/a;n/a;n/a;n/a;n/a;n/a;Charcoal;Painting with black charcoal;Painting;Steelman et al 2005;n/a;Steelman et al 2005;n/a;No;n/a
Portugal;41,2031;-8,009;583088;4561776;Duero basins;Chã da Parada 1;Passage grave;n/a;ICEN-780;4930;50;n/a;n/a;n/a;n/a;n/a;n/a;n/a;Charcoal;Surface ancient soil;Paleosol;Boaventura 2009;Cruz 1995;Boaventura 2009/Cruz 1995;n/a;No;n/a
Portugal;41,1775;-8,0688;578105;4558879;Duero basins;Cha de Santinhos 2;Tumulus;n/a;Gif-6785;4930;50;n/a;n/a;n/a;n/a;n/a;n/a;n/a;Charcoal;Basement monument;Mound soil;Boaventura 2009;Cruz 1995;Boaventura 2009/Cruz 1995;n/a;No;n/a
Portugal;40,9016;-7,8092;600297;4528516;Duero basins;Picoto do Vasco;Passage grave;n/a;OxA-6910;4930;60;n/a;n/a;n/a;n/a;n/a;n/a;n/a;Charcoal;Corridor;Corridor;Cruz et al 2003;n/a;Cruz et al 2003;n/a;No;n/a
Spain;43,1901;-8,9694;502486;4781925;North;Dombate new;Passage grave;n/a;CSIC-890;4930;70;n/a;n/a;n/a;n/a;n/a;n/a;n/a;Charcoal;Surface ancient soil;Paleosol;Fabregas Valcarce, Vilaseco Vazquez 2003, 293-294;Alonso, Bello 1997;Fabregas Valcarce, Vilaseco Vazquez 2003, 293-294/Alonso/Bello 1997;n/a;No;n/a
Spain;38,7983;-6,66583;702704;4296982;South;La Pijotilla Tholos 3;Tholos;n/a;ITN_LUM_265;2716;96;n/a;n/a;n/a;n/a;n/a;n/a;n/a;Ceramic shard;Context n/a. Dated by TL. Pot 15 (UE16);n/a;Odriozola et al 2008;n/a;Odriozola et al 2008/Lozano Medina 2017;n/a;Yes;Outlier
Spain;39,9915;-4,2092;909075;4437819;Tagus basins;El Castillejo;Tumulus;n/a;Beta-132915;4930;40;n/a;n/a;n/a;n/a;n/a;n/a;C3 plants and terrestrial animals;Charcoal;n/a;n/a;IDEArq.org;n/a;n/a;n/a;No;n/a
Spain;42,43668934;-3,47553358;954445;4713070;Ebro basin;Alto del Reinoso;Tumulus;n/a;MAMS-14327;4933;27;n/a;n/a;n/a;n/a;n/a;n/a;C3 plants and terrestrial animals;Human bone;n/a;n/a;Santa Cruz del Barrio et al 2020;Rojo et al 2015;Santa Cruz del Barrio et al 2020/Rojo et al 2015/Alt et al 2016;Geographic coordinates approximated;No;n/a
Portugal;38,3799111;-7,520246424;629248;4249004;South;Farisoa 1;Dolmen;n/a;OxTL-169i_i1;2745;380;n/a;n/a;n/a;n/a;n/a;n/a;n/a;Ceramic shard;Pot 21 from the chamber. Dated by TL;Chamber;"Whittle, Arnaud 1975; Boaventura 2011";"Whittle, Arnaud 1975; Boaventura 2011";Whittle, Arnaud 1975/Boaventura 2011/Lozano Medina 2017;Geographic coordinates approximated;Yes;Outlier
Portugal;40,9455;-7,6864;610568;4533537;Duero basins;Orca de Seixas;Passage grave;n/a;CSIC-1665;4938;34;n/a;n/a;n/a;n/a;n/a;n/a;n/a;Charcoal;Corridor;Corridor;Cruz et al 2003;n/a;Cruz et al 2003;Corrected in Pardo-Gordo, Carvalho, 2020;No;n/a
Portugal;40,9455;-7,6864;610568;4533537;Duero basins;Orca de Seixas;Passage grave;n/a;CSIC-1664;4939;24;n/a;n/a;n/a;n/a;n/a;n/a;n/a;Charcoal;n/a;n/a;Cruz et al 2003;n/a;Cruz et al 2003;n/a;No;n/a
Spain;41,7653;-5,7653;768888;4628776;Duero basins;El Miradero;Rundgraber & calero tomb;n/a;GrN-N.R.3;4940;40;n/a;n/a;n/a;n/a;n/a;n/a;n/a;Charcoal;Burial;Funerary area;Bellido 2015;n/a;Bellido 2015;Geographic coordinates approximated;No;n/a
Spain;42,56760266;-2,553544662;1029208;4733058;Ebro basin;Chabola de la Hechicera;Passage grave;n/a;Beta-307795;4940;30;n/a;n/a;n/a;n/a;n/a;n/a;C3 plants and terrestrial animals;Human bone;n/a;n/a;Fernandez Eraso, Mujika Alustiza 2013;n/a;Fernandez Eraso, Mujika Alustiza 2013;n/a;No;n/a
Spain;42,75964803;-0,592293342;1188153;4768533;Ebro basin;Cubilar del Barranco I;Dolmen;n/a;GrA-15638;4940;60;n/a;n/a;n/a;n/a;n/a;n/a;n/a;Human bone;n/a;n/a;Perez Arrondo, Martinez Bea 2004;n/a;Perez Arrondo, Martinez Bea 2004;n/a;No;n/a
Spain;42,2163;-8,6466;529168;4673852;North;Cotogrande 1;Dolmen;Paramegalithic/protomegalithic structure;GrN-18420;4940;80;n/a;n/a;n/a;n/a;n/a;n/a;n/a;Charcoal;Basement tumulus;Mound soil;Fabregas Valcarce, Vilaseco Vazquez 2003, 293-294;n/a;Fabregas Valcarce, Vilaseco Vazquez 2003, 293-294;n/a;No;n/a
Portugal;41,1856;-8,0402;580494;4559804;Duero basins;Outeiro de Gregos 2;Dolmen;n/a;CSIC-547;4950;50;n/a;n/a;n/a;n/a;n/a;n/a;n/a;Charcoal;Top ancient soil;Paleosol;Cruz 1995;n/a;Cruz 1995;n/a;No;n/a
Spain;41,97085381;1,399340919;1362128;4699169;Ebro basin;Costa dels Garrics de Caballol I;Cist;n/a;UBAR-127;4950;70;n/a;n/a;n/a;n/a;n/a;n/a;n/a;Human bone;Burial;Funerary area;Martin 1998, 786;n/a;Martin 1998, 786;n/a;No;n/a
Spain;43,1901;-8,9694;502486;4781925;North;Dombate new;Passage grave;n/a;UtC-3203;4950;70;n/a;n/a;n/a;n/a;n/a;n/a;n/a;Charcoal;Floor of the chamber;Mound soil;Fabregas Valcarce, Vilaseco Vazquez 2003, 293-294;n/a;Fabregas Valcarce, Vilaseco Vazquez 2003, 293-294;n/a;No;n/a
Spain;43,08532619;-2,249403485;1049552;4792457;North;Mandubi Zelaia;Dolmen;Cistoid structure with cuadrangular shape of 1.80 x 1.14 m;GrA-16945;4950;45;n/a;n/a;n/a;n/a;n/a;n/a;C3 plants and terrestrial animals;Human bone;n/a;n/a;Mujika Alustiza 2017, 95;n/a;Mujika Alustiza 2017, 95;n/a;No;n/a
Spain;42,45061465;-3,89514653;919825;4712450;Duero basins;El Silo;Tumulus;n/a;GrA-38105;4955;30;n/a;n/a;n/a;n/a;n/a;n/a;n/a;Human bone;n/a;n/a;Santa Cruz del Barrio et al 2020;Moreno et al 2010-2012;Santa Cruz del Barrio et al 2020/Moreno et al 2010-2012;n/a;No;n/a
Spain;43,2631;-2,87111;997476;4808303;North;Hirumugarrieta 2;Dolmen;Possibly cistoid structure, cuadrangular shaped of 1 m approximately;Ua-3128;4955;85;n/a;n/a;n/a;n/a;n/a;n/a;n/a;Charcoal;n/a;n/a;Cabal et al 2000, 131;n/a;Cabal et al 2000, 131;n/a;No;n/a
Spain;43,44849;-6,28638;719571;4814198;North;La Cobertoria;Passage grave;n/a;MADN6627bb;4955;336;n/a;n/a;n/a;n/a;n/a;n/a;n/a;Mud clay;Exterior clay ring;Mound;Rodrv?guez del Cueto, Busto Zapico 2020;n/a;Rodriguez del Cueto, Busto Zapico 2020;n/a;No;n/a
Spain;41,6068693;-4,818778489;848438;4614579;Duero basins;Los Zumacales;Dolmen;D4;Poz-93540;4960;40;n/a;n/a;n/a;n/a;n/a;n/a;n/a;Human bone;Sample ZUM10;n/a;Santa Cruz del Barrio et al 2020;n/a;Santa Cruz del Barrio et al 2020;n/a;No;n/a
Portugal;41,2009;-8,02106;582080;4561521;Duero basins;Meninas do Crasto 3;Dolmen;Simple polygonal chamber;CSIC-776;4960;70;n/a;n/a;n/a;n/a;n/a;n/a;n/a;Charcoal;Ancient soil;Paleosol;Cruz 1995;n/a;Cruz 1995;n/a;No;n/a
Portugal;40,9198;-7,7212;607680;4530641;Duero basins;Orca de Merouços;Passage grave;n/a;GrN-14765;4960;40;n/a;n/a;n/a;n/a;n/a;n/a;n/a;Charcoal;Atrium;Funerary area;Cruz et al 2003;n/a;Cruz et al 2003;n/a;No;n/a
Portugal;40,5541;-7,76954;604179;4489987;Duero basins;Orca dos Padrões;Passage grave;n/a;OxA-4484;4960;65;n/a;n/a;n/a;n/a;n/a;n/a;n/a;Charcoal;Surface ancient soil;Paleosol;Cruz 1995;n/a;Cruz 1995;n/a;No;n/a
Spain;43,17961;-3,4121902;954170;4795940;North;Cotobasero 2;Dolmen;Indetermined structure;I-16442;4960;90;n/a;n/a;n/a;n/a;n/a;n/a;n/a;Charcoal;n/a;n/a;Mujika Alustiza 2017, 95;n/a;Mujika Alustiza 2017, 95;n/a;No;n/a
Portugal;40,94;-7,35;638896;4533407;Duero basins;Lameira de Cima 2;Passage grave;n/a;CSIC-1113;4961;27;n/a;n/a;n/a;n/a;n/a;n/a;n/a;Charcoal;Corridor;Corridor;Senna-Martinez, Ventura 2008;Cruz 1995;Senna-Martinez, Ventura 2008/Cruz 1995;n/a;No;n/a
Portugal;41,2014;-8,0079;583183;4561589;Duero basins;Chã da Parada 4;Dolmen;n/a;CSIC-822;4970;50;n/a;n/a;n/a;n/a;n/a;n/a;n/a;Charcoal;Basement tumulus;Mound soil;Boaventura 2009;Cruz 1995;Boaventura 2009/Cruz 1995;n/a;No;n/a
Spain;40,58042977;-4,82898725;853051;4500550;Duero basins;Dehesa de Rio Fortes;Tumulus;n/a;Beta-164477;4970;80;n/a;n/a;n/a;n/a;n/a;n/a;n/a;Charcoal;Hearth in tumulus;Mound;Bueno Ramirez et al 2016;Estremera Portela, Fabian Garcia 2002;Bueno Ramirez et al 2016/Bueno Ramirez et al 2016;n/a;No;n/a
Spain;41,25216499;-2,525312685;1042601;4587011;Duero basins;La Mina;Passage grave;n/a;Beta-316132;4970;30;n/a;n/a;n/a;n/a;n/a;n/a;C3 plants based;Human bone;n/a;n/a;Alt et al 2016/Santa Cruz del Barrio et al 2020;Rojo et al 2015/Alt et al 2016;Santa Cruz del Barrio et al 2020/Rojo et al 2015/Alt et al 2016;n/a;No;n/a
Portugal;40,9455;-7,6864;610568;4533537;Duero basins;Orca de Seixas;Passage grave;n/a;GrN-26225;4970;25;n/a;n/a;n/a;n/a;n/a;n/a;n/a;Charcoal;Funerary deposit. Under closure;Funerary area;Pardo-Gordo, Carvalho 2020;Cruz 1995;Pardo-Gordo, Carvalho 2020;n/a;No;n/a
Spain;37,7278;-5,4822;810040;4181442;South;Setefilla;Tumulus;n/a;UBA-27612;2848;36;n/a;n/a;n/a;n/a;n/a;n/a;n/a;Human bone;Mound A, Tomb 18;Funerary area;Brandherm/Krueger, 2017;n/a;n/a;n/a;Yes;Non megalithic site
Spain;41,6068693;-4,818778489;848438;4614579;Duero basins;Los Zumacales;Dolmen;Intratumular corridor;Poz-93611;4975;35;n/a;n/a;n/a;n/a;n/a;n/a;C3 plants and terrestrial animals;Human bone;Sample ZUM17-4;n/a;Santa Cruz del Barrio et al 2020;n/a;Santa Cruz del Barrio et al 2020;n/a;No;n/a
Portugal;41,2031;-8,009;583088;4561776;Duero basins;Chã da Parada 1;Passage grave;n/a;ICEN-781;4980;50;n/a;n/a;n/a;n/a;n/a;n/a;n/a;Charcoal;Surface ancient soil;Paleosol;Boaventura 2009;Cruz 1995;Boaventura 2009/Cruz 1995;n/a;No;n/a
Portugal;41,1775;-8,06877;578107;4558879;Duero basins;Cha de Santinhos 1;Varia;Dolmen (too altered to determine the typology);Gif-6783;4980;50;n/a;n/a;n/a;n/a;n/a;n/a;n/a;Charcoal;Basement tumulus;Mound soil;Boaventura 2009;Cruz 1995;Boaventura 2009, Cruz 1995;n/a;No;n/a
Portugal;40,9198;-7,7212;607680;4530641;Duero basins;Orca de Merouços;Passage grave;n/a;GrA-14768;4980;40;n/a;n/a;n/a;n/a;n/a;n/a;n/a;Charcoal;Atrium;Funerary area;Cruz et al 2003;n/a;Cruz et al 2003;n/a;No;n/a
Spain;42,56760266;-2,553544662;1029208;4733058;Ebro basin;Chabola de la Hechicera;Passage grave;n/a;Beta-307796;4980;30;n/a;n/a;n/a;n/a;n/a;n/a;C3 plants and terrestrial animals;Human bone;n/a;n/a;Fernandez Eraso, Mujika Alustiza 2013;n/a;Fernandez Eraso, Mujika Alustiza 2013;n/a;No;n/a
Spain;43,0581;-8,98028;501605;4767266;North;Pedra Moura;Passage grave;n/a;CAMS-77761;4980;70;n/a;n/a;n/a;n/a;n/a;n/a;C3 plants and terrestrial animals;Charcoal;Painting with black charcoal;Painting;Steelman et al 2005;n/a;Steelman et al 2005;n/a;No;n/a
Spain;40,11161586;-3,851613377;938849;4452867;Tagus basins;Valdelasilla -St. 454;Grave;n/a;SUERC-110543;4986;25;n/a;n/a;n/a;n/a;n/a;n/a;n/a;Human bone;Mandible;Position secondary;Barroso et al. 2026;Barroso et al. 2026;Barroso et al. 2026;n/a;No;n/a
Portugal;40,9016;-7,8092;600297;4528516;Duero basins;Picoto do Vasco;Passage grave;n/a;CSIC-1199;4988;31;n/a;n/a;n/a;n/a;n/a;n/a;n/a;Charcoal;Basement corridor;Mound soil;Cruz et al 2003;n/a;Cruz et al 2003;n/a;No;n/a
Portugal;41,1775;-8,0688;578105;4558879;Duero basins;Cha de Santinhos 2;Tumulus;n/a;Gif-6784;4990;50;n/a;n/a;n/a;n/a;n/a;n/a;n/a;Charcoal;Basement monument;Mound soil;Boaventura 2009;Cruz 1995;Boaventura 2009/Cruz 1995;n/a;No;n/a
Portugal;40,9368;-7,34935;638957;4533053;Duero basins;Lameira de Cima 1;Passage grave;n/a;OxA-4084;4990;80;n/a;n/a;n/a;n/a;n/a;n/a;n/a;Charcoal;Upper layer;n/a;Senna-Martinez, Ventura 2008;Archeometry 36, 1994, 366;Senna-Martinez, Ventura 2008/Archeometry 36, 1994, 366;n/a;No;n/a
Portugal;40,94;-7,35;638896;4533407;Duero basins;Lameira de Cima 2;Passage grave;n/a;GrN-21353;4990;40;n/a;n/a;n/a;n/a;n/a;n/a;n/a;Charcoal;Corridor;Corridor;Senna-Martinez, Ventura 2008;Cruz 1995;Senna-Martinez, Ventura 2008/Cruz 1995;n/a;No;n/a
Spain;41,6068693;-4,818778489;848438;4614579;Duero basins;Los Zumacales;Dolmen;Intratumular corridor;Poz-93543;4990;35;n/a;n/a;n/a;n/a;n/a;n/a;C3 plants and terrestrial animals;Human bone;Sample ZUM17-12;n/a;Santa Cruz del Barrio et al 2020;n/a;Santa Cruz del Barrio et al 2020;n/a;No;n/a
Spain;41,6068693;-4,818778489;848438;4614579;Duero basins;Los Zumacales;Dolmen;Intratumular corridor;Poz-93537;4990;40;n/a;n/a;n/a;n/a;n/a;n/a;C3 plants and terrestrial animals;Human bone;Sample ZUM17-7;n/a;Santa Cruz del Barrio et al 2020;n/a;Santa Cruz del Barrio et al 2020;n/a;No;n/a
Spain;41,6068693;-4,818778489;848438;4614579;Duero basins;Los Zumacales;Dolmen;Intratumular corridor;Poz-93538;4990;35;n/a;n/a;n/a;n/a;n/a;n/a;C3 plants and terrestrial animals;Human bone;Sample ZUM17-8;n/a;Santa Cruz del Barrio et al 2020;n/a;Santa Cruz del Barrio et al 2020;n/a;No;n/a
Portugal;40,4979;-8,0252;582601;4483477;Duero basins;Orca 1 da Penela;Passage grave;n/a;GrA-14767;4990;40;n/a;n/a;n/a;n/a;n/a;n/a;n/a;Charcoal;Atrium;Funerary area;Cruz et al 2003;n/a;Cruz et al 2003;n/a;No;n/a
Portugal;41,0233;-7,4417;631011;4542513;Duero basins;Senhora do Monte 3;Passage grave;n/a;ICEN-1201;4990;70;n/a;n/a;n/a;n/a;n/a;n/a;n/a;Charcoal;Corridor;Corridor;Cruz 1995;n/a;Cruz 1995;n/a;No;n/a
Spain;37,7278;-5,4822;810040;4181442;South;Setefilla;Tumulus;n/a;UBA-27589;2928;31;n/a;n/a;n/a;n/a;n/a;n/a;n/a;Human bone;Mound A, Tomb 47;Funerary area;Brandherm/Krueger, 2017;n/a;n/a;n/a;Yes;Non megalithic site
Portugal;40,94;-7,35;638896;4533407;Duero basins;Lameira de Cima 2;Passage grave;n/a;CSIC-1114;4999;29;n/a;n/a;n/a;n/a;n/a;n/a;n/a;Charcoal;Corridor;Corridor;Senna-Martinez, Ventura 2008;Cruz 1995;Senna-Martinez, Ventura 2008/Cruz 1995;n/a;No;n/a
Spain;41,16531108;-2,505072663;1045022;4577489;Ebro basin;La Tarayuela;Tumulus;n/a;Bln-5541;5000;38;n/a;n/a;n/a;n/a;n/a;n/a;n/a;Charcoal;n/a;n/a;Rojo et al 2005;n/a;Rojo et al 2005;n/a;No;n/a
Spain;41,05625931;-2,407110988;1054168;4565993;Tagus basins;Portillo de las Cortes;Passage grave;n/a;Beta-334952;5000;30;n/a;n/a;n/a;n/a;n/a;n/a;n/a;Human bone;n/a;n/a;Santa Cruz del Barrio et al 2020;Bueno et al 2016;Santa Cruz del Barrio et al 2020/Bueno et al 2016;n/a;No;n/a
Spain;40,08129363;-6,376684273;723673;4440078;Tagus basins;Tremedal (Montehermoso);Passage grave;n/a;GrA-15903;5000;60;n/a;n/a;n/a;n/a;n/a;n/a;n/a;Charcoal;Corridor;Corridor;Ruiz-Galvez Priego 2000;n/a;Ruiz-Galvez Priego 2000;n/a;No;n/a
Spain;41,17695193;-2,540366302;1041962;4578560;Duero basins;Tumulo de la Sima I;Rundgraber & calero tomb;n/a;Bln-5376;5001;32;n/a;n/a;n/a;n/a;n/a;n/a;n/a;Charcoal;n/a;n/a;Rojo et al 2008;n/a;Rojo et al 2008;n/a;No;n/a
Portugal;41,2031;-8,009;583088;4561776;Duero basins;Chã da Parada 1;Passage grave;n/a;CSIC-979;5010;35;n/a;n/a;n/a;n/a;n/a;n/a;n/a;Charcoal;Basement tumulus;Mound soil;Boaventura 2009;Cruz 1995;Boaventura 2009/Cruz 1995;n/a;No;n/a
Spain;41,6068693;-4,818778489;848438;4614579;Duero basins;Los Zumacales;Dolmen;Intratumular corridor;Poz-93542;5010;40;n/a;n/a;n/a;n/a;n/a;n/a;C3 plants and terrestrial animals;Human bone;Sample ZUM17-11;n/a;Santa Cruz del Barrio et al 2020;n/a;Santa Cruz del Barrio et al 2020;n/a;No;n/a
Portugal;41,1989;-8,0333;581056;4561287;Duero basins;Mamoa da Mina de Sao Simao;Dolmen;n/a;CSIC-715;5010;70;n/a;n/a;n/a;n/a;n/a;n/a;n/a;Charcoal;Basement chamber;Mound soil;Cruz 1995;n/a;Cruz 1995;n/a;No;n/a
Spain;43,0894;-8,98472;501243;4770742;North;Pedra Cuberta;Passage grave;n/a;CAMS-77923;5010;60;n/a;n/a;n/a;n/a;n/a;n/a;n/a;Charcoal;Painting with black charcoal;Painting;Steelman et al 2005;n/a;Steelman et al 2005;n/a;No;n/a
Spain;41,6068693;-4,818778489;848438;4614579;Duero basins;Los Zumacales;Dolmen;Intratumular corridor;Poz-93536;5020;40;n/a;n/a;n/a;n/a;n/a;n/a;C3 plants and terrestrial animals;Human bone;Sample ZUM17-6;n/a;Santa Cruz del Barrio et al 2020;n/a;Santa Cruz del Barrio et al 2020;n/a;No;n/a
Spain;42,9421;-7,9714;583918;4754898;North;Ponte da Pedra_ancient;Varia;n/a;GrN-19217;5020;70;n/a;n/a;n/a;n/a;n/a;n/a;n/a;Charcoal;n/a;n/a;Boaventura 2009;n/a;Boaventura 2009;n/a;No;n/a
Spain;37,7278;-5,4822;810040;4181442;South;Setefilla;Tumulus;n/a;UBA-27567;2953;55;n/a;n/a;n/a;n/a;n/a;n/a;n/a;Human bone;Mound A, Tomb 5;Funerary area;Brandherm/Krueger, 2017;n/a;n/a;n/a;Yes;Non megalithic site
Spain;42,44004675;1,49236641;1363357;4752297;East;Feixa del Moro II;Cist;Protomegalithic structure;CNA-2330;5025;45;n/a;n/a;n/a;n/a;n/a;n/a;n/a;Human bone;Cist 2;n/a;Remolins et al. 2016;Garcia Sanjuan et al. 2022;Remolins et al. 2016/Garcia Sanjuan et al. 2022;Geographic coordinates approximated;No;n/a
Spain;41,16792868;-2,510618272;1044535;4577744;Duero basins;Peña de la Abuela;Rundgraber & calero tomb;n/a;Bln-5055;5029;39;n/a;n/a;n/a;n/a;n/a;n/a;n/a;Charcoal;n/a;n/a;Rojo, Kunst 1999;n/a;Rojo, Kunst 1999;n/a;No;n/a
Portugal;41,1856;-8,0402;580494;4559804;Duero basins;Outeiro de Gregos 2;Dolmen;n/a;CSIC-774;5030;70;n/a;n/a;n/a;n/a;n/a;n/a;n/a;Charcoal;Ancient soil;Paleosol;Cruz 1995;n/a;Cruz 1995;n/a;No;n/a
Spain;41,16792868;-2,510618272;1044535;4577744;Duero basins;Peña de la Abuela;Rundgraber & calero tomb;n/a;Bln-5026;5033;32;n/a;n/a;n/a;n/a;n/a;n/a;n/a;Charcoal;n/a;n/a;Rojo, Kunst 1999;n/a;Rojo, Kunst 1999;n/a;No;n/a
Spain;43,5251;-5,7891;759482;4824138;North;Monte Areo XV;Passage grave;n/a;GrN-19724;5040;70;n/a;n/a;n/a;n/a;n/a;n/a;n/a;Charcoal;n/a;n/a;Arias Cabal et al 2000, 131;de Blas 1999;Arias Cabal et al 2000, 131/De Blas 1999;n/a;No;n/a
Portugal;40,9455;-7,6864;610568;4533537;Duero basins;Orca de Seixas;Passage grave;n/a;GrN-26226;5045;25;n/a;n/a;n/a;n/a;n/a;n/a;n/a;Charcoal;Between cist structure in atrium;Funerary area;Cruz et al 2003;n/a;Cruz et al 2003;n/a;No;n/a
Spain;41,17695193;-2,540366302;1041962;4578560;Duero basins;Tumulo de la Sima I;Rundgraber & calero tomb;n/a;Bln-5349;5048;27;n/a;n/a;n/a;n/a;n/a;n/a;n/a;Charcoal;n/a;n/a;Rojo et al 2008;n/a;Rojo et al 2008;n/a;No;n/a
Portugal;41,1989;-8,0333;581056;4561287;Duero basins;Mamoa da Mina de Sao Simao;Dolmen;n/a;CSIC-716;5050;70;n/a;n/a;n/a;n/a;n/a;n/a;n/a;Charcoal;Basement chamber;Mound soil;Cruz 1995;n/a;Cruz 1995;n/a;No;n/a
Spain;41,16792868;-2,510618272;1044535;4577744;Duero basins;Peña de la Abuela;Rundgraber & calero tomb;n/a;KIA-4781;5050;50;n/a;n/a;n/a;n/a;n/a;n/a;n/a;Charcoal;n/a;n/a;Rojo, Kunst 1999;n/a;Rojo, Kunst 1999;n/a;No;n/a
Spain;41,16792868;-2,510618272;1044535;4577744;Duero basins;Peña de la Abuela;Rundgraber & calero tomb;n/a;Bln-5052;5054;39;n/a;n/a;n/a;n/a;n/a;n/a;n/a;Charcoal;n/a;n/a;Rojo, Kunst 1999;n/a;Rojo, Kunst 1999;n/a;No;n/a
Portugal;41,2014;-8,0079;583183;4561589;Duero basins;Chã da Parada 4;Dolmen;n/a;GrN-17433;5055;40;n/a;n/a;n/a;n/a;n/a;n/a;n/a;Charcoal;Basement tumulus;Mound soil;Boaventura 2009;Cruz 1995;Boaventura 2009/Cruz 1995;n/a;No;n/a
Spain;42,6521;-8,1295;571352;4722549;North;Monte da Romea;Varia;Polygonal chamber;Ua-20005;5055;55;n/a;n/a;n/a;n/a;n/a;n/a;n/a;Charcoal;Debris tumulus;Mound;Mav±ana Borrazas 2003;n/a;Mav±ana Borrazas 2003;n/a;No;n/a
Spain;43,1803;-6,9166;669319;4782944;North;La Xorenga;Tumulus;n/a;CSIC-1382;5059;30;n/a;n/a;n/a;n/a;n/a;n/a;n/a;Charcoal;Sector C;n/a;Cabal et al 2000, 131;Sanchez Hidalgo 1999;Cabal et al 2000, 131;Site also named as Canadeiro I;No;n/a
Portugal;40,8348;-7,7555;604926;4521163;Duero basins;Orca das Castenairas;Passage grave;n/a;GrN-4924;5060;50;n/a;n/a;n/a;n/a;n/a;n/a;n/a;Charcoal;Basement chamber;Mound soil;Senna-Martinez, Ventura 2008;n/a;Senna-Martinez, Ventura 2008;n/a;No;n/a
Portugal;41,0233;-7,4417;631011;4542513;Duero basins;Senhora do Monte 3;Passage grave;n/a;GrN-21304;5060;50;n/a;n/a;n/a;n/a;n/a;n/a;n/a;Charcoal;Hearth tumulus;Mound;Cruz 1995;n/a;Cruz 1995;n/a;No;n/a
Spain;39,7806;-5,1484;829866;4410506;Tagus basins;Azután;Passage grave;n/a;UGRA-288;5060;90;n/a;n/a;n/a;n/a;n/a;n/a;C3 plants mainly;Human bone;Chamber;Chamber;Mu¬Åller 1998, 82;Bueno Ramirez 1991, 57;M¬Åuller 1998, 82/Bueno Ramirez 1991, 57;n/a;No;n/a
Spain;41,17695193;-2,540366302;1041962;4578560;Duero basins;Tumulo de la Sima I;Rundgraber & calero tomb;n/a;Bln-5378;5068;33;n/a;n/a;n/a;n/a;n/a;n/a;n/a;Charcoal;n/a;n/a;Rojo et al 2008;n/a;Rojo et al 2008;n/a;No;n/a
Portugal;40,7125;-8,2439;563864;4507117;Duero basins;Antelas;Passage grave;n/a;OxA-5498;5070;65;n/a;n/a;n/a;n/a;n/a;n/a;n/a;Charcoal;Corridor;Corridor;Senna-Martinez, Ventura 2008;n/a;Senna-Martinez, Ventura 2008;n/a;No;n/a
Portugal;41,2036;-8,00794;583177;4561833;Duero basins;Chã de Parada 3;Passage grave;n/a;Gif-8289;5070;100;n/a;n/a;n/a;n/a;n/a;n/a;n/a;Charcoal;Entrance structure;Mound;Boaventura 2009;Cruz 1995;Boaventura 2009, Cruz 1995;n/a;No;n/a
Spain;42,4164;-4,39111;879236;4706310;Duero basins;Velilla;Dolmen;n/a;GrN-18486;5070;175;n/a;n/a;n/a;n/a;n/a;n/a;n/a;Charcoal;n/a;Upper occupancy level;Delibes de Castro et al 1992;n/a;Delibes de Castro et al 1992;n/a;No;n/a
Spain;43,0867;-2,2154;1052309;4792835;North;Larrarte;Dolmen;n/a;I-14919;5070;140;n/a;n/a;n/a;n/a;n/a;n/a;n/a;Charcoal;Base of the dolmen;Chamber;Cabal et al 2000, 131;de Blas 1999;Cabal et al 2000, 131/de Blas 1999;n/a;No;n/a
Spain;40,11161586;-3,851613377;938849;4452867;Tagus basins;Valdelasilla -St. 452;Grave;Circular pit;Beta-604114;5070;30;n/a;n/a;n/a;n/a;n/a;n/a;n/a;Human bone;Humerus;Position secondary;Barroso et al. 2026;Barroso et al. 2026;Barroso et al. 2026;n/a;No;n/a
Spain;42,6753;-3,7206;932624;4738289;Ebro basin;Rebolledo;Tumulus;n/a;GrN-19567;5075;40;n/a;n/a;n/a;n/a;n/a;n/a;n/a;Charcoal;Layer 3;n/a;Boaventura 2009;Delibes de Castro, Rojo Guerra 1997 ;Boaventura 2009/Delibes de Castro, Rojo Guerra 1997 ;Geographic coordinates approximated;No;n/a
Spain;43,1803;-6,9166;669319;4782944;North;La Xorenga;Tumulus;n/a;CSIC-1381;5080;30;n/a;n/a;n/a;n/a;n/a;n/a;n/a;Charcoal;Sector C;n/a;Cabal et al 2000, 131;Sanchez Hidalgo 1999;Cabal et al 2000, 131;Site also named as Canadeiro I;No;n/a
Spain;40,11161586;-3,851613377;938849;4452867;Tagus basins;Valdelasilla -St. 451;Grave;Circular pit;Beta-606799;5080;30;n/a;n/a;n/a;n/a;n/a;n/a;n/a;Human bone;Cranium;Position primary;Barroso et al. 2026;Barroso et al. 2026;Barroso et al. 2026;n/a;No;n/a
Spain;41,17695193;-2,540366302;1041962;4578560;Duero basins;Tumulo de la Sima I;Rundgraber & calero tomb;n/a;Bln-5363;5082;31;n/a;n/a;n/a;n/a;n/a;n/a;n/a;Charcoal;n/a;n/a;Rojo et al 2008;n/a;Rojo et al 2008;n/a;No;n/a
Portugal;42,0732;-8,1063;573929;4658289;North;Portela do Pau 2;Dolmen;n/a;CSIC-1119;5087;31;n/a;n/a;n/a;n/a;n/a;n/a;n/a;Charcoal;n/a;n/a;Boaventura 2009;n/a;Boaventura 2009;n/a;No;n/a
Spain;42,4053;2,959167;1484736;4764616;East;Dolmen de Tires Llargues;Passage grave;n/a;GaK-12162;5090;160;n/a;n/a;n/a;n/a;n/a;n/a;n/a;Human bone;Base of the corridor;Corridor;http://www.telearchaeology.com/c14/db.aspx, 14.01.2011;n/a;http://www.telearchaeology.com/c14/db.aspx, 14.01.2011;n/a;No;n/a
Spain;40,11161586;-3,851613377;938849;4452867;Tagus basins;Valdelasilla -St. 67;Grave;Circular pit;Beta-653217;5090;30;n/a;n/a;n/a;n/a;n/a;n/a;n/a;Human bone;Cranium;Position primary;Barroso et al. 2026;Barroso et al. 2026;Barroso et al. 2026;n/a;No;n/a
Spain;42,43996912;1,492445511;1363364;4752289;East;Feixa del Moro III;Cist;Protomegalithic structure;CNA-2331;5095;45;n/a;n/a;n/a;n/a;n/a;n/a;n/a;Human bone;Cist 3;n/a;Remolins et al. 2016;Garcia Sanjuan et al. 2022;Remolins et al. 2016/Garcia Sanjuan et al. 2022;Geographic coordinates approximated;No;n/a
Spain;41,16792868;-2,510618272;1044535;4577744;Duero basins;Peña de la Abuela;Rundgraber & calero tomb;n/a;KIA-8873;5098;29;n/a;n/a;n/a;n/a;n/a;n/a;n/a;Charcoal;n/a;n/a;Rojo, Kunst 1999;n/a;Rojo, Kunst 1999;n/a;No;n/a
Spain;41,16792868;-2,510618272;1044535;4577744;Duero basins;Peña de la Abuela;Rundgraber & calero tomb;n/a;Bln-5053;5099;39;n/a;n/a;n/a;n/a;n/a;n/a;n/a;Charcoal;n/a;n/a;Rojo, Kunst 1999;n/a;Rojo, Kunst 1999;n/a;No;n/a
Spain;41,25216499;-2,525312685;1042601;4587011;Duero basins;La Mina;Passage grave;n/a;GrN-14951;5100;170;n/a;n/a;n/a;n/a;n/a;n/a;n/a;Charcoal;Ancient soil;Paleosol;Cassen et al 1993, Tab. 2, 513;n/a;Cassen et al 1993, Tab. 2, 513;n/a;No;n/a
Portugal;40,9016;-7,8092;600297;4528516;Duero basins;Picoto do Vasco;Passage grave;n/a;GrN-22817;5100;60;n/a;n/a;n/a;n/a;n/a;n/a;n/a;Charcoal;Basement corridor;Mound soil;Cruz et al 2003;n/a;Cruz et al 2003;n/a;No;n/a
Portugal;41,0233;-7,4417;631011;4542513;Duero basins;Senhora do Monte 3;Passage grave;n/a;ICEN-1200;5100;70;n/a;n/a;n/a;n/a;n/a;n/a;n/a;Charcoal;Corridor;Corridor;Cruz 1995;n/a;Cruz 1995;n/a;No;n/a
Spain;43,16080594;-7,496979382;622189;4779768;North;Madorra da Granxa;Tumulus;n/a;CSIC-1376;5106;30;n/a;n/a;n/a;n/a;n/a;n/a;n/a;Charcoal;n/a;n/a;Fabregas Valcarce, Vilaseco Vazquez 2006;Chao, Alvarez 2000;Chao, Alvarez 2000/Fabregas Valcarce, Vilaseco Vazquez 2006;n/a;No;n/a
Spain;42,01255247;1,485731664;1368724;4704690;East;Megalit del Senyor Bisbe;Cist;Protomegalithic structure;CNA-3051;5109;33;n/a;n/a;n/a;n/a;n/a;n/a;n/a;Human bone;Structure 1801;n/a;Garcia Sanjuan et al. 2022;Garcia Sanjuan et al. 2022;Castany i Llussa 2008 / Garcia Sanjuan et al. 2022;Geographic coordinates approximated;No;n/a
Spain;41,16792868;-2,510618272;1044535;4577744;Duero basins;Peña de la Abuela;Rundgraber & calero tomb;n/a;Bln-5054;5110;39;n/a;n/a;n/a;n/a;n/a;n/a;n/a;Charcoal;n/a;n/a;Rojo, Kunst 1999;n/a;Rojo, Kunst 1999;n/a;No;n/a
Spain;43,4942;-5,52278;781149;4821572;North;La Llaguna D;Tumulus;n/a;GrN-16648;5110;60;n/a;n/a;n/a;n/a;n/a;n/a;n/a;Charcoal;n/a;n/a;Cabal et al 2000, 131;n/a;Cabal et al 2000, 131;n/a;No;n/a
Spain;36,4456;-6,21;750063;4036992;South;Campo de Hockey;Varia;n/a;CNA-832;3065;35;n/a;n/a;n/a;n/a;n/a;n/a;n/a;Charcoal;Circular structure (pit) Trench C2-UE206;Funerary area;Vijande Vila et al 2015;n/a;n/a;n/a;Yes;Non megalithic structure
Portugal;41,4839;-7,4019;633417;4593709;Duero basins;Mamoa do Castelo 1;Passage grave;n/a;CSIC-1818;5112;36;n/a;n/a;n/a;n/a;n/a;n/a;n/a;Charcoal;Under stones of tumulus;Paleosol;Sanches et al 2005;n/a;Sanches et al 2005;n/a;No;n/a
Spain;41,7653;-5,7653;768888;4628776;Duero basins;El Miradero;Rundgraber & calero tomb;n/a;GrN-12100;5115;35;n/a;n/a;n/a;n/a;n/a;n/a;n/a;Charcoal;Burial;Funerary area;Mu¬Åller 1998, 82;n/a;Mu¬Åller 1998, 82;Geographic coordinates approximated;No;n/a
Portugal;40,7667;-7,4705;629088;4513984;Duero basins;Carapito 1;Passage grave;n/a;TO-3336;5120;40;n/a;n/a;n/a;n/a;n/a;n/a;n/a;Charcoal;Socket from slab E. Dating the building moment;Mound soil;Senna-Martinez, Ventura 2008;Criado Boado, Fabregas Valcarce 1989;Senna-Martinez, Ventura 2008/Criado Boado, Fabregas Valcarce 1989;n/a;No;n/a
Spain;41,7653;-5,7653;768888;4628776;Duero basins;El Miradero;Rundgraber & calero tomb;n/a;GrN-12103;5120;25;n/a;n/a;n/a;n/a;n/a;n/a;n/a;Charcoal;Burial;Funerary area;IDEArq.org;n/a;n/a;Geographic coordinates approximated;No;n/a
Spain;42,9489595;-2,2596217;1049942;4777240;North;Otsaarte;Dolmen;Highly damaged. Indetermined;Ua-12500;5120;75;n/a;n/a;n/a;n/a;n/a;n/a;n/a;Charcoal;n/a;n/a;Mujika Alustiza 2017, 95;n/a;Mujika Alustiza 2017, 95;n/a;No;n/a
Portugal;40,9016;-7,8092;600297;4528516;Duero basins;Picoto do Vasco;Passage grave;n/a;CSIC-1328;5124;30;n/a;n/a;n/a;n/a;n/a;n/a;n/a;Charcoal;Entrance chamber;Mound soil;Cruz et al 2003;n/a;Cruz et al 2003;n/a;No;n/a
Portugal;40,7667;-7,4705;629088;4513984;Duero basins;Carapito 1;Passage grave;n/a;OxA-3733;5125;70;n/a;n/a;n/a;n/a;n/a;n/a;n/a;Charcoal;Socket from slab E. Dating the building moment;Mound soil;Senna-Martinez, Ventura 2008;n/a;Senna-Martinez, Ventura 2008;n/a;No;n/a
Portugal;41,1989;-8,0333;581056;4561287;Duero basins;Mamoa da Mina de Sao Simao;Dolmen;n/a;CSIC-717;5130;90;n/a;n/a;n/a;n/a;n/a;n/a;n/a;Charcoal;Ancient soil;Paleosol;Cruz 1995;n/a;Cruz 1995;n/a;No;n/a
Portugal;41,0233;-7,4417;631011;4542513;Duero basins;Senhora do Monte 3;Passage grave;n/a;GrN-20791;5130;40;n/a;n/a;n/a;n/a;n/a;n/a;n/a;Charcoal;Corridor;Corridor;Cruz et al 1995;n/a;Cruz et al 1995;n/a;No;n/a
Portugal;42,0732;-8,1063;573929;4658289;North;Portela do Pau 2;Dolmen;n/a;CSIC-1120;5131;28;n/a;n/a;n/a;n/a;n/a;n/a;n/a;Charcoal;n/a;n/a;Boaventura 2009;n/a;Boaventura 2009;n/a;No;n/a
Spain;43,527;-5,7798;760226;4824378;North;Monte Areo XII;Tumulus;n/a;CSIC-1380;5133;30;n/a;n/a;n/a;n/a;n/a;n/a;n/a;Wood;n/a;n/a;Arias Cabal et al 2000, 131;de Blas 1999;Arias Cabal et al 2000, 131/De Blas 1999;Geographic coordinates approximated;No;n/a
Spain;41,7653;-5,7653;768888;4628776;Duero basins;El Miradero;Rundgraber & calero tomb;n/a;GrN-12102;5135;45;n/a;n/a;n/a;n/a;n/a;n/a;n/a;Charcoal;Burial;Funerary area;IDEArq.org;n/a;n/a;Geographic coordinates approximated;No;n/a
Spain;43,4942;-5,52278;781149;4821572;North;La Llaguna D;Tumulus;n/a;GrN-1664;5135;40;n/a;n/a;n/a;n/a;n/a;n/a;n/a;Charcoal;n/a;n/a;Cabal et al 2000, 131;n/a;Cabal et al 2000, 131;n/a;No;n/a
Spain;37,33249;-1,74811;1142879;4156505;South;El Oficio;Rock-cut-tomb, artificial cave & hypogeum;n/a;OxA-4969;3405;70;-18,3;n/a;n/a;n/a;n/a;n/a;n/a;n/a;Funerary context;Funerary area;Castro et al 1993-1994;Castro et al 1993-1994;Lozano Medina 2017;n/a;Yes;Non megalithic site
Spain;37,8708;-6,13694;751835;4195344;South;La Traviesa;Cist;n/a;RCD-2111;3420;60;n/a;n/a;n/a;n/a;n/a;n/a;n/a;n/a;Cist nr. 20;Chamber;Garcia Sanjuan et al 2009, 19;n/a;Garcia Sanjuan et al 2009;n/a;Yes;Bronze age site
Portugal;40,9016;-7,8092;600297;4528516;Duero basins;Picoto do Vasco;Passage grave;n/a;GrN-22443;5140;40;n/a;n/a;n/a;n/a;n/a;n/a;n/a;Charcoal;Basement corridor;Mound soil;Cruz et al 2003;n/a;Cruz et al 2003;n/a;No;n/a
Spain;43,495;-5,51778;781550;4821678;North;La Llaguna A;Tumulus;n/a;GrN-18283;5140;60;n/a;n/a;n/a;n/a;n/a;n/a;n/a;Charcoal;n/a;n/a;Cabal et al 2000, 131;n/a;Cabal et al 2000, 131;n/a;No;n/a
Spain;42,7539;-3,69333;934309;4747160;Ebro basin;Moreco;Passage grave;n/a;GrN-12994;5150;60;n/a;n/a;n/a;n/a;n/a;n/a;n/a;Charcoal;Ancient soil;Paleosol;Muller 1998, 88;Cassen et al 1996;Muller 1998, 88/Cassen et al 1996, 513;n/a;No;n/a
Spain;42,5211;-8,52083;539358;4707747;North;As Rozas 1;Tumulus;n/a;†GaK-11189†;5150;140;n/a;n/a;n/a;n/a;n/a;n/a;n/a;Charcoal;Hearth under tumulus;Mound soil;Fabregas Valcarce, Vilaseco Vazquez 2003, 293-294;Fabregas Valcarce 1988;Fabregas Valcarce, Vilaseco Vazquez 2003, 293-294/Fabregas Valcarce 1988;n/a;Yes;Aberrant
Spain;41,7653;-5,7653;768888;4628776;Duero basins;El Miradero;Rundgraber & calero tomb;n/a;GrN-12101;5155;35;n/a;n/a;n/a;n/a;n/a;n/a;n/a;Charcoal;Burial;Funerary area;Mu¬Åller 1998, 82;Cassen et al 1996;Mu¬Åller 1998, 82/Cassen et al 1996, 513;Geographic coordinates approximated;No;n/a
Portugal;40,9016;-7,8092;600297;4528516;Duero basins;Picoto do Vasco;Passage grave;n/a;CSIC-1221;5160;42;n/a;n/a;n/a;n/a;n/a;n/a;n/a;Charcoal;Basement corridor;Mound soil;Cruz et al 2003;n/a;Cruz et al 2003;n/a;No;n/a
Spain;40,11161586;-3,851613377;938849;4452867;Tagus basins;Valdelasilla -St. 450;Grave;Circular chamber;Beta-573591;5160;30;n/a;n/a;n/a;n/a;n/a;n/a;n/a;Human bone;Cranium;Position primary;Barroso et al. 2026;Barroso et al. 2026;Barroso et al. 2026;n/a;No;n/a
Portugal;41,0465;-7,4713;628477;4545044;Duero basins;Areita 1;Passage grave;n/a;GrA-18518;5170;60;n/a;n/a;n/a;n/a;n/a;n/a;n/a;Human bone;Ground level chamber;Paleosol;Cruz et al 2003;n/a;Cruz et al 2003;n/a;No;n/a
Spain;42,6733;-3,7172;932916;4738084;Ebro basin;Fuentepecina I;Dolmen;n/a;GrN-18667;5170;100;n/a;n/a;n/a;n/a;n/a;n/a;n/a;Charcoal;Basement chamber;Mound soil;Boaventura 2009;Delibes de Castro, Rojo Guerra 1997 ;Boaventura 2009/Delibes de Castro, Rojo Guerra 1997 ;Geographic coordinates approximated;No;n/a
Spain;40,11161586;-3,851613377;938849;4452867;Tagus basins;Valdelasilla -St. 451;Grave;Circular chamber;Beta-610103;5170;30;n/a;n/a;n/a;n/a;n/a;n/a;n/a;Human bone;Cranium;Position secondary;Barroso et al. 2026;Barroso et al. 2026;Barroso et al. 2026;n/a;No;n/a
Spain;43,495;-5,51778;781550;4821678;North;La Llaguna A;Tumulus;n/a;GrN-18282;5175;25;n/a;n/a;n/a;n/a;n/a;n/a;n/a;Charcoal;n/a;n/a;Cabal et al 2000, 131;n/a;Cabal et al 2000, 131;n/a;No;n/a
Spain;43,527;-5,7798;760226;4824378;North;Monte Areo XII;Tumulus;n/a;CSIC-1378;5176;30;n/a;n/a;n/a;n/a;n/a;n/a;n/a;Wood;n/a;n/a;Arias Cabal et al 2000, 131;de Blas 1999;Arias Cabal et al 2000, 131/De Blas 1999;Geographic coordinates approximated;No;n/a
Spain;43,44849299;-6,286382255;719571;4814198;North;La Cobertoria;Passage grave;n/a;Ua-59945;5179;35;n/a;n/a;n/a;n/a;n/a;n/a;n/a;Charcoal;Basement;Mound soil;Rodriguez del Cueto, Busto Zapico 2020;Rodriguez del Cueto, Busto Zapico 2020;Rodriguez del Cueto, Busto Zapico 2020;n/a;No;n/a
Spain;40,11161586;-3,851613377;938849;4452867;Tagus basins;Valdelasilla -St. 296;Grave;Oval-shaped structure;Beta-579354;5180;30;n/a;n/a;n/a;n/a;n/a;n/a;n/a;Human bone;Cranium;Position primary;Barroso et al. 2026;Barroso et al. 2026;Barroso et al. 2026;n/a;No;n/a
Spain;42,5937;-2,5323;1030726;4736016;Ebro basin;Los Llanos;Passage grave;n/a;I-15168;5190;140;n/a;n/a;n/a;n/a;n/a;n/a;n/a;Human bone;Ground level corridor;Paleosol;Müller 1998, 82;Cassen et al 1996;Müller 1998, 82/Cassen et al 1996, 514;n/a;No;n/a
Portugal;41,2;-8,03;581331;4561412;Duero basins;Monte da Olheira;Dolmen;n/a;GrN-15330;5195;25;n/a;n/a;n/a;n/a;n/a;n/a;n/a;Charcoal;Ancient soil;Paleosol;Cruz 1995;n/a;Cruz 1995;n/a;No;n/a
Spain;42,4164;-4,39111;879236;4706310;Duero basins;Velilla;Dolmen;n/a;GrN-18487;5195;115;n/a;n/a;n/a;n/a;n/a;n/a;n/a;Charcoal;n/a;Upper occupancy level;Delibes de Castro et al 1992;n/a;Delibes de Castro et al 1992;n/a;No;n/a
Spain;43,1544;-4,74139;846262;4786770;North;Peña Oviedo 1;Dolmen;n/a;GrN-18782;5195;25;n/a;n/a;n/a;n/a;n/a;n/a;n/a;Charcoal;n/a;n/a;Cabal et al 2000, 131;n/a;Cabal et al 2000, 131;Geographic coordinates approximated;No;n/a
Portugal;41,1811;-8,0497;579703;4559296;Duero basins;Outeiro de Gregos 3;Dolmen;n/a;KN-2765;5200;65;n/a;n/a;n/a;n/a;n/a;n/a;n/a;Charcoal;Debris tumulus;Mound;Mu¬Åller 1998, 82;n/a;Mu¬Åller 1998, 82;n/a;No;n/a
Spain;42,4164;-4,39111;879236;4706310;Duero basins;Velilla;Dolmen;n/a;GrN-16297;5200;55;n/a;n/a;n/a;n/a;n/a;n/a;n/a;Charcoal;Hearth, precedent;Mound;Cassen et al 1993, Tab 2, 513;n/a;Cassen et al 1993, Tab 2, 513;n/a;No;n/a
Spain;43,1757;-3,4123;954190;4795505;North;Boheriza 2;Dolmen;Cistoid structure;Ua-3229;5200;75;n/a;n/a;n/a;n/a;n/a;n/a;n/a;Charcoal;n/a;n/a;Cabal et al 2000, 131;de Blas 1999;Cabal et al 2000, 131/de Blas 1999;n/a;No;n/a
Spain;43,3949116;-2,7152219;1009026;4823890;North;Katillotxu V;Dolmen;Possibly cistoid structure, cuadrangular shaped of 2.20 x 0.80 m;Beta-259128;5200;40;n/a;n/a;n/a;n/a;n/a;n/a;n/a;Charcoal;n/a;n/a;Lopez Quintana, Guenaga Lizasu 2009;n/a;Lopez Quintana, Guenaga Lizasu 2009;n/a;No;n/a
Spain;42,3754;-8,6466;529095;4691518;North;Chan da Cruz 1;Varia;n/a;CSIC-642;5210;50;n/a;n/a;n/a;n/a;n/a;n/a;n/a;Charcoal;n/a;n/a;Boaventura 2009;n/a;Boaventura 2009/Cruz 1995;n/a;No;n/a
Portugal;41,02;-8,05;579872;4541411;Duero basins;Cabras;Varia;No evidence of megalithic chamber;ICEN-1267;5220;60;n/a;n/a;n/a;n/a;n/a;n/a;n/a;Charcoal;Layer surface hearth;Mound;Stockler 1998;n/a;Stockler 1998;n/a;No;n/a
Portugal;41,02;-8,05;579872;4541411;Duero basins;Cabras;Varia;No evidence of megalithic chamber;ICEN-1266;5220;60;n/a;n/a;n/a;n/a;n/a;n/a;n/a;Charcoal;Surface ancient soil;Paleosol;Stockler 1998;n/a;Stockler 1998;n/a;No;n/a
Portugal;41,1811;-8,0497;579703;4559296;Duero basins;Outeiro de Gregos 3;Dolmen;n/a;KN-2766;5230;75;n/a;n/a;n/a;n/a;n/a;n/a;n/a;Charcoal;Debris tumulus;Mound;Mu¬Åller 1998, 82;n/a;Mu¬Åller 1998, 82;n/a;No;n/a
Spain;43,3903;-4,64778;852508;4813364;North;Sierra Plana de la Borbolla 24;Tumulus;n/a;OxA-6914;5230;50;n/a;n/a;n/a;n/a;n/a;n/a;n/a;Charcoal;n/a;n/a;Cabal et al 2000, 131;n/a;Cabal et al 2000, 131;n/a;No;n/a
Spain;37,7278;-5,4822;810040;4181442;South;Setefilla;Tumulus;n/a;I-11069;3470;95;n/a;n/a;n/a;n/a;n/a;n/a;n/a;Charcoal;Settlement, level 13;n/a;Garcia Sanjuan 2009, 19;n/a;Garc°a Sanjuan 2009, 19/Aubet Semmler et al 1983;n/a;Yes;Non megalithic site
Spain;42,2163;-8,6466;529168;4673852;North;Cotogrande 1;Dolmen;Paramegalithic/protomegalithic structure;GrN-17698;5239;80;n/a;n/a;n/a;n/a;n/a;n/a;n/a;Charcoal;Surface ancient soil in Chamber;Paleosol;Fabregas Valcarce, Vilaseco Vazquez 2003, 293-294;Abad 1992-1993;Fabregas Valcarce, Vilaseco Vazquez 2003, 293-294/Abad 1992/93;n/a;No;n/a
Spain;43,5336;-5,764;761474;4825161;North;Monte Areo V;Tumulus;n/a;UtC-9320;5239;43;n/a;n/a;n/a;n/a;n/a;n/a;n/a;Charcoal;n/a;n/a;IDEArq.org;n/a;IDEArq.org;n/a;No;n/a
Portugal;41,2014;-8,0079;583183;4561589;Duero basins;Chã da Parada 4;Dolmen;n/a;ICEN-890;5240;90;n/a;n/a;n/a;n/a;n/a;n/a;n/a;Charcoal;Basement tumulus;Mound soil;Boaventura 2009;Cruz 1995;Boaventura 2009/Cruz 1995;n/a;No;n/a
Portugal;41,2014;-8,0079;583183;4561589;Duero basins;Chã da Parada 4;Dolmen;n/a;ICEN-891;5240;70;n/a;n/a;n/a;n/a;n/a;n/a;n/a;Charcoal;Surface ancient soil;Paleosol;Boaventura 2009;Cruz 1995;Boaventura 2009/Cruz 1995;n/a;No;n/a
Spain;42,7811;-3,88222;918663;4749224;Ebro basin;La Cabaña;Passage grave;;GrN-18670;5240;65;n/a;n/a;n/a;n/a;n/a;n/a;n/a;Charcoal;Tumulus;Mound;Boaventura 2009;n/a;Boaventura 2009/Delibes de Castro, Rojo Guerra 1997 ;n/a;No;n/a
Spain;43,46734005;-7,87727992;590814;4813326;North;Illade 0;Tumulus;n/a;GrN-19210;5240;60;n/a;n/a;n/a;n/a;n/a;n/a;n/a;Charcoal;n/a;n/a;Carrero-Pazos 2017;n/a;Carrero-Pazos 2017;Geographic coordinates approximated;No;n/a
Spain;42,4164;-4,39111;879236;4706310;Duero basins;Velilla;Dolmen;n/a;GrN-16296;5250;50;n/a;n/a;n/a;n/a;n/a;n/a;n/a;Charcoal;Hearth, precedent;Mound;Cassen et al 1993, Tab 2, 513;n/a;Cassen et al 1993, Tab 2, 513;n/a;No;Also GrN-17166
Spain;37,1328;-1,89778;1131266;4133292;South;Gatas;Cist;n/a;OxA-4472;3520;80;n/a;n/a;n/a;n/a;n/a;n/a;n/a;Human bone;Tomb 37;Funerary area;Castro Garcia 1995/Garcia Sanjuan et al 2011;n/a;Castro Garcia 1995/Garcia Sanjuan et al 2011;DeltaR values from Monge Soares, Matos Martins 2010. ;Yes;Bronze age site
Spain;39,7806;-5,1484;829866;4410506;Tagus basins;Azután;Passage grave;n/a;Beta-157731;5250;40;n/a;n/a;n/a;n/a;n/a;n/a;C3 plants mainly;Charcoal;Chamber;Chamber;Bueno Ramirez et al 2005;Bueno Ramirez et al 2005;Bueno Ramirez et al 2005;n/a;No;n/a
Portugal;41,1901;-8,0258;581696;4560317;Duero basins;Meninas do Crasto 2;Dolmen;n/a;CSIC-656;5260;50;n/a;n/a;n/a;n/a;n/a;n/a;n/a;Charcoal;Burial ?;Funerary area;Mu¬Åller 1998, 82;Criado Boado, Fabregas Valcarce 1989;Mu¬Åller 1998, 82/Criado Boado, Fabregas Valcarce 1989, 685;n/a;No;n/a
Portugal;41,1901;-8,0258;581696;4560317;Duero basins;Meninas do Crasto 2;Dolmen;n/a;CSIC-657;5260;50;n/a;n/a;n/a;n/a;n/a;n/a;n/a;Charcoal;Burial ?;Funerary area;Mu¬Åller 1998, 82;Criado Boado, Fabregas Valcarce 1989;Mu¬Åller 1998, 82/Criado Boado, Fabregas Valcarce 1989, 685;n/a;No;n/a
Portugal;41,1901;-8,0258;581696;4560317;Duero basins;Meninas do Crasto 2;Dolmen;n/a;CSIC-658;5260;60;n/a;n/a;n/a;n/a;n/a;n/a;n/a;Charcoal;Burial ?;Funerary area;Mu¬Åller 1998, 82;Criado Boado, Fabregas Valcarce 1989;Mu¬Åller 1998, 82/Criado Boado, Fabregas Valcarce 1989, 685;n/a;No;n/a
Spain;43,527;-5,7798;760226;4824378;North;Monte Areo XII;Tumulus;n/a;CSIC-1379;5261;31;n/a;n/a;n/a;n/a;n/a;n/a;n/a;Wood;n/a;n/a;Arias Cabal et al 2000, 131;de Blas 1999;Arias Cabal et al 2000, 131/De Blas 1999;Geographic coordinates approximated;No;n/a
Spain;40,11161586;-3,851613377;938849;4452867;Tagus basins;Valdelasilla -St. 296;Grave;Oval-shaped structure;SUERC-122373;5269;23;n/a;n/a;n/a;n/a;n/a;n/a;n/a;Human bone;Mandible;Position primary;Barroso et al. 2026;Barroso et al. 2026;Barroso et al. 2026;n/a;No;n/a
Portugal;41,2081;-8,02581;581673;4562316;Duero basins;Furnas 1;Dolmen;Highly damaged, undetermined;CSIC-777;5270;70;n/a;n/a;n/a;n/a;n/a;n/a;n/a;Charcoal;Basement monument;Mound soil;Cruz 1995;n/a;Cruz 1995;n/a;No;n/a
Portugal;41,2077;-8,02581;581673;4562271;Duero basins;Furnas 2;Dolmen;n/a;CSIC-775;5270;70;n/a;n/a;n/a;n/a;n/a;n/a;n/a;Charcoal;Surface ancient soil;Paleosol;Cruz 1995;n/a;Cruz 1995;n/a;No;n/a
Spain;42,67327705;-3,717493601;932892;4738080;Ebro basin;Fuentepecina II;Dolmen;n/a;GrN-16073;5270;140;n/a;n/a;n/a;n/a;n/a;n/a;n/a;Charcoal;Ancient soil level 6;Paleosol;Cassen et al 1993, Tab 2, 513;n/a;Cassen et al 1993, Tab 2, 513;Geographic coordinates approximated;No;n/a
Spain;42,94;-2,15944;1058200;4776908;North;Igartza W;Tumulus;n/a;I-18214;5270;100;n/a;n/a;n/a;n/a;n/a;n/a;n/a;Charcoal;n/a;n/a;Cabal et al 2000, 131;n/a;Cabal et al 2000, 131;n/a;No;n/a
Portugal;41,29858712;-7,60981323;616421;4572960;Duero basins;Madorras I;Passage grave;n/a;CSIC-1030;5280;40;n/a;n/a;n/a;n/a;n/a;n/a;n/a;Charcoal;Between orthostats;Funerary area;Cruz 1995;n/a;Cruz 1995;n/a;No;n/a
Spain;43,527;-5,7798;760226;4824378;North;Monte Areo XII;Tumulus;n/a;UtC-7220;5284;42;n/a;n/a;n/a;n/a;n/a;n/a;n/a;Wood;n/a;n/a;Arias Cabal et al 2000, 131;de Blas 1999;Arias Cabal et al 2000, 131/De Blas 1999;Geographic coordinates approximated;No;n/a
Portugal;41,02;-8,05;579872;4541411;Duero basins;Cabras;Varia;No evidence of megalithic chamber;ICEN-1265;5290;50;n/a;n/a;n/a;n/a;n/a;n/a;n/a;Charcoal;Surface ancient soil;Paleosol;Stockler 1998;n/a;Stockler 1998;n/a;No;n/a
Spain;42,7447;-3,73;931371;4745949;Ebro basin;Ciella;Passage grave;n/a;GrN-12121;5290;40;n/a;n/a;n/a;n/a;n/a;n/a;n/a;Charcoal;Burial ?;Funerary area;Muller 1998, 88;n/a;Muller 1998, 88;n/a;No;n/a
Portugal;40,7125;-8,2439;563864;4507117;Duero basins;Antelas;Passage grave;n/a;OxA-5497;5295;60;n/a;n/a;n/a;n/a;n/a;n/a;n/a;Charcoal;Corridor;Corridor;Senna-Martinez, Ventura 2008;n/a;Senna-Martinez, Ventura 2008;n/a;No;n/a
Spain;43,08827185;-2,240243048;1050272;4792845;North;Trikuaizti I;Tumulus;n/a;I-14099;5300;140;n/a;n/a;n/a;n/a;n/a;n/a;n/a;Charcoal;n/a;n/a;Cabal et al 2000, 131;Mujika, Armendariz 1991;Cabal et al 2000, 131/Mujika, Armendariz 1991;The monument has traces of a simple chamber, but it is complex to determine its typology;No;n/a
Spain;37,8708;-6,13694;751835;4195344;South;La Traviesa;Cist;n/a;RCD-2110;3520;60;n/a;n/a;n/a;n/a;n/a;n/a;n/a;n/a;Cist nr. 20;Chamber;Garcia Sanjuan 1997;n/a;Garcia Sanjuan 1997;n/a;Yes;Bronze age site
Spain;41,17695193;-2,540366302;1041962;4578560;Duero basins;Tumulo de la Sima I;Rundgraber & calero tomb;n/a;Bln-5377;5303;34;n/a;n/a;n/a;n/a;n/a;n/a;n/a;Charcoal;n/a;n/a;Rojo et al 2008;n/a;Rojo et al 2008;n/a;No;n/a
Spain;43,44849;-6,28638;719571;4814198;North;La Cobertoria;Passage grave;n/a;MADN6629bb;5304;329;n/a;n/a;n/a;n/a;n/a;n/a;n/a;Mud clay;Exterior clay ring;Mound;Rodrv?guez del Cueto, Busto Zapico 2020;n/a;Rodriguez del Cueto, Busto Zapico 2020;n/a;No;n/a
Spain;42,6753;-3,7206;932624;4738289;Ebro basin;Rebolledo;Tumulus;n/a;GrN-19569;5305;30;n/a;n/a;n/a;n/a;n/a;n/a;n/a;Organic material;Burial, level 1/2;Funerary area;Boaventura 2009;Delibes de Castro, Rojo Guerra 1997 ;Boaventura 2009/Delibes de Castro, Rojo Guerra 1997 ;Geographic coordinates approximated;No;n/a
Spain;43,46734005;-7,87727992;590814;4813326;North;Illade 0;Tumulus;n/a;GrN-19208;5305;50;n/a;n/a;n/a;n/a;n/a;n/a;n/a;Charcoal;n/a;n/a;Carrero-Pazos 2017;n/a;Carrero-Pazos 2017;Geographic coordinates approximated;No;n/a
Spain;41,17695193;-2,540366302;1041962;4578560;Duero basins;Tumulo de la Sima I;Rundgraber & calero tomb;n/a;Bln-5362;5308;31;n/a;n/a;n/a;n/a;n/a;n/a;n/a;Charcoal;n/a;n/a;Rojo et al 2008;n/a;Rojo et al 2008;n/a;No;n/a
Spain;42,5747;-8,975;502051;4713588;North;Ventin 4;Tumulus;n/a;CSIC-1108;5320;40;n/a;n/a;n/a;n/a;n/a;n/a;n/a;Charcoal;Debris tumulus;Mound;Fabregas Valcarce, Vilaseco Vazquez 2003, 293-294;Alonso, Bello 1997;Fabregas Valcarce, Vilaseco Vazquez 2003, 293-294/Alonso, Bello 1997;n/a;Yes;Lack of contextual data
Spain;37,7278;-5,4822;810040;4181442;South;Setefilla;Tumulus;n/a;I-11070;3520;95;n/a;n/a;n/a;n/a;n/a;n/a;n/a;Charcoal;Settlement, level 14;n/a;Garcia Sanjuan 2009, 19;n/a;Garc°a Sanjuan 2009, 19/Aubet Semmler et al 1983;n/a;Yes;Non megalithic site
Spain;40,11161586;-3,851613377;938849;4452867;Tagus basins;Valdelasilla -St. 450;Grave;Circular chamber;Beta-602434;5320;30;n/a;n/a;n/a;n/a;n/a;n/a;n/a;Human bone;Cranium;Position secondary;Barroso et al. 2026;Barroso et al. 2026;Barroso et al. 2026;n/a;No;n/a
Portugal;40,7125;-8,2439;563864;4507117;Duero basins;Antelas;Passage grave;n/a;OxA-5496;5330;60;n/a;n/a;n/a;n/a;n/a;n/a;n/a;Charcoal;Corridor;Corridor;Senna-Martinez, Ventura 2008;n/a;Senna-Martinez, Ventura 2008;n/a;No;n/a
Spain;42,7134;-7,9119;589100;4729563;North;Mamoa do Monte dos Marxos;Passage grave;n/a;CAMS-77924;5330;80;n/a;n/a;n/a;n/a;n/a;n/a;n/a;Charcoal;Painting with black charcoal;Painting;Steelman et al 2005;n/a;Steelman et al 2005;n/a;No;n/a
Spain;43,5336;-5,764;761474;4825161;North;Monte Areo V;Tumulus;n/a;GrN-22027;5330;50;n/a;n/a;n/a;n/a;n/a;n/a;n/a;Charcoal;n/a;n/a;Arias Cabal et al 2000, 131;de Blas 1999;Arias Cabal et al 2000, 131/De Blas 1999;n/a;No;n/a
Andorra;42,55677867;1,53930551;1365591;4765760;East;Tomba de Segudet;Cist;Protomegalithic structure;Beta-160374;5350;40;n/a;n/a;n/a;n/a;n/a;n/a;n/a;Human bone;SU 17;n/a;Garcia Sanjuan et al. 2022;Garcia Sanjuan et al. 2022;Garcia Sanjuan et al. 2022;n/a;No;n/a
Spain;40,11161586;-3,851613377;938849;4452867;Tagus basins;Valdelasilla -St. 451;Grave;Circular pit;Beta-602436;5350;30;n/a;n/a;n/a;n/a;n/a;n/a;n/a;Human bone;Cranium;Position secondary;Barroso et al. 2026;Barroso et al. 2026;Barroso et al. 2026;n/a;No;n/a
Portugal;40,94;-7,35;638896;4533407;Duero basins;Lameira de Cima 2;Passage grave;n/a;OxA-5102;5360;55;n/a;n/a;n/a;n/a;n/a;n/a;n/a;Charcoal;Corridor;Corridor;Cruz 1995;n/a;Cruz 1995;n/a;No;n/a
Spain;37,33249;-1,74811;1142879;4156505;South;El Oficio;Rock-cut-tomb, artificial cave & hypogeum;n/a;OxA-4968;3530;50;-17,6;n/a;n/a;n/a;n/a;n/a;n/a;n/a;Funerary context;Funerary area;Castro et al 1993-1994;Castro et al 1993-1994;Lozano Medina 2017;n/a;Yes;Non megalithic site
Spain;37,1328;-1,89778;1131266;4133292;South;Gatas;Cist;n/a;OxA-3969;3530;60;n/a;n/a;n/a;n/a;n/a;n/a;n/a;Human bone;Tomb 33;Funerary area;Castro Garcia 1995/Garcia Sanjuan et al 2011;n/a;Castro Garcia 1995/Garcia Sanjuan et al 2011;DeltaR values from Monge Soares, Matos Martins 2010. ;Yes;Bronze age site
Spain;43,527;-5,7798;760226;4824378;North;Monte Areo XII;Tumulus;n/a;UtC-7219;5368;42;n/a;n/a;n/a;n/a;n/a;n/a;n/a;Wood;n/a;n/a;Arias Cabal et al 2000, 131;de Blas 1999;Arias Cabal et al 2000, 131/De Blas 1999;Geographic coordinates approximated;No;n/a
Spain;43,527;-5,7798;760226;4824378;North;Monte Areo XII;Tumulus;n/a;UtC-7217;5368;44;n/a;n/a;n/a;n/a;n/a;n/a;n/a;Wood;n/a;n/a;Arias Cabal et al 2000, 131;de Blas 1999;Arias Cabal et al 2000, 131/De Blas 1999;Geographic coordinates approximated;No;n/a
Spain;42,67318785;-3,717150243;932921;4738072;Ebro basin;Fuentepecina II;Dolmen;n/a;GrN-18669;5375;45;n/a;n/a;n/a;n/a;n/a;n/a;n/a;Charcoal;Chamber level 6;Chamber;Boaventura 2009;Delibes de Castro, Rojo Guerra 1997 ;Boaventura 2009/Delibes de Castro, Rojo Guerra 1997 ;Geographic coordinates approximated;No;n/a
Spain;42,56283144;-2,594060968;1025917;4732199;Ebro basin;San Martin;Passage grave;n/a;Beta-339342[bis];5380;40;n/a;n/a;n/a;n/a;n/a;n/a;C3 plants and terrestrial animals;Human bone;Ritual scraper;n/a;Fernandez Eraso, Mujika Alustiza 2015;n/a;Fernandez Eraso, Mujika Alustiza 2015;n/a;No;n/a
Spain;37,1328;-1,89778;1131266;4133292;South;Gatas;Cist;n/a;OxA-3965;3560;60;n/a;n/a;n/a;n/a;n/a;n/a;n/a;Human bone;Tomb 26;Funerary area;Castro Garcia 1995/Garcia Sanjuan et al 2011;n/a;Castro Garcia 1995/Garcia Sanjuan et al 2011;DeltaR values from Monge Soares, Matos Martins 2010. ;Yes;Bronze age site
Spain;37,1328;-1,89778;1131266;4133292;South;Gatas;Cist;n/a;OxA-4475;3570;65;n/a;n/a;n/a;n/a;n/a;n/a;n/a;Human bone;Tomb 28;Funerary area;Castro Garcia 1995/Garcia Sanjuan et al 2011;n/a;Castro Garcia 1995/Garcia Sanjuan et al 2011;DeltaR values from Monge Soares, Matos Martins 2010. ;Yes;Bronze age site
Spain;42,73144374;-8,34430026;553677;4731201;North;Monte dos Escurros;Tumulus;n/a;Ua-22222;5390;50;n/a;n/a;n/a;n/a;n/a;n/a;n/a;Charcoal;UE024;n/a;Parga, Prieto 2010;n/a;Parga, Prieto 2010;n/a;No;n/a
Portugal;41,2;-8,03;581331;4561412;Duero basins;Monte da Olheira;Dolmen;n/a;GrN-15331;5400;40;n/a;n/a;n/a;n/a;n/a;n/a;n/a;Charcoal;Hearth;Mound;Mu¬Åller 1998, 82;Criado Boado, Fabregas Valcarce 1989;Mu¬Åller 1998, 82/Criado Boado, Fabregas Valcarce 1989, 685;n/a;No;n/a
Spain;42,4178;2,986944;1486827;4766334;East;Dolmen d`Arreganyats;Passage grave;n/a;UGRA-148;5400;100;n/a;n/a;n/a;n/a;n/a;n/a;n/a;Human bone;Base of the corridor,in the chamber a lanceolate arrowhead (supports radiocarbon date);Corridor;Muller 1998, 87;Cassen et al 1996;Muller 1998, 87/Cassen et al 1996, 515;n/a;No;n/a
Spain;42,9489595;-2,2596217;1049942;4777240;North;Otsaarte;Dolmen;Highly damaged. Indetermined;GrA-15967;5400;50;n/a;n/a;n/a;n/a;n/a;n/a;n/a;Charcoal;n/a;n/a;Mujika Alustiza 2017, 95;n/a;Mujika Alustiza 2017, 95;n/a;No;n/a
Spain;39,6556;-7,51472;627420;4390587;Tagus basins;Joaninha;Passage grave;n/a;Sac-1380;5400;210;n/a;n/a;n/a;n/a;n/a;n/a;n/a;Charcoal;n/a;n/a;Forte Oliveira 1998;n/a;Forte Oliveira 1998;n/a;No;n/a
Spain;43,527;-5,7798;760226;4824378;North;Monte Areo XII;Tumulus;n/a;UtC-7218;5404;41;n/a;n/a;n/a;n/a;n/a;n/a;n/a;Wood;n/a;n/a;Arias Cabal et al 2000, 131;de Blas 1999;Arias Cabal et al 2000, 131/De Blas 1999;Geographic coordinates approximated;No;n/a
Spain;43,1969;-3,41667;953677;4797836;North;La Cabaña 2;Dolmen;n/a;Ua-3231;5405;65;n/a;n/a;n/a;n/a;n/a;n/a;n/a;Charcoal;n/a;n/a;Cabal et al 2000, 131;n/a;Cabal et al 2000, 131;n/a;No;n/a
Spain;37,33249;-1,74811;1142879;4156505;South;El Oficio;Rock-cut-tomb, artificial cave & hypogeum;n/a;OxA-4970;3635;60;-18;n/a;n/a;n/a;n/a;n/a;n/a;n/a;Funerary context;Funerary area;Castro et al 1993-1994;Castro et al 1993-1994;Lozano Medina 2017;n/a;Yes;Non megalithic site
Portugal;41,2014;-8,0079;583183;4561589;Duero basins;Chã da Parada 4;Dolmen;n/a;ICEN-169;5420;40;n/a;n/a;n/a;n/a;n/a;n/a;n/a;Charcoal;Layer 2 basement tumulus;Mound soil;Boaventura 2009;Cruz 1995;Boaventura 2009/Cruz 1995;n/a;No;n/a
Portugal;42,0732;-8,1063;573929;4658289;North;Portela do Pau 2;Dolmen;n/a;CSIC-1121;5435;44;n/a;n/a;n/a;n/a;n/a;n/a;n/a;Charcoal;n/a;n/a;Boaventura 2009;n/a;Boaventura 2009;n/a;No;n/a
Portugal;42,0733;-8,10365;574148;4658303;North;Portela do Pau 1;Passage grave;Undifferentiated floor plan and corridor;CSIC-1003;5440;35;n/a;n/a;n/a;n/a;n/a;n/a;n/a;Charcoal;Ancient soil;Paleosol;Cruz 1995;n/a;Cruz 1995;n/a;No;n/a
Portugal;41,1475;-8,0831;576940;4555536;Duero basins;Cha de Carvalhal 1;Dolmen;Closed chamber consisting of six orthostats;OxA-1849;5450;80;n/a;n/a;n/a;n/a;n/a;n/a;n/a;Charcoal;Surface ancient soil;Paleosol;Boaventura 2009;Cruz 1995;Boaventura 2009/Cruz 1995;n/a;No;n/a
Spain;42,75681212;-8,292644174;557882;4734052;North;Chousa Nova 1;Cist;n/a;Beta-277240;5450;40;n/a;n/a;n/a;n/a;n/a;n/a;n/a;Wood;Wood trunk under mound;Mound soil;Boveda Fernandez, Vilaseco Vazquez, 2015;n/a;Boveda Fernandez, Vilaseco Vazquez, 2015;n/a;No;n/a
Portugal;41,2014;-8,0079;583183;4561589;Duero basins;Chã da Parada 4;Dolmen;n/a;ICEN-162;5470;45;n/a;n/a;n/a;n/a;n/a;n/a;n/a;Charcoal;Layer 1, basement tumulus;Mound soil;Boaventura 2009;Cruz 1995;Boaventura 2009/Cruz 1995;n/a;No;n/a
Spain;42,9395;-8,3958;549295;4754273;North;Catasol 2;Varia;n/a;CSIC-984;5470;35;n/a;n/a;n/a;n/a;n/a;n/a;n/a;Charcoal;Surface ancient soil,chamber not excavated;Paleosol;Fabregas Valcarce, Vilaseco Vazquez 2003, 293-294;Filgueiras Rey 1992;Fabregas Valcarce/Vilaseco Vazquez 2003, 293-294/Filgueiras Rey 1992;n/a;Yes;Lack of contextual data
Spain;43,5336;-5,764;761474;4825161;North;Monte Areo V;Tumulus;n/a;GrN-22026;5470;90;n/a;n/a;n/a;n/a;n/a;n/a;n/a;Charcoal;n/a;n/a;Arias Cabal et al 2000, 131;de Blas 1999;Arias Cabal et al 2000, 131/De Blas 1999;n/a;No;n/a
Spain;37,35356675;-2,368442066;1087654;4154782;South;El Plantonal;Varia;n/a;MAD-505;3841;335;n/a;n/a;n/a;n/a;n/a;n/a;n/a;n/a;Surface. Dated by TL;Mound;Roman et al 2000/Roman et al 2005;n/a;Roman et al 2000/Roman et al 2005/Lozano Medina 2017;Geographic coordinates approximated;Yes;Non megalithic site
Spain;43,3604827;-3,381689403;955295;4816198;North;Hayas I;Dolmen;n/a;GrN-21232;5490;120;n/a;n/a;n/a;n/a;n/a;n/a;n/a;Charcoal;n/a;n/a;Cabal et al 2000, 131;de Blas 1999/Serna Gonzv°lez, Villar Quinteiro 1997;Cabal et al 2000, 131;n/a;No;n/a
Spain;37,34262173;-2,123684451;1109459;4155126;South;Tumba Torroba;Varia;n/a;MAD-3782;3851;453;n/a;n/a;n/a;n/a;n/a;n/a;n/a;n/a;Surface. Dated by TL;Mound;Martinez et al 2006;n/a;Martinez et al 2006/Lozano Medina 2017;Geographic coordinates approximated;Yes;Non megalithic site
Portugal;41,1856;-8,0402;580494;4559804;Duero basins;Outeiro de Gregos 2;Dolmen;n/a;KN-2768;5500;70;n/a;n/a;n/a;n/a;n/a;n/a;n/a;Charcoal;Debris tumulus;Mound;Mu¬Åller 1998, 82;n/a;Mu¬Åller 1998, 82;n/a;No;n/a
Spain;43,1757;-3,4123;954190;4795505;North;Boheriza 2;Dolmen;Cistoid structure;Ua-3228;5500;100;n/a;n/a;n/a;n/a;n/a;n/a;n/a;Charcoal;n/a;n/a;Cabal et al 2000, 131;de Blas 1999;Cabal et al 2000, 131/de Blas 1999;n/a;No;n/a
Spain;43,66992356;-7,743251244;601316;4835980;North;Forno dos Mouros 5;Dolmen;n/a;Ua-20010;5500;50;n/a;n/a;n/a;n/a;n/a;n/a;n/a;Organic material;Inner chamber;Chamber;Mañana Borrazas 2005;n/a;Mav±ana Borrazas 2005;n/a;No;n/a
Portugal;41,2014;-8,0079;583183;4561589;Duero basins;Chã da Parada 4;Dolmen;n/a;ICEN-170;5530;300;n/a;n/a;n/a;n/a;n/a;n/a;n/a;Charcoal;n/a;n/a;Boaventura 2009, annex 3;Cruz 1995;"Boaventura 2009, annex 3; Cruz 1995";n/a;No;n/a
Portugal;41,191;-8,0348;580940;4560409;Duero basins;Outeiro de Ante 3;Dolmen;n/a;Gif-4858;5540;90;n/a;n/a;n/a;n/a;n/a;n/a;n/a;Charcoal;Debris tumulus;Mound;Cruz 1995;n/a;Cruz 1995;n/a;No;n/a
Spain;42,7227;-7,9069;589496;4730601;North;Coto dos Mouros;Passage grave;n/a;CAMS-83631;5540;70;n/a;n/a;n/a;n/a;n/a;n/a;n/a;Charcoal;Painting with black charcoal;Painting;Steelman et al 2005;n/a;Steelman et al 2005;n/a;No;n/a
Spain;42,017;2,4394;1447763;4715441;East;El Padró II;Cist;n/a;UBAR-116;5580;130;n/a;n/a;n/a;n/a;n/a;n/a;n/a;Charcoal;From tumulus or chamber, burial with Montbolo material;Mound;Cruells et al 1992, 245;Mestres Torres et al 1996;Cruells et al 1992, 245;n/a;No;n/a
Spain;42,017;2,4394;1447763;4715441;East;El Padró II;Cist;n/a;UBAR-113;5600;130;n/a;n/a;n/a;n/a;n/a;n/a;n/a;Charcoal;From tumulus or chamber, burial with Montbolo material;Mound;Cruells et al 1992, 245;Mestres Torres et al 1996;Cruells et al 1992, 245;n/a;No;n/a
Portugal;38,943508;-8,030069;584900;4312300;South;Anta de Pardais 3;Passage grave;Corridor;Beta-590465;3870;30;-19,7;8,4;n/a;n/a;n/a;n/a;n/a;Human bone;Radius;UE18;Valera, Pereiro 2022;;Valera, Pereiro 2022;;Yes;n/a
Spain;37,35356675;-2,368442066;1087654;4154782;South;El Plantonal;Varia;n/a;MAD-504;3989;358;n/a;n/a;n/a;n/a;n/a;n/a;n/a;n/a;Surface. Dated by TL;Mound;Roman et al 2000/Roman et al 2005;n/a;Roman et al 2000/Roman et al 2005/Lozano Medina 2017;Geographic coordinates approximated;Yes;Non megalithic site
Portugal;41,2;-8,03;581331;4561412;Duero basins;Monte da Olheira;Dolmen;n/a;UGRA-287;5630;90;n/a;n/a;n/a;n/a;n/a;n/a;n/a;Charcoal;Hearth;Mound;Mu¬Åller 1998, 82;Criado Boado, Fabregas Valcarce 1989;Mu¬Åller 1998, 82/Criado Boado, Fabregas Valcarce 1989, 685;n/a;No;n/a
Spain;43,66992356;-7,743251244;601316;4835980;North;Forno dos Mouros 5;Dolmen;Dolmen;UA-20009;5635;50;n/a;n/a;n/a;n/a;n/a;n/a;n/a;Organic material;Sediment. Inner chamber;Mound soil;Mañana Borrazas 2005;n/a;Mav±ana Borrazas 2005;n/a;No;n/a
Spain;37,38299324;-2,206848022;1101754;4159076;South;Cerro del Barrio 9;Varia;n/a;MAD-3385;4130;463;n/a;n/a;n/a;n/a;n/a;n/a;n/a;n/a;Surface. Dated by TL;Mound;Roman et al 2005;n/a;Roman et al 2005/Lozano Medina 2017;Geographic coordinates approximated;Yes;Non megalithic site
Spain;37,35356675;-2,368442066;1087654;4154782;South;La Ruina;Varia;n/a;MAD-508;4206;351;n/a;n/a;n/a;n/a;n/a;n/a;n/a;n/a;Surface. Dated by TL;Mound;Roman et al 2000/Roman et al 2005;n/a;Roman et al 2000/Roman et al 2005/Lozano Medina 2017;Geographic coordinates approximated;Yes;High STD
Portugal;38,943508;-8,030069;584900;4312300;South;Anta de Pardais 3;Passage grave;Corridor;Beta-590464;4230;30;-19,3;8,8;n/a;n/a;n/a;n/a;n/a;Human bone;Tibia;UE23;Valera, Pereiro 2022;;Valera, Pereiro 2022;;Yes;n/a
Spain;37,35356675;-2,368442066;1087654;4154782;South;La Ruina;Varia;n/a;MAD-507;4368;377;n/a;n/a;n/a;n/a;n/a;n/a;n/a;n/a;Surface. Dated by TL;Mound;Roman et al 2000/Roman et al 2005;n/a;Roman et al 2000/Roman et al 2005/Lozano Medina 2017;Geographic coordinates approximated;Yes;High STD
Spain;42,7111;-3,78333;927236;4741945;Ebro basin;Valdemuriel 1;Passage grave;n/a;Grn-14128;5670;110;n/a;n/a;n/a;n/a;n/a;n/a;n/a;Charcoal;Under tumulus;Mound soil;Cassen et al 1993, Tab 2, 513;n/a;Cassen et al 1993, Tab 2, 513;n/a;No;n/a
Portugal;41,1444;-8,0851;576776;4555190;Duero basins;Monte Maninho;Dolmen;Highly damaged. Indetermined;CSIC-755;5680;80;n/a;n/a;n/a;n/a;n/a;n/a;n/a;Charcoal;Under tumulus;Mound soil;Cruz 1995;n/a;Cruz 1995;n/a;No;n/a
Spain;42,9395;-8,3958;549295;4754273;North;Catasol 2;Varia;n/a;CSIC-985;5680;35;n/a;n/a;n/a;n/a;n/a;n/a;n/a;Charcoal;From the tumulus, chamber not excavated;Mound;Fabregas Valcarce, Vilaseco Vazquez 2003, 293-294;Alonso, Bello 1997;Fabregas Valcarce, Vilaseco Vazquez 2003, 293-294/Alonso/Bello 1997;n/a;Yes;Lack of contextual data
Portugal;38,943508;-8,030069;584900;4312300;South;Anta de Pardais 3;Passage grave;Corridor;Beta-590466;4410;30;-19,3;10,2;n/a;n/a;n/a;n/a;n/a;Human bone;Illion;UE4;Valera, Pereiro 2022;;Valera, Pereiro 2022;;Yes;n/a
Portugal;41,0465;-7,4713;628477;4545044;Duero basins;Areita 1;Passage grave;n/a;CSIC-1327;5699;31;n/a;n/a;n/a;n/a;n/a;n/a;n/a;Charcoal;Under the floor of the chamber;Paleosol;Senna-Martinez, Ventura 2008;n/a;Senna-Martinez, Ventura 2008;n/a;No;n/a
Spain;39,9915;-4,2092;909075;4437819;Tagus basins;El Castillejo;Tumulus;n/a;Beta-132917;5710;150;n/a;n/a;n/a;n/a;n/a;n/a;C3 plants and terrestrial animals;Human bone;Burial, Individual 4;Funerary area;Garcia Sanjuan et al 2011, Tab 2;Bueno Ramirez et al 1999;Garcia Sanjuan  et al 2011/Bueno Ramirez et al 1999;n/a;No;n/a
Spain;39,7806;-5,1484;829866;4410506;Tagus basins;Azután;Passage grave;n/a;Ly-4578;5750;130;n/a;n/a;n/a;n/a;n/a;n/a;C3 plants mainly;Human bone;Chamber;Chamber;Mu¬Åller 1998, 82;Bueno Ramirez 1991, 113;Mu¬Åller 1998, 82/Bueno Ramirez 1991, 113;n/a;No;n/a
Portugal;38,187811;-7,502853;631113;4227712;South;Sobreira de Cima 2;Rock-cut-tomb, artificial cave & hypogeum;n/a;SBC 5;4897;259;n/a;n/a;n/a;n/a;n/a;n/a;n/a;Sediment (quartz);Entrance pit. Dated by OSL;Mound soil;Dias et al 2008;n/a;Dias et al 2008/Lozano Medina 2017;n/a;Yes;Aberrant for the regional context
Spain;42,017;2,4394;1447763;4715441;East;El Padró II;Cist;n/a;UBAR-114;5770;80;n/a;n/a;n/a;n/a;n/a;n/a;n/a;Charcoal;From tumulus or chamber, burial with Montbolo material;Mound;Cruells et al 1992, 245;Mestres Torres et al 1996;Cruells et al 1992, 245;n/a;No;n/a
Portugal;41,191;-8,0348;580940;4560409;Duero basins;Outeiro de Ante 3;Dolmen;n/a;Gif-4857;5780;80;n/a;n/a;n/a;n/a;n/a;n/a;n/a;Charcoal;Debris tumulus;Mound;Cruz 1995;n/a;Cruz 1995;n/a;No;n/a
Spain;42,0263;2,4321;1447017;4716394;East;Font de la Venta;Varia;n/a;UBAR-60;5780;290;n/a;n/a;n/a;n/a;n/a;n/a;n/a;Charcoal;From tumulus or chamber, burial with Montbolo material;Mound;Cruells et al. 1992, 245;Mestres Torres et al 1991;Cruells et al 1992, 245;n/a;Yes;Dates are older than expected by archaeologists according to Mestres Torres et al. 1991, 359. Outlier
Spain;37,57573807;-4,163679444;927181;4169753;South;Cerro Almanzora;Varia;n/a;MAD-2537;5139;525;n/a;n/a;n/a;n/a;n/a;n/a;n/a;n/a;Surface. Dated by TL;Mound;Roman et al 2005;n/a;Roman et al 2005/Lozano Medina 2017;Geographic coordinates approximated;Yes;Non megalithic site
Portugal;41,1444;-8,0851;576776;4555190;Duero basins;Monte Maninho;Dolmen;Highly damaged. Indetermined;GrN-15569;5805;40;n/a;n/a;n/a;n/a;n/a;n/a;n/a;Charcoal;Under tumulus;Mound soil;Cruz 1995;n/a;Cruz 1995;n/a;No;n/a
Portugal;38,1723;-7,6333;619714;4225814;South;Sobreira de Cima 1;Rock-cut-tomb, artificial cave & hypogeum;n/a;SBC 3;5231;369;n/a;n/a;n/a;n/a;n/a;n/a;n/a;Sediment (quartz);Funerary chamber. Dated by OSL;Chamber;Dias et al 2008;n/a;Dias et al 2008/Lozano Medina 2017;n/a;Yes;Aberrant for the regional context
Spain;37,38302321;-2,20695661;1101744;4159079;South;Cerro del Barrio 1;Varia;n/a;MAD-3382;5363;534;n/a;n/a;n/a;n/a;n/a;n/a;n/a;n/a;Surface. Dated by TL;Mound;Roman et al 2005;n/a;Roman et al 2005/Lozano Medina 2017;Geographic coordinates approximated;Yes;Non megalithic site
Spain;43,46734;-7,87728;590814;4813326;North;Illade 0;Tumulus;n/a;Beta-51900;5820;160;n/a;n/a;n/a;n/a;n/a;n/a;n/a;Charcoal;n/a;n/a;Carrero-Pazos 2017;n/a;Carrero-Pazos 2017;Geographic coordinates approximated;No;n/a
Spain;43,5378;-5,75472;762206;4825657;North;Monte Areo VI;Dolmen;Cistoid structure of cuadrangular shape (1x1m);GrN-19123;5820;70;n/a;n/a;n/a;n/a;n/a;n/a;n/a;Charcoal;n/a;n/a;Arias Cabal et al 2000, 131;de Blas 1999;Arias Cabal et al 2000, 131/De Blas 1999;n/a;No;n/a
Portugal;41,0465;-7,4713;628477;4545044;Duero basins;Areita 1;Passage grave;n/a;Sac-1508;5830;50;n/a;n/a;n/a;n/a;n/a;n/a;n/a;Charcoal;Basement chamber;Mound soil;Cruz et al 2003;Gomes et al 1998;Cruz et al 2003/Gomes et al 1998;n/a;No;n/a
Spain;37,38296949;-2,206944774;1101746;4159073;South;Cerro del Barrio 4;Varia;n/a;MAD-3383;5381;378;n/a;n/a;n/a;n/a;n/a;n/a;n/a;n/a;Surface. Dated by TL;Mound;Roman et al 2005;n/a;Roman et al 2005/Lozano Medina 2017;Geographic coordinates approximated;Yes;Non megalithic site
Spain;37,38311049;-2,206927058;1101746;4159089;South;Cerro del Barrio 7;Varia;n/a;MAD-3384;5389;380;n/a;n/a;n/a;n/a;n/a;n/a;n/a;n/a;Surface. Dated by TL;Mound;Roman et al 2005;n/a;Roman et al 2005/Lozano Medina 2017;Geographic coordinates approximated;Yes;Non megalithic site
Portugal;41,1475;-8,0831;576940;4555536;Duero basins;Cha de Carvalhal 1;Dolmen;Closed chamber consisting of six orthostats;UGRA-355;5860;60;n/a;n/a;n/a;n/a;n/a;n/a;n/a;Charcoal;Ancient soil;Paleosol;Boaventura 2009;Cruz 1995;Boaventura 2009/Cruz 1995;n/a;No;n/a
Spain;36,4456;-6,21;750063;4036992;South;Campo de Hockey;Varia;n/a;CNA-835;5485;30;n/a;n/a;n/a;n/a;-135;20;n/a;Shell;Circular structure (pit) Trench 2-UE205;Domestic pit;Vijande Vila et al 2015;n/a;n/a;DeltaR values from Monge Soares, Matos Martins 2010;Yes;Non megalithic structure
Spain;37,40986043;-6,059052883;760292;4144401;South;Montelirio;Tholos;n/a;Ua-39533;5491;387;n/a;n/a;n/a;n/a;n/a;n/a;n/a;Painting;n/a;Painting;Bayliss et al 2017;n/a;Bayliss et al 2017;n/a;Yes;Outlier
Spain;42,017;2,4394;1447763;4715441;East;El Padró II;Cist;n/a;UBAR-115;5870;100;n/a;n/a;n/a;n/a;n/a;n/a;n/a;Charcoal;From tumulus or chamber, burial with Montbolo material;Mound;Cruells et al 1992, 245;Mestres Torres et al 1996;Cruells et al 1992, 245;n/a;No;n/a
Spain;42,3754;-8,6466;529095;4691518;North;Chan da Cruz 1;Varia;n/a;GaK-11395;5890;120;n/a;n/a;n/a;n/a;n/a;n/a;n/a;Charcoal;Hearth ancient soil;Mound soil;Fabregas Valcarce, Vilaseco Vazquez 2003, 293-294;Fabregas Valcarce 1988;Fabregas Vilcarce/Vilaseco Vazquez 2003, 293-294/Fabregas Valcarce 1988;n/a;Yes;Lack of contextual data
Portugal;38,1723;-7,6333;619714;4225814;South;Sobreira de Cima 1;Rock-cut-tomb, artificial cave & hypogeum;n/a;SBC 2;5618;356;n/a;n/a;n/a;n/a;n/a;n/a;n/a;Sediment (quartz);Funerary chamber. Dated by OSL;Chamber;Dias et al 2008;n/a;Dias et al 2008/Lozano Medina 2017;n/a;Yes;Aberrant for the regional context
Portugal;41,1919;-8,03478;580941;4560509;Duero basins;Outeiro de Ante 2;Dolmen;n/a;GaK-10937;5920;130;n/a;n/a;n/a;n/a;n/a;n/a;n/a;Charcoal;Debris tumulus;Mound;Cruz 1995;n/a;Cruz 1995;n/a;No;n/a
Portugal;38,187811;-7,502853;631113;4227712;South;Sobreira de Cima 2;Rock-cut-tomb, artificial cave & hypogeum;n/a;SBC 4;5619;369;n/a;n/a;n/a;n/a;n/a;n/a;n/a;Sediment (quartz);Entrance pit. Dated by OSL;Mound soil;Dias et al 2008;n/a;Dias et al 2008/Lozano Medina 2017;n/a;Yes;Aberrant for the regional context
Portugal;41,0465;-7,4713;628477;4545044;Duero basins;Areita 1;Passage grave;n/a;Sac-1514;5970;60;n/a;n/a;n/a;n/a;n/a;n/a;n/a;Charcoal;Basement chamber;Mound soil;Cruz et al 2003;Gomes et al 1998;Cruz et al 2003/Gomes et al 1998;n/a;No;n/a
Spain;42,6256;-8,9375;505125;4719241;North;Alto da Barreira;Tumulus;n/a;CSIC-1039;6030;30;n/a;n/a;n/a;n/a;n/a;n/a;n/a;Charcoal;Debris tumulus;Mound;Fabregas Valcarce, Vilaseco Vazquez 2003, 293-294;Alonso, Bello 1997;Fabregas Valcarce, Vilaseco Vazquez 2003, 293-294/Alonso/Bello 1997;n/a;Yes;Aberrant
Portugal;37,1991;-8,588;536562;4117039;South;Alcalar 7;Tholos;n/a;Beta-180978;5810;40;n/a;n/a;n/a;n/a;n/a;n/a;n/a;Charcoal;Under tumulus, layer 1;Mound soil;Moran, Parreira 2004;n/a;Carvalho 2008;n/a;Yes;Aberrant. Date too old for a tholos
Portugal;38,187811;-7,502853;631113;4227712;South;Sobreira de Cima 2;Rock-cut-tomb, artificial cave & hypogeum;n/a;SBC 6;6041;334;n/a;n/a;n/a;n/a;n/a;n/a;n/a;Sediment (quartz);Entrance pit. Dated by OSL;Mound soil;Dias et al 2008;n/a;Dias et al 2008/Lozano Medina 2017;n/a;Yes;Aberrant for the regional context
Spain;43,0636;-8,98556;501175;4767877;North;Anta de Serramo;Passage grave;n/a;CAMS-88195;6050;110;n/a;n/a;n/a;n/a;n/a;n/a;n/a;Charcoal;Painting with black charcoal;Painting;Steelman et al 2005;n/a;Steelman et al 2005;n/a;Yes;Outlier
Portugal;41,2037;-8,04764;579848;4561807;Duero basins;Cabritos 3;Passage grave;n/a;Gif-7020;6100;70;n/a;n/a;n/a;n/a;n/a;n/a;n/a;Charcoal;Tumulus;Mound;Cruz 1995;n/a;Cruz 1995;n/a;Yes;Outlier
Spain;42,4164;-4,39111;879236;4706310;Duero basins;Velilla;Dolmen;n/a;GrN-20327;6130;190;n/a;n/a;n/a;n/a;n/a;n/a;n/a;Charcoal;n/a;n/a;Jiménez Guijarro 2010;n/a;Jiménez Guijarro 2010;n/a;Yes;Aberrant
Portugal;41,1475;-8,0831;576940;4555536;Duero basins;Cha de Carvalhal 1;Dolmen;Closed chamber consisting of six orthostats;OxA-1848;6150;80;n/a;n/a;n/a;n/a;n/a;n/a;n/a;Charcoal;Ancient soil;Paleosol;Boaventura 2009;Cruz 1995;Boaventura 2009/Cruz 1995;n/a;No;n/a
Portugal;41,02;-8,05;579872;4541411;Duero basins;Cabras;Passage grave;n/a;CSIC-1055;6160;70;n/a;n/a;n/a;n/a;n/a;n/a;n/a;Charcoal;Layer 3;n/a;Cruz 1995;n/a;Cruz 1995;n/a;Yes;Outlier
Spain;37,2678;-1,7958;1139196;4148988;South;Cerro Virtud;Varia;n/a;Beta-101424;6160;180;n/a;n/a;n/a;n/a;n/a;n/a;n/a;Charcoal;B3 Phase 1;Funerary area;http://www.idearqueologia.org/c14/?ln=es#fila-tabla;Ruiz Taboada/Montero Ruiz 1999;n/a;n/a;Yes;Outlier
Spain;42,0263;2,4321;1447017;4716394;East;Font de la Venta;Varia;n/a;UBAR-61;6190;100;n/a;n/a;n/a;n/a;n/a;n/a;n/a;Charcoal;From tumulus or chamber, burial with Montbolo material;Mound;Cruells et al 1992, 245;Mestres Torres et al 1991;Cruells et al 1992, 245;n/a;Yes;Dates are older than expected by archaeologists according to Mestres Torres et al 1991, 359. Outlier
Portugal;39,4762;-7,35915;641130;4370908;Tagus basins;Figueira Branca;Varia;n/a;ICEN-823(bis);6210;60;n/a;n/a;n/a;n/a;n/a;n/a;n/a;Charcoal;n/a;n/a;Boaventura 2009;Oliveira 1997;Oliveira 1997/Boaventura 2009;n/a;Yes;Probably is dating moments before the construction of the chamber. Outlier
Portugal;41,1924;-8,03621;580820;4560563;Duero basins;Outeiro de Ante 1;Dolmen;n/a;Gif-8291;6310;80;n/a;n/a;n/a;n/a;n/a;n/a;n/a;Charcoal;Ancient soil;Paleosol;Cruz 1995;n/a;Cruz 1995;n/a;No;n/a
Portugal;41,1475;-8,0831;576940;4555536;Duero basins;Cha de Carvalhal 1;Dolmen;Closed chamber consisting of six orthostats;OxA-1850;6340;80;-26;n/a;n/a;n/a;n/a;n/a;n/a;Charcoal;Ancient soil;Paleosol;Boaventura 2009;Cruz 1995;Boaventura 2009/Cruz 1995;n/a;No;n/a
Portugal;39,4091;-7,3144;645118;4363531;Tagus basins;Anta das Castelhanas;Varia;n/a;ICEN-1264;6360;110;n/a;n/a;n/a;n/a;n/a;n/a;n/a;Charcoal;n/a;n/a;Garcia Sanjuan 2006,152;Odriozola et al 2016;Garcia Sanjuan 2006,152/Odriozola et al 2016;n/a;Yes;Outlier. Probably is dating moments before the construction of the chamber
Spain;42,7111;-3,78333;927236;4741945;Ebro basin;Valdemuriel 2;Passage grave;n/a;GrN-14494;6565;45;n/a;n/a;n/a;n/a;n/a;n/a;n/a;Charcoal;Under tumulus;Mound soil;Cassen et al 1993, Tab 2, 513;n/a;Cassen et al 1993, Tab 2, 513;n/a;Yes;Aberrant for the site context
Spain;42,1136;-8,69528;525191;4662434;North;Chan de Prado 6;Tumulus;n/a;GrN-19620;6575;35;n/a;n/a;n/a;n/a;n/a;n/a;n/a;Charcoal;From tumulus;Mound;Fabregas Valcarce, Vilaseco Vazquez 2003, 293-294;Abad et al 1995;Fabregas Valcarce, Vilaseco Vazquez 2003, 293-294/Abad et al 1995;n/a;Yes;Outlier
Portugal;41,0237;-7,4417;631010;4542557;Duero basins;Carvalhal;Dolmen;n/a;GrA-5427;6730;50;n/a;n/a;n/a;n/a;n/a;n/a;n/a;Charcoal;n/a;n/a;Cruz 2003;n/a;Cruz 2003;n/a;Yes;Aberrant in the site context
Spain;42,6753;-3,7206;932624;4738289;Ebro basin;Rebolledo;Tumulus;n/a;GrN-19568;6775;30;n/a;n/a;n/a;n/a;n/a;n/a;n/a;Charcoal;Tumulus;Infratumular layer N1 and 2;Delibes de Castro, Rojo Guerra 1997 ;Delibes de Castro, Rojo Guerra 1997 ;Delibes de Castro, Rojo Guerra 1997 ;Geographic coordinates approximated;Yes;Aberrant for the regional context
Spain;42,7314437;-8,3443003;553677;4731201;North;Monte dos Escurros;Tumulus;n/a;Ua- 22223;6855;55;n/a;n/a;n/a;n/a;n/a;n/a;n/a;Charcoal;UE010;n/a;Parga, Prieto 2010;n/a;Parga, Prieto 2010;n/a;Yes;Aberrant for the regional context
Spain;43,46734005;-7,87727992;590814;4813326;North;Illade 0;Tumulus;n/a;GrN-19211;6940;200;n/a;n/a;n/a;n/a;n/a;n/a;n/a;Charcoal;n/a;n/a;Vaquero 1999;n/a;Vaquero 1999;Geographic coordinates approximated;Yes;Aberrant for the regional context
Portugal;38,1723;-7,6333;619714;4225814;South;Sobreira de Cima 1;Rock-cut-tomb, artificial cave & hypogeum;n/a;SBC 1;7113;370;n/a;n/a;n/a;n/a;n/a;n/a;n/a;Sediment (quartz);Funerary chamber. Dated by OSL;Chamber;Dias et al 2008;n/a;Dias et al 2008/Lozano Medina 2017;n/a;Yes;Aberrant for the regional context
Spain;43,46734005;-7,87727992;590814;4813326;North;Illade 0;Tumulus;n/a;GrN-19209;8208;60;n/a;n/a;n/a;n/a;n/a;n/a;n/a;Charcoal;n/a;n/a;Vaquero 1999;n/a;Vaquero 1999;Geographic coordinates approximated. ;Yes;Aberrant for the regional context
Spain;42,67327705;-3,717493601;932892;4738080;Ebro basin;Fuentepecina II;Dolmen;n/a;GrN-18668;8260;50;n/a;n/a;n/a;n/a;n/a;n/a;n/a;Charcoal;Infratumular layer /N1 and 2;n/a;Delibes de Castro, Rojo Guerra 1997;Delibes de Castro, Rojo Guerra 1997;Delibes de Castro, Rojo Guerra 1997;Geographic coordinates approximated;Yes;Aberrant for the regional context
Spain;42,7314437;-8,3443003;553677;4731201;North;Monte dos Escurros;Tumulus;n/a;CSIC- 1818;8715;48;n/a;n/a;n/a;n/a;n/a;n/a;n/a;Charcoal;last tumulation process;Mound;MaÒana, 2003;n/a;MaÒana, 2003;n/a;Yes;Aberrant for the regional context
Spain;42,7314437;-8,3443003;553677;4731201;North;Monte dos Escurros;Tumulus;n/a;Ua- 22221;8805;65;n/a;n/a;n/a;n/a;n/a;n/a;n/a;Charcoal;Lower tumulation- UE032;Mound soil;Parga, Prieto 2010;n/a;Parga, Prieto 2010;n/a;Yes;Aberrant for the regional context
